method,category,subset,family,miou,dice,pixel_acc,image
canny_watershed,edge,4130-steel,Steel,0.36470120169497794,0.5121652835819128,0.5802154541015625,4130 x 10 (1).jpg
canny_watershed,edge,4130-steel,Steel,0.30730260786776825,0.4398458476345988,0.524200439453125,4130 x 10 (10).jpg
canny_watershed,edge,4130-steel,Steel,0.29766130780705835,0.43104261653345743,0.5074920654296875,4130 x 10 (11).jpg
canny_watershed,edge,4130-steel,Steel,0.2985805285946529,0.43220313799710397,0.5085601806640625,4130 x 10 (12).jpg
canny_watershed,edge,4130-steel,Steel,0.2972532937493856,0.4263391723908841,0.5139617919921875,4130 x 10 (13).jpg
canny_watershed,edge,4130-steel,Steel,0.27961650087178097,0.39013323967454666,0.5139312744140625,4130 x 10 (14).jpg
canny_watershed,edge,4130-steel,Steel,0.30253280992101605,0.43733467147543165,0.5128631591796875,4130 x 10 (15).jpg
canny_watershed,edge,4130-steel,Steel,0.308165197184004,0.4384676177485409,0.529327392578125,4130 x 10 (16).jpg
canny_watershed,edge,4130-steel,Steel,0.28033970460815755,0.3948195555914852,0.509124755859375,4130 x 10 (17).jpg
canny_watershed,edge,4130-steel,Steel,0.312900307495598,0.4511722168148514,0.5230865478515625,4130 x 10 (18).jpg
canny_watershed,edge,4130-steel,Steel,0.3165295740555461,0.44804402410787314,0.5402984619140625,4130 x 10 (19).jpg
canny_watershed,edge,4130-steel,Steel,0.32893194933868286,0.445700430793849,0.5840301513671875,4130 x 10 (2).jpg
canny_watershed,edge,4130-steel,Steel,0.3164966433542684,0.44322088700529644,0.54833984375,4130 x 10 (20).jpg
canny_watershed,edge,4130-steel,Steel,0.3538117721754559,0.4962314188249566,0.5752105712890625,4130 x 10 (3).jpg
canny_watershed,edge,4130-steel,Steel,0.3474748641254297,0.48848435371541854,0.56903076171875,4130 x 10 (4).jpg
canny_watershed,edge,4130-steel,Steel,0.3192938957506364,0.43947586196971855,0.56353759765625,4130 x 10 (5).jpg
canny_watershed,edge,4130-steel,Steel,0.32154716802558386,0.44677192270438426,0.55865478515625,4130 x 10 (6).jpg
canny_watershed,edge,4130-steel,Steel,0.3277287976739471,0.46409994276287897,0.5488433837890625,4130 x 10 (7).jpg
canny_watershed,edge,4130-steel,Steel,0.306680759156044,0.43742714063364196,0.5262451171875,4130 x 10 (8).jpg
canny_watershed,edge,4130-steel,Steel,0.32915998656567347,0.466818031549948,0.5486907958984375,4130 x 10 (9).jpg
canny_watershed,edge,4130-steel,Steel,0.3931368647612861,0.4856843120750352,0.7174224853515625,4130 x 20 (1).jpg
canny_watershed,edge,4130-steel,Steel,0.30055618612418655,0.43051847938574933,0.517822265625,4130 x 20 (10).jpg
canny_watershed,edge,4130-steel,Steel,0.30494046505382383,0.4410523680130152,0.514434814453125,4130 x 20 (11).jpg
canny_watershed,edge,4130-steel,Steel,0.3015682218870032,0.43548204095418097,0.5128326416015625,4130 x 20 (12).jpg
canny_watershed,edge,4130-steel,Steel,0.30140518028044544,0.4369730854548299,0.5097808837890625,4130 x 20 (13).jpg
canny_watershed,edge,4130-steel,Steel,0.3009354185006171,0.43713541115860644,0.507965087890625,4130 x 20 (14).jpg
canny_watershed,edge,4130-steel,Steel,0.3085888895497223,0.4399499458471103,0.5282135009765625,4130 x 20 (15).jpg
canny_watershed,edge,4130-steel,Steel,0.30647371148655794,0.4331264484751384,0.5327301025390625,4130 x 20 (16).jpg
canny_watershed,edge,4130-steel,Steel,0.3091090874938539,0.4344172042246552,0.53912353515625,4130 x 20 (17).jpg
canny_watershed,edge,4130-steel,Steel,0.30809213570344746,0.4234060020745873,0.5536956787109375,4130 x 20 (18).jpg
canny_watershed,edge,4130-steel,Steel,0.30761561278674754,0.4294370081099582,0.5424652099609375,4130 x 20 (19).jpg
canny_watershed,edge,4130-steel,Steel,0.4100005798983164,0.5115293459350179,0.7249298095703125,4130 x 20 (2).jpg
canny_watershed,edge,4130-steel,Steel,0.3123604134583769,0.4316428145796196,0.5541229248046875,4130 x 20 (20).jpg
canny_watershed,edge,4130-steel,Steel,0.39665646076429234,0.5014268147818252,0.7015533447265625,4130 x 20 (3).jpg
canny_watershed,edge,4130-steel,Steel,0.40849552426987956,0.4902344957920313,0.7562255859375,4130 x 20 (4).jpg
canny_watershed,edge,4130-steel,Steel,0.302656651673226,0.4246049277034715,0.5343170166015625,4130 x 20 (5).jpg
canny_watershed,edge,4130-steel,Steel,0.3157239705460465,0.446111941558052,0.5409698486328125,4130 x 20 (6).jpg
canny_watershed,edge,4130-steel,Steel,0.30273861712987893,0.431444392712485,0.5233917236328125,4130 x 20 (7).jpg
canny_watershed,edge,4130-steel,Steel,0.29570443534307833,0.4197863248396707,0.5196075439453125,4130 x 20 (8).jpg
canny_watershed,edge,4130-steel,Steel,0.3013661175435091,0.4293626603549445,0.522369384765625,4130 x 20 (9).jpg
canny_watershed,edge,418-17-4ph-x20,Steel,0.3522560597165342,0.47032811167919936,0.61663818359375,x20 (1).jpg
canny_watershed,edge,418-17-4ph-x20,Steel,0.39896278935365653,0.511139616430584,0.6915283203125,x20 (10).jpg
canny_watershed,edge,418-17-4ph-x20,Steel,0.45203001035116286,0.5019401103572549,0.8649139404296875,x20 (11).jpg
canny_watershed,edge,418-17-4ph-x20,Steel,0.47331006295726924,0.5345959241384639,0.8743896484375,x20 (12).jpg
canny_watershed,edge,418-17-4ph-x20,Steel,0.46616372418177354,0.5164469137977203,0.8829193115234375,x20 (13).jpg
canny_watershed,edge,418-17-4ph-x20,Steel,0.458139542223168,0.5034086652400365,0.88006591796875,x20 (14).jpg
canny_watershed,edge,418-17-4ph-x20,Steel,0.4478218101457784,0.48674026073312354,0.87554931640625,x20 (15).jpg
canny_watershed,edge,418-17-4ph-x20,Steel,0.45218221766460276,0.5003139223833063,0.8678131103515625,x20 (16).jpg
canny_watershed,edge,418-17-4ph-x20,Steel,0.4823647134237087,0.5421293593813019,0.888153076171875,x20 (17).jpg
canny_watershed,edge,418-17-4ph-x20,Steel,0.4528346462265956,0.49970266057061213,0.8705902099609375,x20 (18).jpg
canny_watershed,edge,418-17-4ph-x20,Steel,0.45268811992117763,0.4949824074497457,0.8772125244140625,x20 (19).jpg
canny_watershed,edge,418-17-4ph-x20,Steel,0.3906541807429143,0.48977332490492614,0.7030487060546875,x20 (2).jpg
canny_watershed,edge,418-17-4ph-x20,Steel,0.29424520727450526,0.42345915254265176,0.508880615234375,x20 (20).jpg
canny_watershed,edge,418-17-4ph-x20,Steel,0.35632400780933193,0.4872222340154246,0.5999298095703125,x20 (21).jpg
canny_watershed,edge,418-17-4ph-x20,Steel,0.3908330122291247,0.47502812907246256,0.7277069091796875,x20 (3).jpg
canny_watershed,edge,418-17-4ph-x20,Steel,0.39365899433705004,0.4723673148270982,0.7403564453125,x20 (4).jpg
canny_watershed,edge,418-17-4ph-x20,Steel,0.37676377984853476,0.45574212072721665,0.715576171875,x20 (5).jpg
canny_watershed,edge,418-17-4ph-x20,Steel,0.3836050620422299,0.5073343643321429,0.650238037109375,x20 (6).jpg
canny_watershed,edge,418-17-4ph-x20,Steel,0.292401222426665,0.4072867964297494,0.5287628173828125,x20 (7).jpg
canny_watershed,edge,418-17-4ph-x20,Steel,0.3756825610217639,0.46124042827339534,0.703826904296875,x20 (8).jpg
canny_watershed,edge,418-17-4ph-x20,Steel,0.38868731223559794,0.5323121844616145,0.6185455322265625,x20 (9).jpg
canny_watershed,edge,418-17-4ph-x5,Steel,0.42802469715537006,0.463413523518775,0.8530120849609375,x5 (1).jpg
canny_watershed,edge,418-17-4ph-x5,Steel,0.432275253747146,0.46486190208605066,0.8629150390625,x5 (10).jpg
canny_watershed,edge,418-17-4ph-x5,Steel,0.4282965965998788,0.4627875513963264,0.854644775390625,x5 (11).jpg
canny_watershed,edge,418-17-4ph-x5,Steel,0.43086722551120166,0.464253343918567,0.8598175048828125,x5 (12).jpg
canny_watershed,edge,418-17-4ph-x5,Steel,0.43360991891813155,0.4660471799494206,0.8650054931640625,x5 (13).jpg
canny_watershed,edge,418-17-4ph-x5,Steel,0.4319195045159482,0.46495857512290006,0.861785888671875,x5 (14).jpg
canny_watershed,edge,418-17-4ph-x5,Steel,0.45459555738530283,0.5251990798594598,0.8353424072265625,x5 (15).jpg
canny_watershed,edge,418-17-4ph-x5,Steel,0.40793213195196354,0.45182269962700516,0.812347412109375,x5 (16).jpg
canny_watershed,edge,418-17-4ph-x5,Steel,0.4637946791497264,0.5506095353066609,0.8185577392578125,x5 (17).jpg
canny_watershed,edge,418-17-4ph-x5,Steel,0.42764800238220096,0.46282821766628984,0.8527679443359375,x5 (18).jpg
canny_watershed,edge,418-17-4ph-x5,Steel,0.42745792507729413,0.46249887132200196,0.852691650390625,x5 (19).jpg
canny_watershed,edge,418-17-4ph-x5,Steel,0.43301591784089677,0.4766212924741807,0.8483734130859375,x5 (2).jpg
canny_watershed,edge,418-17-4ph-x5,Steel,0.4278634213769925,0.4625273689397788,0.853790283203125,x5 (20).jpg
canny_watershed,edge,418-17-4ph-x5,Steel,0.43224386729683745,0.4654592097566235,0.86199951171875,x5 (21).jpg
canny_watershed,edge,418-17-4ph-x5,Steel,0.4269319314255155,0.4628847706272345,0.850677490234375,x5 (22).jpg
canny_watershed,edge,418-17-4ph-x5,Steel,0.43121539738832004,0.46609706776836385,0.8582305908203125,x5 (23).jpg
canny_watershed,edge,418-17-4ph-x5,Steel,0.4298965226477088,0.4638217422318401,0.857696533203125,x5 (24).jpg
canny_watershed,edge,418-17-4ph-x5,Steel,0.4282229629518,0.46245143010622725,0.8549041748046875,x5 (25).jpg
canny_watershed,edge,418-17-4ph-x5,Steel,0.4339739856677294,0.46727525620569915,0.86431884765625,x5 (3).jpg
canny_watershed,edge,418-17-4ph-x5,Steel,0.42332759065798553,0.4587606908318004,0.8462677001953125,x5 (4).jpg
canny_watershed,edge,418-17-4ph-x5,Steel,0.4330590587711676,0.5034069221018725,0.8077239990234375,x5 (5).jpg
canny_watershed,edge,418-17-4ph-x5,Steel,0.42009882801670034,0.45796904805001926,0.8382720947265625,x5 (6).jpg
canny_watershed,edge,418-17-4ph-x5,Steel,0.4287756881813721,0.46329430623486895,0.85528564453125,x5 (7).jpg
canny_watershed,edge,418-17-4ph-x5,Steel,0.43247503073470084,0.4642724130735236,0.864288330078125,x5 (8).jpg
canny_watershed,edge,418-17-4ph-x5,Steel,0.4300454769913533,0.46383665859134393,0.85809326171875,x5 (9).jpg
canny_watershed,edge,5884-armor-steel,Steel,0.30937318040521805,0.44950339638689474,0.5144195556640625,5884 x 10 (1).jpg
canny_watershed,edge,5884-armor-steel,Steel,0.3288365654143698,0.4687262648840136,0.5442352294921875,5884 x 10 (2).jpg
canny_watershed,edge,5884-armor-steel,Steel,0.3781709655953974,0.4992948557918748,0.647674560546875,5884 x 10 (3).jpg
canny_watershed,edge,5884-armor-steel,Steel,0.35909978390640257,0.4864149928348176,0.610260009765625,5884 x 10 (4).jpg
canny_watershed,edge,5884-armor-steel,Steel,0.3829821675157039,0.5142401806465783,0.6353912353515625,5884 x 10 (5).jpg
canny_watershed,edge,5884-armor-steel,Steel,0.3884738523361729,0.5199242756964094,0.64215087890625,5884 x 10 (6).jpg
canny_watershed,edge,5884-armor-steel,Steel,0.3600161782362321,0.42384054700383744,0.7126922607421875,5884 x 20 (1).jpg
canny_watershed,edge,5884-armor-steel,Steel,0.3489801272203021,0.41820311493987866,0.687896728515625,5884 x 20 (2).jpg
canny_watershed,edge,5884-armor-steel,Steel,0.30833484104572567,0.4468600548647559,0.515594482421875,5884 x 20 (3).jpg
canny_watershed,edge,5884-armor-steel,Steel,0.34621067966329405,0.43601315686191155,0.6532440185546875,5884 x 20 (4).jpg
canny_watershed,edge,5884-armor-steel,Steel,0.3971648248568581,0.5232539192214427,0.6634979248046875,5884 x 20 (5).jpg
canny_watershed,edge,5884-armor-steel,Steel,0.3216157665988103,0.4269767958038378,0.5909271240234375,5884 x 20 (6).jpg
canny_watershed,edge,5884-armor-steel,Steel,0.28778837724751666,0.39933848114995457,0.526214599609375,5884 x 5 (1).jpg
canny_watershed,edge,5884-armor-steel,Steel,0.3165499220173742,0.4689071258026572,0.50341796875,5884 x 5 (2).jpg
canny_watershed,edge,5884-armor-steel,Steel,0.3185241121768094,0.4466956995234446,0.549041748046875,5884 x 5 (3).jpg
canny_watershed,edge,5884-armor-steel,Steel,0.3949688196212139,0.540669273045687,0.6220245361328125,5884 x 5 (4).jpg
canny_watershed,edge,5884-armor-steel,Steel,0.3869760035087611,0.5143193616827376,0.647979736328125,5884 x 5 (5).jpg
canny_watershed,edge,5884-armor-steel,Steel,0.3595329844472527,0.49293166626779594,0.599853515625,5884 x 50 (1).jpg
canny_watershed,edge,5884-armor-steel,Steel,0.32799959464576667,0.4274687897700486,0.610137939453125,5884 x 50 (2).jpg
canny_watershed,edge,5884-armor-steel,Steel,0.2889563188960715,0.41643935255865205,0.5030517578125,5884 x 50 (3).jpg
canny_watershed,edge,5884-armor-steel,Steel,0.3128147896219249,0.45820757352801295,0.5104217529296875,5884 x 50 (4).jpg
canny_watershed,edge,6280-cast-iron-high,Cast Iron,0.3566954131029164,0.4182933844678811,0.710693359375,6280 x 20 (1).jpg
canny_watershed,edge,6280-cast-iron-high,Cast Iron,0.35987960450015555,0.4194876833106483,0.718414306640625,6280 x 20 (10).jpg
canny_watershed,edge,6280-cast-iron-high,Cast Iron,0.354270209372306,0.41699724320346726,0.7053375244140625,6280 x 20 (2).jpg
canny_watershed,edge,6280-cast-iron-high,Cast Iron,0.3580034635857771,0.4218109984483863,0.7096099853515625,6280 x 20 (3).jpg
canny_watershed,edge,6280-cast-iron-high,Cast Iron,0.3571445914014071,0.4184017629780929,0.7118682861328125,6280 x 20 (4).jpg
canny_watershed,edge,6280-cast-iron-high,Cast Iron,0.36002693293056554,0.4197654118156754,0.7184600830078125,6280 x 20 (5).jpg
canny_watershed,edge,6280-cast-iron-high,Cast Iron,0.3516673168581548,0.4141825869814892,0.701568603515625,6280 x 20 (6).jpg
canny_watershed,edge,6280-cast-iron-high,Cast Iron,0.3563684139386996,0.4173852417960548,0.71099853515625,6280 x 20 (7).jpg
canny_watershed,edge,6280-cast-iron-high,Cast Iron,0.35465084036647515,0.41636338915799975,0.7073516845703125,6280 x 20 (8).jpg
canny_watershed,edge,6280-cast-iron-high,Cast Iron,0.35908925632932187,0.41981893612186444,0.7156219482421875,6280 x 20 (9).jpg
canny_watershed,edge,6280-cast-iron-low,Cast Iron,0.19971211775120348,0.30738419169313647,0.4268951416015625,6280 x 10 (1).jpg
canny_watershed,edge,6280-cast-iron-low,Cast Iron,0.2513741161771638,0.36698571843133193,0.4921112060546875,6280 x 10 (10).jpg
canny_watershed,edge,6280-cast-iron-low,Cast Iron,0.2339215355781429,0.36205917105051716,0.450897216796875,6280 x 10 (11).jpg
canny_watershed,edge,6280-cast-iron-low,Cast Iron,0.20469561888105747,0.31313505108319384,0.4363250732421875,6280 x 10 (2).jpg
canny_watershed,edge,6280-cast-iron-low,Cast Iron,0.24402011355233777,0.35949378813013927,0.4783935546875,6280 x 10 (3).jpg
canny_watershed,edge,6280-cast-iron-low,Cast Iron,0.24890485808278107,0.3648960912714804,0.48858642578125,6280 x 10 (4).jpg
canny_watershed,edge,6280-cast-iron-low,Cast Iron,0.21904725196082606,0.34369561193323794,0.42242431640625,6280 x 10 (5).jpg
canny_watershed,edge,6280-cast-iron-low,Cast Iron,0.1995813079904021,0.30668010320983136,0.42822265625,6280 x 10 (6).jpg
canny_watershed,edge,6280-cast-iron-low,Cast Iron,0.20522335176564022,0.3188665690032583,0.4192962646484375,6280 x 10 (7).jpg
canny_watershed,edge,6280-cast-iron-low,Cast Iron,0.2006896056094137,0.3083243383843289,0.4274749755859375,6280 x 10 (8).jpg
canny_watershed,edge,6280-cast-iron-low,Cast Iron,0.24411626425479663,0.36909077418096453,0.4649810791015625,6280 x 10 (9).jpg
felzenszwalb_cluster,contour_region,4130-steel,Steel,0.2818881460679009,0.3621737361247839,0.5615081787109375,4130 x 10 (1).jpg
felzenszwalb_cluster,contour_region,4130-steel,Steel,0.26880426790473677,0.3667563558315327,0.5136566162109375,4130 x 10 (10).jpg
felzenszwalb_cluster,contour_region,4130-steel,Steel,0.27956945221047275,0.37513776256088394,0.5359344482421875,4130 x 10 (11).jpg
felzenszwalb_cluster,contour_region,4130-steel,Steel,0.27965302398237274,0.37718844538761753,0.533233642578125,4130 x 10 (12).jpg
felzenszwalb_cluster,contour_region,4130-steel,Steel,0.273227530263508,0.3707573122828742,0.5220489501953125,4130 x 10 (13).jpg
felzenszwalb_cluster,contour_region,4130-steel,Steel,0.29729880916378193,0.3929739717713127,0.566009521484375,4130 x 10 (14).jpg
felzenszwalb_cluster,contour_region,4130-steel,Steel,0.28077111360765017,0.3783245590595741,0.5351409912109375,4130 x 10 (15).jpg
felzenszwalb_cluster,contour_region,4130-steel,Steel,0.26354579866593386,0.36212643814705264,0.50341796875,4130 x 10 (16).jpg
felzenszwalb_cluster,contour_region,4130-steel,Steel,0.29748245804103385,0.39349128633361896,0.565826416015625,4130 x 10 (17).jpg
felzenszwalb_cluster,contour_region,4130-steel,Steel,0.2747864701410847,0.3718171009809665,0.5254974365234375,4130 x 10 (18).jpg
felzenszwalb_cluster,contour_region,4130-steel,Steel,0.2575898361080552,0.34335946086330144,0.5106201171875,4130 x 10 (19).jpg
felzenszwalb_cluster,contour_region,4130-steel,Steel,0.3002470637357522,0.38198075854054986,0.591033935546875,4130 x 10 (2).jpg
felzenszwalb_cluster,contour_region,4130-steel,Steel,0.27232703495693406,0.35478401770862944,0.5416717529296875,4130 x 10 (20).jpg
felzenszwalb_cluster,contour_region,4130-steel,Steel,0.29384141280059567,0.3743310822979785,0.5818939208984375,4130 x 10 (3).jpg
felzenszwalb_cluster,contour_region,4130-steel,Steel,0.29606824948069116,0.37850692152136456,0.5829620361328125,4130 x 10 (4).jpg
felzenszwalb_cluster,contour_region,4130-steel,Steel,0.2882169050040023,0.37139588083301106,0.5684814453125,4130 x 10 (5).jpg
felzenszwalb_cluster,contour_region,4130-steel,Steel,0.2775357844996385,0.36068295634907405,0.5499267578125,4130 x 10 (6).jpg
felzenszwalb_cluster,contour_region,4130-steel,Steel,0.2654221417892638,0.3489613261632127,0.5278472900390625,4130 x 10 (7).jpg
felzenszwalb_cluster,contour_region,4130-steel,Steel,0.26503970334288657,0.3628580991290921,0.507171630859375,4130 x 10 (8).jpg
felzenszwalb_cluster,contour_region,4130-steel,Steel,0.26647352144263975,0.3503215211736233,0.5293121337890625,4130 x 10 (9).jpg
felzenszwalb_cluster,contour_region,4130-steel,Steel,0.37443140466940206,0.5414415623442057,0.5522918701171875,4130 x 20 (1).jpg
felzenszwalb_cluster,contour_region,4130-steel,Steel,0.26727773897178086,0.3625490396950894,0.5147857666015625,4130 x 20 (10).jpg
felzenszwalb_cluster,contour_region,4130-steel,Steel,0.2842854980891007,0.37987107923960517,0.5440521240234375,4130 x 20 (11).jpg
felzenszwalb_cluster,contour_region,4130-steel,Steel,0.2747934056396801,0.3692713070222655,0.5291748046875,4130 x 20 (12).jpg
felzenszwalb_cluster,contour_region,4130-steel,Steel,0.2831136585561703,0.3769427130529683,0.5445709228515625,4130 x 20 (13).jpg
felzenszwalb_cluster,contour_region,4130-steel,Steel,0.2837435020145131,0.3780507949106445,0.5449676513671875,4130 x 20 (14).jpg
felzenszwalb_cluster,contour_region,4130-steel,Steel,0.2600335166706449,0.35599485723437635,0.5008544921875,4130 x 20 (15).jpg
felzenszwalb_cluster,contour_region,4130-steel,Steel,0.2660624982867959,0.34888164975222297,0.5299835205078125,4130 x 20 (16).jpg
felzenszwalb_cluster,contour_region,4130-steel,Steel,0.2683570973147432,0.3516058788272046,0.53350830078125,4130 x 20 (17).jpg
felzenszwalb_cluster,contour_region,4130-steel,Steel,0.28395903079871354,0.3642095205200018,0.5651702880859375,4130 x 20 (18).jpg
felzenszwalb_cluster,contour_region,4130-steel,Steel,0.2792824736894431,0.360186594832238,0.55609130859375,4130 x 20 (19).jpg
felzenszwalb_cluster,contour_region,4130-steel,Steel,0.3405323138186984,0.5063675077979772,0.511474609375,4130 x 20 (2).jpg
felzenszwalb_cluster,contour_region,4130-steel,Steel,0.2795064811791236,0.3606297002526139,0.556182861328125,4130 x 20 (20).jpg
felzenszwalb_cluster,contour_region,4130-steel,Steel,0.3627440251680209,0.4214776698126017,0.72406005859375,4130 x 20 (3).jpg
felzenszwalb_cluster,contour_region,4130-steel,Steel,0.4091078030447464,0.45392893324473704,0.812744140625,4130 x 20 (4).jpg
felzenszwalb_cluster,contour_region,4130-steel,Steel,0.2665491776294053,0.3511179387201583,0.5284576416015625,4130 x 20 (5).jpg
felzenszwalb_cluster,contour_region,4130-steel,Steel,0.25965430622796476,0.34421974488373813,0.516021728515625,4130 x 20 (6).jpg
felzenszwalb_cluster,contour_region,4130-steel,Steel,0.25225902314010346,0.33677828782032304,0.5025634765625,4130 x 20 (7).jpg
felzenszwalb_cluster,contour_region,4130-steel,Steel,0.2635794174834804,0.3472358896387461,0.5243682861328125,4130 x 20 (8).jpg
felzenszwalb_cluster,contour_region,4130-steel,Steel,0.2589653243742836,0.343094288098622,0.5153656005859375,4130 x 20 (9).jpg
felzenszwalb_cluster,contour_region,418-17-4ph-x20,Steel,0.3542516568671652,0.4540174007118919,0.6498260498046875,x20 (1).jpg
felzenszwalb_cluster,contour_region,418-17-4ph-x20,Steel,0.40241208785573634,0.49465728206204973,0.7306671142578125,x20 (10).jpg
felzenszwalb_cluster,contour_region,418-17-4ph-x20,Steel,0.46817483378285585,0.48425561316761573,0.9354095458984375,x20 (11).jpg
felzenszwalb_cluster,contour_region,418-17-4ph-x20,Steel,0.47229568254180054,0.48692962134233,0.9429931640625,x20 (12).jpg
felzenszwalb_cluster,contour_region,418-17-4ph-x20,Steel,0.424471107394805,0.47470061358358506,0.8268280029296875,x20 (13).jpg
felzenszwalb_cluster,contour_region,418-17-4ph-x20,Steel,0.47083631273232435,0.48715846076234703,0.9387054443359375,x20 (14).jpg
felzenszwalb_cluster,contour_region,418-17-4ph-x20,Steel,0.47378676256598345,0.49359869707353055,0.9378814697265625,x20 (15).jpg
felzenszwalb_cluster,contour_region,418-17-4ph-x20,Steel,0.46906858833122683,0.4856067190293897,0.936004638671875,x20 (16).jpg
felzenszwalb_cluster,contour_region,418-17-4ph-x20,Steel,0.47819685091688136,0.4939010169734554,0.9495086669921875,x20 (17).jpg
felzenszwalb_cluster,contour_region,418-17-4ph-x20,Steel,0.4747491543583697,0.4895303146310036,0.9461212158203125,x20 (18).jpg
felzenszwalb_cluster,contour_region,418-17-4ph-x20,Steel,0.4791776009590583,0.4927435125713799,0.953765869140625,x20 (19).jpg
felzenszwalb_cluster,contour_region,418-17-4ph-x20,Steel,0.42342322417366424,0.510160559092736,0.76800537109375,x20 (2).jpg
felzenszwalb_cluster,contour_region,418-17-4ph-x20,Steel,0.2758889789548403,0.38876079655404316,0.50396728515625,x20 (20).jpg
felzenszwalb_cluster,contour_region,418-17-4ph-x20,Steel,0.2802109614096505,0.3657749716487725,0.5512542724609375,x20 (21).jpg
felzenszwalb_cluster,contour_region,418-17-4ph-x20,Steel,0.4876597858837901,0.5860495438433895,0.823638916015625,x20 (3).jpg
felzenszwalb_cluster,contour_region,418-17-4ph-x20,Steel,0.49054715189628,0.5830131452075165,0.8385467529296875,x20 (4).jpg
felzenszwalb_cluster,contour_region,418-17-4ph-x20,Steel,0.4773831165742768,0.5733077070899313,0.8172149658203125,x20 (5).jpg
felzenszwalb_cluster,contour_region,418-17-4ph-x20,Steel,0.36405111310129895,0.4640618487239649,0.6638641357421875,x20 (6).jpg
felzenszwalb_cluster,contour_region,418-17-4ph-x20,Steel,0.33094357031626254,0.44643629286810266,0.589202880859375,x20 (7).jpg
felzenszwalb_cluster,contour_region,418-17-4ph-x20,Steel,0.4554407848154269,0.5497875384157437,0.7947845458984375,x20 (8).jpg
felzenszwalb_cluster,contour_region,418-17-4ph-x20,Steel,0.3007654286529543,0.40676172213971146,0.556304931640625,x20 (9).jpg
felzenszwalb_cluster,contour_region,418-17-4ph-x5,Steel,0.7145709252834176,0.8078424307932505,0.967193603515625,x5 (1).jpg
felzenszwalb_cluster,contour_region,418-17-4ph-x5,Steel,0.6938672505281833,0.7875330469644208,0.9686431884765625,x5 (10).jpg
felzenszwalb_cluster,contour_region,418-17-4ph-x5,Steel,0.7001536603586557,0.7932260355795029,0.970703125,x5 (11).jpg
felzenszwalb_cluster,contour_region,418-17-4ph-x5,Steel,0.6742086953907385,0.7703130501425924,0.95819091796875,x5 (12).jpg
felzenszwalb_cluster,contour_region,418-17-4ph-x5,Steel,0.6686489000558781,0.7616184680909639,0.968414306640625,x5 (13).jpg
felzenszwalb_cluster,contour_region,418-17-4ph-x5,Steel,0.7458166757581468,0.8342041561044266,0.9762420654296875,x5 (14).jpg
felzenszwalb_cluster,contour_region,418-17-4ph-x5,Steel,0.7746342229214151,0.8628498460560232,0.9470672607421875,x5 (15).jpg
felzenszwalb_cluster,contour_region,418-17-4ph-x5,Steel,0.7379338222513185,0.8337118202920059,0.9423980712890625,x5 (16).jpg
felzenszwalb_cluster,contour_region,418-17-4ph-x5,Steel,0.8666935850391486,0.925631793177698,0.96832275390625,x5 (17).jpg
felzenszwalb_cluster,contour_region,418-17-4ph-x5,Steel,0.6922323161239418,0.7871474434660071,0.96368408203125,x5 (18).jpg
felzenszwalb_cluster,contour_region,418-17-4ph-x5,Steel,0.7285901975311062,0.8194461380531395,0.9733734130859375,x5 (19).jpg
felzenszwalb_cluster,contour_region,418-17-4ph-x5,Steel,0.7839532279219468,0.8664454089405323,0.97210693359375,x5 (2).jpg
felzenszwalb_cluster,contour_region,418-17-4ph-x5,Steel,0.646665620366003,0.7442755833113104,0.9463348388671875,x5 (20).jpg
felzenszwalb_cluster,contour_region,418-17-4ph-x5,Steel,0.6712030899892172,0.766080159970671,0.962188720703125,x5 (21).jpg
felzenszwalb_cluster,contour_region,418-17-4ph-x5,Steel,0.6916699445338138,0.7861501033973962,0.9654388427734375,x5 (22).jpg
felzenszwalb_cluster,contour_region,418-17-4ph-x5,Steel,0.7060710069022668,0.7988638701993528,0.971160888671875,x5 (23).jpg
felzenszwalb_cluster,contour_region,418-17-4ph-x5,Steel,0.7176439921879755,0.8094114012272473,0.9730987548828125,x5 (24).jpg
felzenszwalb_cluster,contour_region,418-17-4ph-x5,Steel,0.7002525858575733,0.7943089655696178,0.96661376953125,x5 (25).jpg
felzenszwalb_cluster,contour_region,418-17-4ph-x5,Steel,0.720350559670237,0.8108024579704414,0.978271484375,x5 (3).jpg
felzenszwalb_cluster,contour_region,418-17-4ph-x5,Steel,0.6824531226724293,0.7805762653714292,0.9510955810546875,x5 (4).jpg
felzenszwalb_cluster,contour_region,418-17-4ph-x5,Steel,0.8643367866114102,0.9240804607426336,0.96875,x5 (5).jpg
felzenszwalb_cluster,contour_region,418-17-4ph-x5,Steel,0.7692016114884028,0.8556445440781839,0.965850830078125,x5 (6).jpg
felzenszwalb_cluster,contour_region,418-17-4ph-x5,Steel,0.6745955609126473,0.7706391511294032,0.958465576171875,x5 (7).jpg
felzenszwalb_cluster,contour_region,418-17-4ph-x5,Steel,0.6883953399776466,0.7821874515820257,0.9681243896484375,x5 (8).jpg
felzenszwalb_cluster,contour_region,418-17-4ph-x5,Steel,0.7342166218534161,0.8244619272212685,0.973663330078125,x5 (9).jpg
felzenszwalb_cluster,contour_region,5884-armor-steel,Steel,0.5359963139995552,0.6901864601124326,0.7228546142578125,5884 x 10 (1).jpg
felzenszwalb_cluster,contour_region,5884-armor-steel,Steel,0.5270540446561438,0.6856929819540647,0.7049102783203125,5884 x 10 (2).jpg
felzenszwalb_cluster,contour_region,5884-armor-steel,Steel,0.42597958798529845,0.5974359427272855,0.597503662109375,5884 x 10 (3).jpg
felzenszwalb_cluster,contour_region,5884-armor-steel,Steel,0.5604130725939653,0.7181407092023473,0.71881103515625,5884 x 10 (4).jpg
felzenszwalb_cluster,contour_region,5884-armor-steel,Steel,0.554154006196812,0.7127907319021234,0.71429443359375,5884 x 10 (5).jpg
felzenszwalb_cluster,contour_region,5884-armor-steel,Steel,0.30678782071780697,0.38259492375229914,0.6103363037109375,5884 x 10 (6).jpg
felzenszwalb_cluster,contour_region,5884-armor-steel,Steel,0.5009769195769767,0.597884175856535,0.8407440185546875,5884 x 20 (1).jpg
felzenszwalb_cluster,contour_region,5884-armor-steel,Steel,0.6506918418883015,0.7679364960016775,0.8765106201171875,5884 x 20 (2).jpg
felzenszwalb_cluster,contour_region,5884-armor-steel,Steel,0.7056042847393404,0.827105297942716,0.829071044921875,5884 x 20 (3).jpg
felzenszwalb_cluster,contour_region,5884-armor-steel,Steel,0.6168182391279498,0.7445296908641847,0.8353118896484375,5884 x 20 (4).jpg
felzenszwalb_cluster,contour_region,5884-armor-steel,Steel,0.593855358040023,0.7302529585442772,0.8005218505859375,5884 x 20 (5).jpg
felzenszwalb_cluster,contour_region,5884-armor-steel,Steel,0.3655134349444756,0.45943725463034113,0.67578125,5884 x 20 (6).jpg
felzenszwalb_cluster,contour_region,5884-armor-steel,Steel,0.380716195893273,0.5146753536532025,0.6273040771484375,5884 x 5 (1).jpg
felzenszwalb_cluster,contour_region,5884-armor-steel,Steel,0.5231780382198952,0.6804182179406418,0.7074127197265625,5884 x 5 (2).jpg
felzenszwalb_cluster,contour_region,5884-armor-steel,Steel,0.6052986344619733,0.7497552979115205,0.7715911865234375,5884 x 5 (3).jpg
felzenszwalb_cluster,contour_region,5884-armor-steel,Steel,0.6797764340198293,0.8084756866972016,0.8140106201171875,5884 x 5 (4).jpg
felzenszwalb_cluster,contour_region,5884-armor-steel,Steel,0.5731286878083813,0.7143825201340713,0.778594970703125,5884 x 5 (5).jpg
felzenszwalb_cluster,contour_region,5884-armor-steel,Steel,0.329632568516005,0.4764971649449341,0.532745361328125,5884 x 50 (1).jpg
felzenszwalb_cluster,contour_region,5884-armor-steel,Steel,0.33165800368041676,0.4028416941283181,0.65765380859375,5884 x 50 (2).jpg
felzenszwalb_cluster,contour_region,5884-armor-steel,Steel,0.5799187982204841,0.7312737285481332,0.7446746826171875,5884 x 50 (3).jpg
felzenszwalb_cluster,contour_region,5884-armor-steel,Steel,0.48731859786231785,0.65320067210077,0.661346435546875,5884 x 50 (4).jpg
felzenszwalb_cluster,contour_region,6280-cast-iron-high,Cast Iron,0.5396361672400575,0.6534550240367138,0.838165283203125,6280 x 20 (1).jpg
felzenszwalb_cluster,contour_region,6280-cast-iron-high,Cast Iron,0.5191136352430555,0.6272820646249332,0.8341217041015625,6280 x 20 (10).jpg
felzenszwalb_cluster,contour_region,6280-cast-iron-high,Cast Iron,0.4785884982647163,0.5784279067252858,0.8108673095703125,6280 x 20 (2).jpg
felzenszwalb_cluster,contour_region,6280-cast-iron-high,Cast Iron,0.5158462041325549,0.6303103373348947,0.816650390625,6280 x 20 (3).jpg
felzenszwalb_cluster,contour_region,6280-cast-iron-high,Cast Iron,0.5331634960667904,0.6448100376869121,0.8382415771484375,6280 x 20 (4).jpg
felzenszwalb_cluster,contour_region,6280-cast-iron-high,Cast Iron,0.48211701502849547,0.5767343254169335,0.825042724609375,6280 x 20 (5).jpg
felzenszwalb_cluster,contour_region,6280-cast-iron-high,Cast Iron,0.5293541908521509,0.6408987590066824,0.8352813720703125,6280 x 20 (6).jpg
felzenszwalb_cluster,contour_region,6280-cast-iron-high,Cast Iron,0.4885367026486282,0.585587069730833,0.8272705078125,6280 x 20 (7).jpg
felzenszwalb_cluster,contour_region,6280-cast-iron-high,Cast Iron,0.5473909809180207,0.662727612310531,0.8402557373046875,6280 x 20 (8).jpg
felzenszwalb_cluster,contour_region,6280-cast-iron-high,Cast Iron,0.4871776230904053,0.5795058311588843,0.835113525390625,6280 x 20 (9).jpg
felzenszwalb_cluster,contour_region,6280-cast-iron-low,Cast Iron,0.2987540015007987,0.44046248002931376,0.54510498046875,6280 x 10 (1).jpg
felzenszwalb_cluster,contour_region,6280-cast-iron-low,Cast Iron,0.22809481091275643,0.35024259736774993,0.467132568359375,6280 x 10 (10).jpg
felzenszwalb_cluster,contour_region,6280-cast-iron-low,Cast Iron,0.22095800207399194,0.320317182981485,0.482696533203125,6280 x 10 (11).jpg
felzenszwalb_cluster,contour_region,6280-cast-iron-low,Cast Iron,0.3993320005366461,0.5495655280704603,0.6557159423828125,6280 x 10 (2).jpg
felzenszwalb_cluster,contour_region,6280-cast-iron-low,Cast Iron,0.27347495337600275,0.3985245361208656,0.5501251220703125,6280 x 10 (3).jpg
felzenszwalb_cluster,contour_region,6280-cast-iron-low,Cast Iron,0.3073269147720648,0.4500431828530853,0.5674285888671875,6280 x 10 (4).jpg
felzenszwalb_cluster,contour_region,6280-cast-iron-low,Cast Iron,0.22936173850563576,0.3460783892207024,0.481536865234375,6280 x 10 (5).jpg
felzenszwalb_cluster,contour_region,6280-cast-iron-low,Cast Iron,0.4058053864271585,0.5595459634281227,0.6509552001953125,6280 x 10 (6).jpg
felzenszwalb_cluster,contour_region,6280-cast-iron-low,Cast Iron,0.3251483785022565,0.4772232309381644,0.55535888671875,6280 x 10 (7).jpg
felzenszwalb_cluster,contour_region,6280-cast-iron-low,Cast Iron,0.3536664243617951,0.5023384618756724,0.6114959716796875,6280 x 10 (8).jpg
felzenszwalb_cluster,contour_region,6280-cast-iron-low,Cast Iron,0.354974231937948,0.5089766522670783,0.5937652587890625,6280 x 10 (9).jpg
gabor_kmeans,texture,4130-steel,Steel,0.6780429730196847,0.808135299451734,0.808135986328125,4130 x 10 (1).jpg
gabor_kmeans,texture,4130-steel,Steel,0.6908094931685675,0.8168012356848073,0.8189544677734375,4130 x 10 (10).jpg
gabor_kmeans,texture,4130-steel,Steel,0.6626817792330865,0.7963231670921942,0.801055908203125,4130 x 10 (11).jpg
gabor_kmeans,texture,4130-steel,Steel,0.6837766692423517,0.8116045554657438,0.8153228759765625,4130 x 10 (12).jpg
gabor_kmeans,texture,4130-steel,Steel,0.6449998799528673,0.7836132137701105,0.7868804931640625,4130 x 10 (13).jpg
gabor_kmeans,texture,4130-steel,Steel,0.6962995411257777,0.8199177542348599,0.8267669677734375,4130 x 10 (14).jpg
gabor_kmeans,texture,4130-steel,Steel,0.6404376206297997,0.7800020051808663,0.7845001220703125,4130 x 10 (15).jpg
gabor_kmeans,texture,4130-steel,Steel,0.619345041653447,0.7646297687336743,0.7662200927734375,4130 x 10 (16).jpg
gabor_kmeans,texture,4130-steel,Steel,0.7065120999543477,0.8270584216311716,0.8335723876953125,4130 x 10 (17).jpg
gabor_kmeans,texture,4130-steel,Steel,0.6696712817215289,0.8016155205155815,0.804901123046875,4130 x 10 (18).jpg
gabor_kmeans,texture,4130-steel,Steel,0.6475275393951712,0.7858905501167359,0.7868499755859375,4130 x 10 (19).jpg
gabor_kmeans,texture,4130-steel,Steel,0.4661470405745112,0.6357250072006405,0.6363067626953125,4130 x 10 (2).jpg
gabor_kmeans,texture,4130-steel,Steel,0.6404885699939529,0.7807836022351811,0.781158447265625,4130 x 10 (20).jpg
gabor_kmeans,texture,4130-steel,Steel,0.4759686082763419,0.644854360577169,0.6452484130859375,4130 x 10 (3).jpg
gabor_kmeans,texture,4130-steel,Steel,0.47458131962870265,0.6435925076675055,0.6439361572265625,4130 x 10 (4).jpg
gabor_kmeans,texture,4130-steel,Steel,0.4549049004928218,0.6253354908171408,0.6253509521484375,4130 x 10 (5).jpg
gabor_kmeans,texture,4130-steel,Steel,0.6308482912563005,0.7736290124286317,0.773712158203125,4130 x 10 (6).jpg
gabor_kmeans,texture,4130-steel,Steel,0.6657574418953881,0.7992741696849788,0.7996978759765625,4130 x 10 (7).jpg
gabor_kmeans,texture,4130-steel,Steel,0.6822384077152466,0.810804070687212,0.812713623046875,4130 x 10 (8).jpg
gabor_kmeans,texture,4130-steel,Steel,0.6656829189137109,0.7992372251960819,0.799560546875,4130 x 10 (9).jpg
gabor_kmeans,texture,4130-steel,Steel,0.4381847602344964,0.6038813096389675,0.6231842041015625,4130 x 20 (1).jpg
gabor_kmeans,texture,4130-steel,Steel,0.7132958714120973,0.8322475990532612,0.835113525390625,4130 x 20 (10).jpg
gabor_kmeans,texture,4130-steel,Steel,0.7024577383201349,0.8243194135703287,0.8303985595703125,4130 x 20 (11).jpg
gabor_kmeans,texture,4130-steel,Steel,0.7181516309330724,0.8354370157545281,0.8391265869140625,4130 x 20 (12).jpg
gabor_kmeans,texture,4130-steel,Steel,0.7345706961568026,0.8464015178138883,0.8507232666015625,4130 x 20 (13).jpg
gabor_kmeans,texture,4130-steel,Steel,0.720514911680096,0.8368906738293078,0.841644287109375,4130 x 20 (14).jpg
gabor_kmeans,texture,4130-steel,Steel,0.6734658558441862,0.8044916530605094,0.8068389892578125,4130 x 20 (15).jpg
gabor_kmeans,texture,4130-steel,Steel,0.6377753541735888,0.7786776012577639,0.7795257568359375,4130 x 20 (16).jpg
gabor_kmeans,texture,4130-steel,Steel,0.646858809342028,0.7854158842254104,0.7862701416015625,4130 x 20 (17).jpg
gabor_kmeans,texture,4130-steel,Steel,0.667939141740299,0.8009148667265571,0.8009185791015625,4130 x 20 (18).jpg
gabor_kmeans,texture,4130-steel,Steel,0.6682485593273545,0.8011359779460063,0.8011474609375,4130 x 20 (19).jpg
gabor_kmeans,texture,4130-steel,Steel,0.4097768130427456,0.5769749453409605,0.591644287109375,4130 x 20 (2).jpg
gabor_kmeans,texture,4130-steel,Steel,0.6475412016086534,0.7860530691122034,0.7861480712890625,4130 x 20 (20).jpg
gabor_kmeans,texture,4130-steel,Steel,0.4385238963484389,0.607206874280267,0.615997314453125,4130 x 20 (3).jpg
gabor_kmeans,texture,4130-steel,Steel,0.3445948178517796,0.5017468933238416,0.534271240234375,4130 x 20 (4).jpg
gabor_kmeans,texture,4130-steel,Steel,0.6215402493129736,0.7662702816975847,0.768035888671875,4130 x 20 (5).jpg
gabor_kmeans,texture,4130-steel,Steel,0.6791204166089044,0.808687336812427,0.8100128173828125,4130 x 20 (6).jpg
gabor_kmeans,texture,4130-steel,Steel,0.6900213118969822,0.8163014964211384,0.818115234375,4130 x 20 (7).jpg
gabor_kmeans,texture,4130-steel,Steel,0.6717265311006584,0.8034696350151157,0.8044586181640625,4130 x 20 (8).jpg
gabor_kmeans,texture,4130-steel,Steel,0.6644570807083439,0.7981402472012747,0.7997283935546875,4130 x 20 (9).jpg
gabor_kmeans,texture,418-17-4ph-x20,Steel,0.35263178399191747,0.451561988147354,0.64874267578125,x20 (1).jpg
gabor_kmeans,texture,418-17-4ph-x20,Steel,0.4093693724238795,0.5055772832559232,0.7333221435546875,x20 (10).jpg
gabor_kmeans,texture,418-17-4ph-x20,Steel,0.46886401932148425,0.48463814688845613,0.936767578125,x20 (11).jpg
gabor_kmeans,texture,418-17-4ph-x20,Steel,0.47177432271529457,0.4873657012011242,0.94097900390625,x20 (12).jpg
gabor_kmeans,texture,418-17-4ph-x20,Steel,0.4742504260228545,0.49188346739820804,0.9415283203125,x20 (13).jpg
gabor_kmeans,texture,418-17-4ph-x20,Steel,0.478490434062929,0.49119857828069885,0.954010009765625,x20 (14).jpg
gabor_kmeans,texture,418-17-4ph-x20,Steel,0.48054709222951875,0.4949556938900341,0.9544525146484375,x20 (15).jpg
gabor_kmeans,texture,418-17-4ph-x20,Steel,0.4681625727852846,0.48508126484938163,0.9342498779296875,x20 (16).jpg
gabor_kmeans,texture,418-17-4ph-x20,Steel,0.47869360829450164,0.49132316114363017,0.9543914794921875,x20 (17).jpg
gabor_kmeans,texture,418-17-4ph-x20,Steel,0.47430243265076444,0.4890650491571826,0.9455413818359375,x20 (18).jpg
gabor_kmeans,texture,418-17-4ph-x20,Steel,0.47751791648356207,0.49166689637241595,0.9507293701171875,x20 (19).jpg
gabor_kmeans,texture,418-17-4ph-x20,Steel,0.435544334477986,0.5286343899244489,0.7726287841796875,x20 (2).jpg
gabor_kmeans,texture,418-17-4ph-x20,Steel,0.25272740967504426,0.3379143500631584,0.5025177001953125,x20 (20).jpg
gabor_kmeans,texture,418-17-4ph-x20,Steel,0.2780881020673879,0.359772803334033,0.55291748046875,x20 (21).jpg
gabor_kmeans,texture,418-17-4ph-x20,Steel,0.4706639290447719,0.5613475395641226,0.8195343017578125,x20 (3).jpg
gabor_kmeans,texture,418-17-4ph-x20,Steel,0.48695778296764236,0.5778334833128979,0.8376922607421875,x20 (4).jpg
gabor_kmeans,texture,418-17-4ph-x20,Steel,0.46343012900858366,0.5530840709015644,0.8129425048828125,x20 (5).jpg
gabor_kmeans,texture,418-17-4ph-x20,Steel,0.3582839252632326,0.4549647677842453,0.660736083984375,x20 (6).jpg
gabor_kmeans,texture,418-17-4ph-x20,Steel,0.3264582393259796,0.43956950615307755,0.586181640625,x20 (7).jpg
gabor_kmeans,texture,418-17-4ph-x20,Steel,0.4473548872218074,0.5372267762474057,0.7930755615234375,x20 (8).jpg
gabor_kmeans,texture,418-17-4ph-x20,Steel,0.29857737996172157,0.4034326519190691,0.5544281005859375,x20 (9).jpg
gabor_kmeans,texture,418-17-4ph-x5,Steel,0.6809034025053062,0.7767163410939519,0.9599609375,x5 (1).jpg
gabor_kmeans,texture,418-17-4ph-x5,Steel,0.6846593569088149,0.7788475792418845,0.9664154052734375,x5 (10).jpg
gabor_kmeans,texture,418-17-4ph-x5,Steel,0.6765561885269272,0.7720805389276573,0.96063232421875,x5 (11).jpg
gabor_kmeans,texture,418-17-4ph-x5,Steel,0.706911927565723,0.8004865460168531,0.9676666259765625,x5 (12).jpg
gabor_kmeans,texture,418-17-4ph-x5,Steel,0.688818477400222,0.7820685443295676,0.970245361328125,x5 (13).jpg
gabor_kmeans,texture,418-17-4ph-x5,Steel,0.7041158991274025,0.7973798054107158,0.969451904296875,x5 (14).jpg
gabor_kmeans,texture,418-17-4ph-x5,Steel,0.8125295998730362,0.8895838086285079,0.9598388671875,x5 (15).jpg
gabor_kmeans,texture,418-17-4ph-x5,Steel,0.7534223817688455,0.8449718735454246,0.9522705078125,x5 (16).jpg
gabor_kmeans,texture,418-17-4ph-x5,Steel,0.8219358925905973,0.8969368341475427,0.9539794921875,x5 (17).jpg
gabor_kmeans,texture,418-17-4ph-x5,Steel,0.6674063615079499,0.7635583464154893,0.9569091796875,x5 (18).jpg
gabor_kmeans,texture,418-17-4ph-x5,Steel,0.6945153464858198,0.7893208902153299,0.964019775390625,x5 (19).jpg
gabor_kmeans,texture,418-17-4ph-x5,Steel,0.756134650215627,0.8448718837082598,0.965972900390625,x5 (2).jpg
gabor_kmeans,texture,418-17-4ph-x5,Steel,0.682142726443476,0.7773816298711433,0.9622344970703125,x5 (20).jpg
gabor_kmeans,texture,418-17-4ph-x5,Steel,0.6791288562317255,0.7734138467285188,0.965545654296875,x5 (21).jpg
gabor_kmeans,texture,418-17-4ph-x5,Steel,0.6595974450681136,0.7562118542963654,0.9535369873046875,x5 (22).jpg
gabor_kmeans,texture,418-17-4ph-x5,Steel,0.6667864014677571,0.7618915070911325,0.9604949951171875,x5 (23).jpg
gabor_kmeans,texture,418-17-4ph-x5,Steel,0.6690979958900689,0.7642303455450776,0.96087646484375,x5 (24).jpg
gabor_kmeans,texture,418-17-4ph-x5,Steel,0.6845198931096418,0.7796433880463869,0.9628143310546875,x5 (25).jpg
gabor_kmeans,texture,418-17-4ph-x5,Steel,0.6976554805537933,0.7908992830142687,0.970184326171875,x5 (3).jpg
gabor_kmeans,texture,418-17-4ph-x5,Steel,0.8326211617745498,0.9016228319241804,0.9802703857421875,x5 (4).jpg
gabor_kmeans,texture,418-17-4ph-x5,Steel,0.9007332003772859,0.9461579152135589,0.9777984619140625,x5 (5).jpg
gabor_kmeans,texture,418-17-4ph-x5,Steel,0.7604383548509972,0.8486566248558038,0.9647674560546875,x5 (6).jpg
gabor_kmeans,texture,418-17-4ph-x5,Steel,0.6876961062244005,0.7828589113778396,0.9627532958984375,x5 (7).jpg
gabor_kmeans,texture,418-17-4ph-x5,Steel,0.6857753858653868,0.7794800117882271,0.9683380126953125,x5 (8).jpg
gabor_kmeans,texture,418-17-4ph-x5,Steel,0.7121198379323411,0.8051204410059917,0.96905517578125,x5 (9).jpg
gabor_kmeans,texture,5884-armor-steel,Steel,0.6248407654527807,0.7680106789528556,0.7738494873046875,5884 x 10 (1).jpg
gabor_kmeans,texture,5884-armor-steel,Steel,0.6144829404979582,0.7606577231662163,0.7635345458984375,5884 x 10 (2).jpg
gabor_kmeans,texture,5884-armor-steel,Steel,0.4832694203194341,0.6497570442917597,0.6569671630859375,5884 x 10 (3).jpg
gabor_kmeans,texture,5884-armor-steel,Steel,0.5970584549277752,0.7475247691481648,0.748382568359375,5884 x 10 (4).jpg
gabor_kmeans,texture,5884-armor-steel,Steel,0.49551029604945024,0.6624028575702816,0.6634368896484375,5884 x 10 (5).jpg
gabor_kmeans,texture,5884-armor-steel,Steel,0.5366562360811719,0.6980816406627377,0.69976806640625,5884 x 10 (6).jpg
gabor_kmeans,texture,5884-armor-steel,Steel,0.575950946040745,0.7127664303935122,0.7941436767578125,5884 x 20 (1).jpg
gabor_kmeans,texture,5884-armor-steel,Steel,0.5973124319743106,0.7322064505825121,0.806488037109375,5884 x 20 (2).jpg
gabor_kmeans,texture,5884-armor-steel,Steel,0.7018179436356065,0.8247813098204171,0.8248138427734375,5884 x 20 (3).jpg
gabor_kmeans,texture,5884-armor-steel,Steel,0.6305163172885034,0.7650084456273099,0.80908203125,5884 x 20 (4).jpg
gabor_kmeans,texture,5884-armor-steel,Steel,0.6466913487513819,0.7814067646713805,0.8039093017578125,5884 x 20 (5).jpg
gabor_kmeans,texture,5884-armor-steel,Steel,0.5605503151643245,0.7124113660447378,0.739227294921875,5884 x 20 (6).jpg
gabor_kmeans,texture,5884-armor-steel,Steel,0.4458526417486783,0.6124770466883451,0.627716064453125,5884 x 5 (1).jpg
gabor_kmeans,texture,5884-armor-steel,Steel,0.6504075505757375,0.787776693916646,0.790069580078125,5884 x 5 (2).jpg
gabor_kmeans,texture,5884-armor-steel,Steel,0.7002464464304432,0.8230681908666879,0.8272705078125,5884 x 5 (3).jpg
gabor_kmeans,texture,5884-armor-steel,Steel,0.6129120038356293,0.7599767246185511,0.7601318359375,5884 x 5 (4).jpg
gabor_kmeans,texture,5884-armor-steel,Steel,0.6413902189120253,0.7789257413439881,0.7932586669921875,5884 x 5 (5).jpg
gabor_kmeans,texture,5884-armor-steel,Steel,0.49381991971033623,0.660840861403188,0.6620635986328125,5884 x 50 (1).jpg
gabor_kmeans,texture,5884-armor-steel,Steel,0.4908527498299673,0.6565549088477168,0.6641082763671875,5884 x 50 (2).jpg
gabor_kmeans,texture,5884-armor-steel,Steel,0.6205579392232907,0.7654499114140005,0.7675933837890625,5884 x 50 (3).jpg
gabor_kmeans,texture,5884-armor-steel,Steel,0.5318883703337937,0.6944201132876393,0.694427490234375,5884 x 50 (4).jpg
gabor_kmeans,texture,6280-cast-iron-high,Cast Iron,0.7049287262058503,0.8146615862883957,0.89312744140625,6280 x 20 (1).jpg
gabor_kmeans,texture,6280-cast-iron-high,Cast Iron,0.6465221669391426,0.765113738565867,0.871337890625,6280 x 20 (10).jpg
gabor_kmeans,texture,6280-cast-iron-high,Cast Iron,0.5181724493816051,0.6424110293607985,0.7950897216796875,6280 x 20 (2).jpg
gabor_kmeans,texture,6280-cast-iron-high,Cast Iron,0.5409103964710971,0.6687555338701734,0.8026275634765625,6280 x 20 (3).jpg
gabor_kmeans,texture,6280-cast-iron-high,Cast Iron,0.6735238469677058,0.7893052783096857,0.8790130615234375,6280 x 20 (4).jpg
gabor_kmeans,texture,6280-cast-iron-high,Cast Iron,0.5225361672480586,0.6461142178527346,0.8002471923828125,6280 x 20 (5).jpg
gabor_kmeans,texture,6280-cast-iron-high,Cast Iron,0.7080146114736297,0.8174023464440527,0.8928375244140625,6280 x 20 (6).jpg
gabor_kmeans,texture,6280-cast-iron-high,Cast Iron,0.6393784519629936,0.7583912054048989,0.86956787109375,6280 x 20 (7).jpg
gabor_kmeans,texture,6280-cast-iron-high,Cast Iron,0.683459356972598,0.7975309725724158,0.8832855224609375,6280 x 20 (8).jpg
gabor_kmeans,texture,6280-cast-iron-high,Cast Iron,0.5395215991443457,0.6620313347074817,0.815887451171875,6280 x 20 (9).jpg
gabor_kmeans,texture,6280-cast-iron-low,Cast Iron,0.41403597178740975,0.5826434025681247,0.589080810546875,6280 x 10 (1).jpg
gabor_kmeans,texture,6280-cast-iron-low,Cast Iron,0.3678977441519799,0.5350423816628517,0.5460205078125,6280 x 10 (10).jpg
gabor_kmeans,texture,6280-cast-iron-low,Cast Iron,0.348471142401535,0.5141951760082938,0.504669189453125,6280 x 10 (11).jpg
gabor_kmeans,texture,6280-cast-iron-low,Cast Iron,0.3934671763878869,0.5613820004795799,0.5722503662109375,6280 x 10 (2).jpg
gabor_kmeans,texture,6280-cast-iron-low,Cast Iron,0.40352772467161485,0.5686393064530383,0.5794525146484375,6280 x 10 (3).jpg
gabor_kmeans,texture,6280-cast-iron-low,Cast Iron,0.37523306101083914,0.5427142185258772,0.5557708740234375,6280 x 10 (4).jpg
gabor_kmeans,texture,6280-cast-iron-low,Cast Iron,0.3053747846760053,0.4603493956433892,0.509857177734375,6280 x 10 (5).jpg
gabor_kmeans,texture,6280-cast-iron-low,Cast Iron,0.38009305965106516,0.5453183620139083,0.5773468017578125,6280 x 10 (6).jpg
gabor_kmeans,texture,6280-cast-iron-low,Cast Iron,0.39756816144095214,0.566011590385751,0.553466796875,6280 x 10 (7).jpg
gabor_kmeans,texture,6280-cast-iron-low,Cast Iron,0.36631075337113667,0.5318007283130736,0.54180908203125,6280 x 10 (8).jpg
gabor_kmeans,texture,6280-cast-iron-low,Cast Iron,0.30819049330280684,0.46455529150632785,0.508148193359375,6280 x 10 (9).jpg
gmm_rgb,baseline,4130-steel,Steel,0.7865613988970126,0.8803658218491577,0.8819122314453125,4130 x 10 (1).jpg
gmm_rgb,baseline,4130-steel,Steel,0.7876947876585194,0.8812407887337257,0.8812408447265625,4130 x 10 (10).jpg
gmm_rgb,baseline,4130-steel,Steel,0.7415035756585091,0.8515224724077795,0.85186767578125,4130 x 10 (11).jpg
gmm_rgb,baseline,4130-steel,Steel,0.2817482166603129,0.3806573811715851,0.53485107421875,4130 x 10 (12).jpg
gmm_rgb,baseline,4130-steel,Steel,0.7262708805917091,0.8414240107176902,0.84149169921875,4130 x 10 (13).jpg
gmm_rgb,baseline,4130-steel,Steel,0.3008722237002643,0.39880479024267296,0.568634033203125,4130 x 10 (14).jpg
gmm_rgb,baseline,4130-steel,Steel,0.71009447715981,0.8304039520218294,0.8308868408203125,4130 x 10 (15).jpg
gmm_rgb,baseline,4130-steel,Steel,0.6981609673598419,0.8222453825512526,0.8223114013671875,4130 x 10 (16).jpg
gmm_rgb,baseline,4130-steel,Steel,0.3006516909814229,0.39857391503087874,0.5682830810546875,4130 x 10 (17).jpg
gmm_rgb,baseline,4130-steel,Steel,0.7529422677280699,0.8590319219139746,0.8592681884765625,4130 x 10 (18).jpg
gmm_rgb,baseline,4130-steel,Steel,0.25704963609086495,0.3421885442183896,0.510498046875,4130 x 10 (19).jpg
gmm_rgb,baseline,4130-steel,Steel,0.5240968201718339,0.6859369768170518,0.693511962890625,4130 x 10 (2).jpg
gmm_rgb,baseline,4130-steel,Steel,0.2707862118058994,0.3535806831247554,0.5384674072265625,4130 x 10 (20).jpg
gmm_rgb,baseline,4130-steel,Steel,0.5286811038184388,0.6900182581347867,0.697052001953125,4130 x 10 (3).jpg
gmm_rgb,baseline,4130-steel,Steel,0.5317237453986206,0.6925383198393424,0.699951171875,4130 x 10 (4).jpg
gmm_rgb,baseline,4130-steel,Steel,0.28792424908639047,0.37109147580254326,0.5679931640625,4130 x 10 (5).jpg
gmm_rgb,baseline,4130-steel,Steel,0.2765028874535746,0.3597476853015709,0.5479736328125,4130 x 10 (6).jpg
gmm_rgb,baseline,4130-steel,Steel,0.7739706986172572,0.8725190858443252,0.87310791015625,4130 x 10 (7).jpg
gmm_rgb,baseline,4130-steel,Steel,0.26679435147402397,0.36564720573429016,0.5088043212890625,4130 x 10 (8).jpg
gmm_rgb,baseline,4130-steel,Steel,0.2648472724153064,0.34844475241477535,0.5267333984375,4130 x 10 (9).jpg
gmm_rgb,baseline,4130-steel,Steel,0.5346848030628556,0.6874904541166964,0.726593017578125,4130 x 20 (1).jpg
gmm_rgb,baseline,4130-steel,Steel,0.867935522696543,0.929298750623128,0.9293060302734375,4130 x 20 (10).jpg
gmm_rgb,baseline,4130-steel,Steel,0.8539448957058744,0.9211880506893411,0.9216156005859375,4130 x 20 (11).jpg
gmm_rgb,baseline,4130-steel,Steel,0.8589686228702187,0.9241289222412964,0.9242095947265625,4130 x 20 (12).jpg
gmm_rgb,baseline,4130-steel,Steel,0.8635246287834918,0.9267520308412502,0.92694091796875,4130 x 20 (13).jpg
gmm_rgb,baseline,4130-steel,Steel,0.8534722320630825,0.92092487141423,0.9211883544921875,4130 x 20 (14).jpg
gmm_rgb,baseline,4130-steel,Steel,0.8214035546670115,0.9019410847932062,0.9019927978515625,4130 x 20 (15).jpg
gmm_rgb,baseline,4130-steel,Steel,0.7899883269772553,0.8826293997514818,0.883056640625,4130 x 20 (16).jpg
gmm_rgb,baseline,4130-steel,Steel,0.8030122780277824,0.8907083217802764,0.891082763671875,4130 x 20 (17).jpg
gmm_rgb,baseline,4130-steel,Steel,0.8428983285364421,0.9146634124650075,0.915802001953125,4130 x 20 (18).jpg
gmm_rgb,baseline,4130-steel,Steel,0.8342511732238738,0.909534579446933,0.9107666015625,4130 x 20 (19).jpg
gmm_rgb,baseline,4130-steel,Steel,0.5086607455255535,0.6656022389276959,0.7003936767578125,4130 x 20 (2).jpg
gmm_rgb,baseline,4130-steel,Steel,0.27908223080720534,0.3601964626356437,0.555450439453125,4130 x 20 (20).jpg
gmm_rgb,baseline,4130-steel,Steel,0.5512569890489972,0.7047764297342736,0.730865478515625,4130 x 20 (3).jpg
gmm_rgb,baseline,4130-steel,Steel,0.41051736134641903,0.5638052513793909,0.6239776611328125,4130 x 20 (4).jpg
gmm_rgb,baseline,4130-steel,Steel,0.7784498381768576,0.8754115560759319,0.8755340576171875,4130 x 20 (5).jpg
gmm_rgb,baseline,4130-steel,Steel,0.8602128456429141,0.9248361465126177,0.9250946044921875,4130 x 20 (6).jpg
gmm_rgb,baseline,4130-steel,Steel,0.8511601290758016,0.9195898993662351,0.919677734375,4130 x 20 (7).jpg
gmm_rgb,baseline,4130-steel,Steel,0.2625923741076189,0.34603895149231684,0.5228729248046875,4130 x 20 (8).jpg
gmm_rgb,baseline,4130-steel,Steel,0.8259195678627465,0.9046467993820306,0.904815673828125,4130 x 20 (9).jpg
gmm_rgb,baseline,418-17-4ph-x20,Steel,0.358579060836001,0.46073484351847904,0.652374267578125,x20 (1).jpg
gmm_rgb,baseline,418-17-4ph-x20,Steel,0.5226312976866512,0.6735969951869589,0.7259674072265625,x20 (10).jpg
gmm_rgb,baseline,418-17-4ph-x20,Steel,0.4610096046171487,0.4820262076686418,0.918853759765625,x20 (11).jpg
gmm_rgb,baseline,418-17-4ph-x20,Steel,0.4690640642391735,0.49196405187811126,0.9272003173828125,x20 (12).jpg
gmm_rgb,baseline,418-17-4ph-x20,Steel,0.4022260441400864,0.46506943986716287,0.776763916015625,x20 (13).jpg
gmm_rgb,baseline,418-17-4ph-x20,Steel,0.471853210649534,0.4888041650412843,0.9392242431640625,x20 (14).jpg
gmm_rgb,baseline,418-17-4ph-x20,Steel,0.4752015010653532,0.494166890978739,0.9409637451171875,x20 (15).jpg
gmm_rgb,baseline,418-17-4ph-x20,Steel,0.4613123080184865,0.4834820589472946,0.9176788330078125,x20 (16).jpg
gmm_rgb,baseline,418-17-4ph-x20,Steel,0.47316795130952444,0.48963844078520424,0.9416656494140625,x20 (17).jpg
gmm_rgb,baseline,418-17-4ph-x20,Steel,0.4706177054597383,0.48944396495236037,0.934967041015625,x20 (18).jpg
gmm_rgb,baseline,418-17-4ph-x20,Steel,0.4684291931733287,0.48829863213258384,0.9305572509765625,x20 (19).jpg
gmm_rgb,baseline,418-17-4ph-x20,Steel,0.4770749964885882,0.6236660328219109,0.7052459716796875,x20 (2).jpg
gmm_rgb,baseline,418-17-4ph-x20,Steel,0.26766746369835986,0.3723420537755725,0.50189208984375,x20 (20).jpg
gmm_rgb,baseline,418-17-4ph-x20,Steel,0.2793183444503971,0.36601381546906314,0.5481109619140625,x20 (21).jpg
gmm_rgb,baseline,418-17-4ph-x20,Steel,0.4838201396959848,0.5799730679966439,0.82391357421875,x20 (3).jpg
gmm_rgb,baseline,418-17-4ph-x20,Steel,0.4424600822102364,0.5866152044194951,0.678466796875,x20 (4).jpg
gmm_rgb,baseline,418-17-4ph-x20,Steel,0.42486257158276214,0.5663603617072198,0.66552734375,x20 (5).jpg
gmm_rgb,baseline,418-17-4ph-x20,Steel,0.3652631639380908,0.4658514987849579,0.6646881103515625,x20 (6).jpg
gmm_rgb,baseline,418-17-4ph-x20,Steel,0.41576549327448786,0.5788783515754155,0.607421875,x20 (7).jpg
gmm_rgb,baseline,418-17-4ph-x20,Steel,0.4733389312512556,0.6205699587826965,0.700439453125,x20 (8).jpg
gmm_rgb,baseline,418-17-4ph-x20,Steel,0.5732026923779898,0.7266080302272147,0.73638916015625,x20 (9).jpg
gmm_rgb,baseline,418-17-4ph-x5,Steel,0.6630730984513886,0.7618403252140812,0.946746826171875,x5 (1).jpg
gmm_rgb,baseline,418-17-4ph-x5,Steel,0.6516607445410235,0.7483270614083412,0.9510955810546875,x5 (10).jpg
gmm_rgb,baseline,418-17-4ph-x5,Steel,0.6512109587617301,0.7497442423227809,0.9447021484375,x5 (11).jpg
gmm_rgb,baseline,418-17-4ph-x5,Steel,0.6806007712306624,0.7776453998842348,0.955230712890625,x5 (12).jpg
gmm_rgb,baseline,418-17-4ph-x5,Steel,0.6482752972977011,0.7431988758763244,0.955657958984375,x5 (13).jpg
gmm_rgb,baseline,418-17-4ph-x5,Steel,0.6814302253157463,0.7776115480775663,0.958587646484375,x5 (14).jpg
gmm_rgb,baseline,418-17-4ph-x5,Steel,0.7747042099709935,0.8630939292444239,0.9457855224609375,x5 (15).jpg
gmm_rgb,baseline,418-17-4ph-x5,Steel,0.7622363766891984,0.8526095275337626,0.949676513671875,x5 (16).jpg
gmm_rgb,baseline,418-17-4ph-x5,Steel,0.8466191710191558,0.913107279308643,0.9610443115234375,x5 (17).jpg
gmm_rgb,baseline,418-17-4ph-x5,Steel,0.5591585807981533,0.6604023446441976,0.884674072265625,x5 (18).jpg
gmm_rgb,baseline,418-17-4ph-x5,Steel,0.5784927804680919,0.679077426494251,0.9008941650390625,x5 (19).jpg
gmm_rgb,baseline,418-17-4ph-x5,Steel,0.7230667146759888,0.8185556474311447,0.9534912109375,x5 (2).jpg
gmm_rgb,baseline,418-17-4ph-x5,Steel,0.5545969838842448,0.6544587974554192,0.88433837890625,x5 (20).jpg
gmm_rgb,baseline,418-17-4ph-x5,Steel,0.5061997299009474,0.6021125578738533,0.8481903076171875,x5 (21).jpg
gmm_rgb,baseline,418-17-4ph-x5,Steel,0.5714812283743455,0.6719555761672065,0.8960723876953125,x5 (22).jpg
gmm_rgb,baseline,418-17-4ph-x5,Steel,0.5424589660624538,0.6399465460823286,0.8795166015625,x5 (23).jpg
gmm_rgb,baseline,418-17-4ph-x5,Steel,0.5478290595372216,0.6459696840910817,0.8827056884765625,x5 (24).jpg
gmm_rgb,baseline,418-17-4ph-x5,Steel,0.5880689188859878,0.6869951753672684,0.911895751953125,x5 (25).jpg
gmm_rgb,baseline,418-17-4ph-x5,Steel,0.6683540570381183,0.764317620598548,0.957763671875,x5 (3).jpg
gmm_rgb,baseline,418-17-4ph-x5,Steel,0.7290624086398734,0.8243935710492597,0.95098876953125,x5 (4).jpg
gmm_rgb,baseline,418-17-4ph-x5,Steel,0.8695381820284478,0.9274560744748843,0.9682769775390625,x5 (5).jpg
gmm_rgb,baseline,418-17-4ph-x5,Steel,0.7264761905433844,0.8221459452212598,0.9507904052734375,x5 (6).jpg
gmm_rgb,baseline,418-17-4ph-x5,Steel,0.659710430550285,0.7585226305234398,0.9459075927734375,x5 (7).jpg
gmm_rgb,baseline,418-17-4ph-x5,Steel,0.6447769907485151,0.740364185425209,0.95220947265625,x5 (8).jpg
gmm_rgb,baseline,418-17-4ph-x5,Steel,0.6735711879194254,0.7707675315111998,0.954071044921875,x5 (9).jpg
gmm_rgb,baseline,5884-armor-steel,Steel,0.7725845477845832,0.8715177760197219,0.8731536865234375,5884 x 10 (1).jpg
gmm_rgb,baseline,5884-armor-steel,Steel,0.7747772278085208,0.87305606954998,0.8734283447265625,5884 x 10 (2).jpg
gmm_rgb,baseline,5884-armor-steel,Steel,0.6003964427886488,0.7480735076748872,0.759185791015625,5884 x 10 (3).jpg
gmm_rgb,baseline,5884-armor-steel,Steel,0.7503098396380572,0.8570375239481587,0.8594970703125,5884 x 10 (4).jpg
gmm_rgb,baseline,5884-armor-steel,Steel,0.6021840434914414,0.7510455240137471,0.7543487548828125,5884 x 10 (5).jpg
gmm_rgb,baseline,5884-armor-steel,Steel,0.6239547787238953,0.7680896748686723,0.7699432373046875,5884 x 10 (6).jpg
gmm_rgb,baseline,5884-armor-steel,Steel,0.7207378691819637,0.8302481896603315,0.88165283203125,5884 x 20 (1).jpg
gmm_rgb,baseline,5884-armor-steel,Steel,0.740812461284234,0.8451851834990705,0.8893890380859375,5884 x 20 (2).jpg
gmm_rgb,baseline,5884-armor-steel,Steel,0.798720280542393,0.8880751759733836,0.8883056640625,5884 x 20 (3).jpg
gmm_rgb,baseline,5884-armor-steel,Steel,0.7794610937930284,0.8728130148242992,0.9016265869140625,5884 x 20 (4).jpg
gmm_rgb,baseline,5884-armor-steel,Steel,0.714497234107395,0.8286259019837847,0.861785888671875,5884 x 20 (5).jpg
gmm_rgb,baseline,5884-armor-steel,Steel,0.6496018828713241,0.7798020897069007,0.82293701171875,5884 x 20 (6).jpg
gmm_rgb,baseline,5884-armor-steel,Steel,0.5149352740121753,0.6762454821449143,0.690826416015625,5884 x 5 (1).jpg
gmm_rgb,baseline,5884-armor-steel,Steel,0.7427628348156077,0.8523579090554236,0.8526611328125,5884 x 5 (2).jpg
gmm_rgb,baseline,5884-armor-steel,Steel,0.8093163049665403,0.8944396144221053,0.8962249755859375,5884 x 5 (3).jpg
gmm_rgb,baseline,5884-armor-steel,Steel,0.6877798936975228,0.814105329697836,0.81988525390625,5884 x 5 (4).jpg
gmm_rgb,baseline,5884-armor-steel,Steel,0.7316204495455872,0.8429873879096308,0.85791015625,5884 x 5 (5).jpg
gmm_rgb,baseline,5884-armor-steel,Steel,0.6489007821465846,0.7870527688807583,0.7871551513671875,5884 x 50 (1).jpg
gmm_rgb,baseline,5884-armor-steel,Steel,0.6785528404863876,0.8064170190428466,0.819244384765625,5884 x 50 (2).jpg
gmm_rgb,baseline,5884-armor-steel,Steel,0.6427266034018726,0.781272748677992,0.788177490234375,5884 x 50 (3).jpg
gmm_rgb,baseline,5884-armor-steel,Steel,0.5524554218007808,0.7111680735501827,0.713623046875,5884 x 50 (4).jpg
gmm_rgb,baseline,6280-cast-iron-high,Cast Iron,0.6926406751660008,0.8103691187075952,0.86083984375,6280 x 20 (1).jpg
gmm_rgb,baseline,6280-cast-iron-high,Cast Iron,0.6501353057859287,0.7768719530570398,0.8377532958984375,6280 x 20 (10).jpg
gmm_rgb,baseline,6280-cast-iron-high,Cast Iron,0.5221165409382309,0.6654706533566395,0.747528076171875,6280 x 20 (2).jpg
gmm_rgb,baseline,6280-cast-iron-high,Cast Iron,0.5376119933994002,0.6796828813594041,0.760467529296875,6280 x 20 (3).jpg
gmm_rgb,baseline,6280-cast-iron-high,Cast Iron,0.6724122741341795,0.7950077662629833,0.8485870361328125,6280 x 20 (4).jpg
gmm_rgb,baseline,6280-cast-iron-high,Cast Iron,0.5212082877941355,0.6626359204531298,0.7523040771484375,6280 x 20 (5).jpg
gmm_rgb,baseline,6280-cast-iron-high,Cast Iron,0.7048464419700261,0.8194491315352476,0.8679962158203125,6280 x 20 (6).jpg
gmm_rgb,baseline,6280-cast-iron-high,Cast Iron,0.6665563344293657,0.7912189899436832,0.8415985107421875,6280 x 20 (7).jpg
gmm_rgb,baseline,6280-cast-iron-high,Cast Iron,0.6740641580501467,0.7960744642522333,0.850555419921875,6280 x 20 (8).jpg
gmm_rgb,baseline,6280-cast-iron-high,Cast Iron,0.5344769342525886,0.6752785898525275,0.762359619140625,6280 x 20 (9).jpg
gmm_rgb,baseline,6280-cast-iron-low,Cast Iron,0.5993626657022485,0.7434436004843904,0.782958984375,6280 x 10 (1).jpg
gmm_rgb,baseline,6280-cast-iron-low,Cast Iron,0.5490170993841369,0.7015354869915201,0.742706298828125,6280 x 10 (10).jpg
gmm_rgb,baseline,6280-cast-iron-low,Cast Iron,0.5275072103723085,0.6857031913379746,0.7154693603515625,6280 x 10 (11).jpg
gmm_rgb,baseline,6280-cast-iron-low,Cast Iron,0.5947757020601824,0.7380338966731989,0.78717041015625,6280 x 10 (2).jpg
gmm_rgb,baseline,6280-cast-iron-low,Cast Iron,0.6106929411596722,0.7501870148761371,0.7994384765625,6280 x 10 (3).jpg
gmm_rgb,baseline,6280-cast-iron-low,Cast Iron,0.5851768996875474,0.7277679172866635,0.7866363525390625,6280 x 10 (4).jpg
gmm_rgb,baseline,6280-cast-iron-low,Cast Iron,0.41231509795708643,0.5715359388749559,0.6323394775390625,6280 x 10 (5).jpg
gmm_rgb,baseline,6280-cast-iron-low,Cast Iron,0.5236550379303978,0.6761407551374417,0.733642578125,6280 x 10 (6).jpg
gmm_rgb,baseline,6280-cast-iron-low,Cast Iron,0.5790630707042735,0.7292141949321684,0.75439453125,6280 x 10 (7).jpg
gmm_rgb,baseline,6280-cast-iron-low,Cast Iron,0.5651782543204779,0.7125859310052909,0.76519775390625,6280 x 10 (8).jpg
gmm_rgb,baseline,6280-cast-iron-low,Cast Iron,0.4171751647612714,0.5768444374782652,0.6368865966796875,6280 x 10 (9).jpg
kmeans_rgb,baseline,4130-steel,Steel,0.6745356753300589,0.8056193722519996,0.8057403564453125,4130 x 10 (1).jpg
kmeans_rgb,baseline,4130-steel,Steel,0.267439549424346,0.36413189313715427,0.5130462646484375,4130 x 10 (10).jpg
kmeans_rgb,baseline,4130-steel,Steel,0.277951397005414,0.3722004420056306,0.5350189208984375,4130 x 10 (11).jpg
kmeans_rgb,baseline,4130-steel,Steel,0.2781105215426492,0.3742075971396521,0.5326385498046875,4130 x 10 (12).jpg
kmeans_rgb,baseline,4130-steel,Steel,0.27192425842676204,0.36825530951555574,0.521484375,4130 x 10 (13).jpg
kmeans_rgb,baseline,4130-steel,Steel,0.29664622782809874,0.39156500050186743,0.5660247802734375,4130 x 10 (14).jpg
kmeans_rgb,baseline,4130-steel,Steel,0.278463837089636,0.37414013726101614,0.5338592529296875,4130 x 10 (15).jpg
kmeans_rgb,baseline,4130-steel,Steel,0.2616429442799836,0.3587164125766948,0.502166748046875,4130 x 10 (16).jpg
kmeans_rgb,baseline,4130-steel,Steel,0.2974628821057566,0.39284751317669425,0.56671142578125,4130 x 10 (17).jpg
kmeans_rgb,baseline,4130-steel,Steel,0.2743056963522993,0.37047625093728714,0.5258941650390625,4130 x 10 (18).jpg
kmeans_rgb,baseline,4130-steel,Steel,0.2578857051328829,0.34181519770755886,0.513671875,4130 x 10 (19).jpg
kmeans_rgb,baseline,4130-steel,Steel,0.47527003579794874,0.644299123168862,0.6443634033203125,4130 x 10 (2).jpg
kmeans_rgb,baseline,4130-steel,Steel,0.27187031976546905,0.35335696939784667,0.5421905517578125,4130 x 10 (20).jpg
kmeans_rgb,baseline,4130-steel,Steel,0.4959110288992692,0.6629954316805271,0.6631011962890625,4130 x 10 (3).jpg
kmeans_rgb,baseline,4130-steel,Steel,0.48686591081934405,0.6548771649542989,0.6549224853515625,4130 x 10 (4).jpg
kmeans_rgb,baseline,4130-steel,Steel,0.28818563845822276,0.37048455793005997,0.5696563720703125,4130 x 10 (5).jpg
kmeans_rgb,baseline,4130-steel,Steel,0.27738822024466014,0.35981754427044776,0.5506591796875,4130 x 10 (6).jpg
kmeans_rgb,baseline,4130-steel,Steel,0.2650106937691366,0.3476291142632611,0.5283660888671875,4130 x 10 (7).jpg
kmeans_rgb,baseline,4130-steel,Steel,0.2642457539416204,0.36102005104435675,0.5072479248046875,4130 x 10 (8).jpg
kmeans_rgb,baseline,4130-steel,Steel,0.26547728653302255,0.34793959058961893,0.5294189453125,4130 x 10 (9).jpg
kmeans_rgb,baseline,4130-steel,Steel,0.4460858422249998,0.6113571898207064,0.6313629150390625,4130 x 20 (1).jpg
kmeans_rgb,baseline,4130-steel,Steel,0.26651481610747174,0.36085253390988864,0.5147552490234375,4130 x 20 (10).jpg
kmeans_rgb,baseline,4130-steel,Steel,0.2820550907311009,0.375875538552009,0.542755126953125,4130 x 20 (11).jpg
kmeans_rgb,baseline,4130-steel,Steel,0.27402999599509065,0.3676662194036225,0.5290374755859375,4130 x 20 (12).jpg
kmeans_rgb,baseline,4130-steel,Steel,0.2821793393252146,0.37507592368045245,0.5442962646484375,4130 x 20 (13).jpg
kmeans_rgb,baseline,4130-steel,Steel,0.28263897956726614,0.376067933707207,0.5443267822265625,4130 x 20 (14).jpg
kmeans_rgb,baseline,4130-steel,Steel,0.25080645547886676,0.3351964785581339,0.50006103515625,4130 x 20 (15).jpg
kmeans_rgb,baseline,4130-steel,Steel,0.2655714008398562,0.3475426320347494,0.5302581787109375,4130 x 20 (16).jpg
kmeans_rgb,baseline,4130-steel,Steel,0.268219570079444,0.3506428933935718,0.534393310546875,4130 x 20 (17).jpg
kmeans_rgb,baseline,4130-steel,Steel,0.2838880073057062,0.36341753094587936,0.5660400390625,4130 x 20 (18).jpg
kmeans_rgb,baseline,4130-steel,Steel,0.2793822053520046,0.35971459922283,0.5570526123046875,4130 x 20 (19).jpg
kmeans_rgb,baseline,4130-steel,Steel,0.4236011706365559,0.5904139850478358,0.6065826416015625,4130 x 20 (2).jpg
kmeans_rgb,baseline,4130-steel,Steel,0.27974060299009484,0.36033089614052627,0.5573272705078125,4130 x 20 (20).jpg
kmeans_rgb,baseline,4130-steel,Steel,0.4561057750857205,0.6235297163030098,0.6342926025390625,4130 x 20 (3).jpg
kmeans_rgb,baseline,4130-steel,Steel,0.3508189470224339,0.5082859759571964,0.54205322265625,4130 x 20 (4).jpg
kmeans_rgb,baseline,4130-steel,Steel,0.26640055167317717,0.35018649632539384,0.529266357421875,4130 x 20 (5).jpg
kmeans_rgb,baseline,4130-steel,Steel,0.259177416082435,0.3427049317838009,0.516571044921875,4130 x 20 (6).jpg
kmeans_rgb,baseline,4130-steel,Steel,0.2524015560553975,0.3364506280534468,0.5034637451171875,4130 x 20 (7).jpg
kmeans_rgb,baseline,4130-steel,Steel,0.2634615642205646,0.3463815691340585,0.5251617431640625,4130 x 20 (8).jpg
kmeans_rgb,baseline,4130-steel,Steel,0.25833021986856525,0.3417000594864453,0.5152435302734375,4130 x 20 (9).jpg
kmeans_rgb,baseline,418-17-4ph-x20,Steel,0.35428385322460204,0.45401277651582683,0.649932861328125,x20 (1).jpg
kmeans_rgb,baseline,418-17-4ph-x20,Steel,0.41118374223760956,0.5080006146775933,0.73468017578125,x20 (10).jpg
kmeans_rgb,baseline,418-17-4ph-x20,Steel,0.4681206461975279,0.48422554061009915,0.935302734375,x20 (11).jpg
kmeans_rgb,baseline,418-17-4ph-x20,Steel,0.4708235122080904,0.486451549516957,0.93963623046875,x20 (12).jpg
kmeans_rgb,baseline,418-17-4ph-x20,Steel,0.46881318699721775,0.48721298187695233,0.93310546875,x20 (13).jpg
kmeans_rgb,baseline,418-17-4ph-x20,Steel,0.47748097794167293,0.4908004714374513,0.951812744140625,x20 (14).jpg
kmeans_rgb,baseline,418-17-4ph-x20,Steel,0.47957739812015254,0.49406998899774235,0.953033447265625,x20 (15).jpg
kmeans_rgb,baseline,418-17-4ph-x20,Steel,0.4672344588495057,0.4845442727581533,0.9324493408203125,x20 (16).jpg
kmeans_rgb,baseline,418-17-4ph-x20,Steel,0.47806037200083673,0.4909356563373618,0.9532012939453125,x20 (17).jpg
kmeans_rgb,baseline,418-17-4ph-x20,Steel,0.4738102947043064,0.4889557896040722,0.9443511962890625,x20 (18).jpg
kmeans_rgb,baseline,418-17-4ph-x20,Steel,0.47666450326271537,0.49132036833452986,0.948883056640625,x20 (19).jpg
kmeans_rgb,baseline,418-17-4ph-x20,Steel,0.4370036257850308,0.5305169892779482,0.773712158203125,x20 (2).jpg
kmeans_rgb,baseline,418-17-4ph-x20,Steel,0.2518278470191308,0.33725622794282933,0.5005340576171875,x20 (20).jpg
kmeans_rgb,baseline,418-17-4ph-x20,Steel,0.27698725024467263,0.35882696276124104,0.5507659912109375,x20 (21).jpg
kmeans_rgb,baseline,418-17-4ph-x20,Steel,0.47404719591771793,0.5660920956623409,0.8208770751953125,x20 (3).jpg
kmeans_rgb,baseline,418-17-4ph-x20,Steel,0.4873675286036159,0.5780054550176674,0.8386077880859375,x20 (4).jpg
kmeans_rgb,baseline,418-17-4ph-x20,Steel,0.46844866955756803,0.55998098355316,0.81536865234375,x20 (5).jpg
kmeans_rgb,baseline,418-17-4ph-x20,Steel,0.3603469437804063,0.45801165355255213,0.6622161865234375,x20 (6).jpg
kmeans_rgb,baseline,418-17-4ph-x20,Steel,0.32437158731406135,0.4355436000285504,0.5860595703125,x20 (7).jpg
kmeans_rgb,baseline,418-17-4ph-x20,Steel,0.44920995326418633,0.5395316810859678,0.7945556640625,x20 (8).jpg
kmeans_rgb,baseline,418-17-4ph-x20,Steel,0.3004204251557527,0.4062642297824618,0.55596923828125,x20 (9).jpg
kmeans_rgb,baseline,418-17-4ph-x5,Steel,0.7157831260905789,0.8091500400177134,0.966400146484375,x5 (1).jpg
kmeans_rgb,baseline,418-17-4ph-x5,Steel,0.7214572410614573,0.8131456824811916,0.9722442626953125,x5 (10).jpg
kmeans_rgb,baseline,418-17-4ph-x5,Steel,0.7123354807154104,0.8057260520432025,0.9672698974609375,x5 (11).jpg
kmeans_rgb,baseline,418-17-4ph-x5,Steel,0.7405723447799268,0.8302464325733796,0.972930908203125,x5 (12).jpg
kmeans_rgb,baseline,418-17-4ph-x5,Steel,0.7131633669337005,0.8049296039493843,0.9742584228515625,x5 (13).jpg
kmeans_rgb,baseline,418-17-4ph-x5,Steel,0.7481819724435319,0.8362894472287261,0.97607421875,x5 (14).jpg
kmeans_rgb,baseline,418-17-4ph-x5,Steel,0.8340536862939139,0.9041073670599779,0.9659576416015625,x5 (15).jpg
kmeans_rgb,baseline,418-17-4ph-x5,Steel,0.7981665663723699,0.8785212108835163,0.963775634765625,x5 (16).jpg
kmeans_rgb,baseline,418-17-4ph-x5,Steel,0.8532053786877289,0.9172242161027856,0.9638519287109375,x5 (17).jpg
kmeans_rgb,baseline,418-17-4ph-x5,Steel,0.7032916062434247,0.7978715514040516,0.9639892578125,x5 (18).jpg
kmeans_rgb,baseline,418-17-4ph-x5,Steel,0.7375492844905652,0.8278887320385168,0.971343994140625,x5 (19).jpg
kmeans_rgb,baseline,418-17-4ph-x5,Steel,0.7943947688240836,0.8743407298221904,0.97357177734375,x5 (2).jpg
kmeans_rgb,baseline,418-17-4ph-x5,Steel,0.7224076555130015,0.814695820419788,0.9691009521484375,x5 (20).jpg
kmeans_rgb,baseline,418-17-4ph-x5,Steel,0.7111440963298887,0.8038048647440394,0.9707794189453125,x5 (21).jpg
kmeans_rgb,baseline,418-17-4ph-x5,Steel,0.6950241449356938,0.7905945785587373,0.9608612060546875,x5 (22).jpg
kmeans_rgb,baseline,418-17-4ph-x5,Steel,0.7003334229119262,0.7942704334732116,0.96710205078125,x5 (23).jpg
kmeans_rgb,baseline,418-17-4ph-x5,Steel,0.713869774222293,0.8067904174910285,0.968963623046875,x5 (24).jpg
kmeans_rgb,baseline,418-17-4ph-x5,Steel,0.7214458570880087,0.8136834283108001,0.969696044921875,x5 (25).jpg
kmeans_rgb,baseline,418-17-4ph-x5,Steel,0.73829786894322,0.8275645711588409,0.9763641357421875,x5 (3).jpg
kmeans_rgb,baseline,418-17-4ph-x5,Steel,0.8482580854533017,0.9122646290458138,0.9821319580078125,x5 (4).jpg
kmeans_rgb,baseline,418-17-4ph-x5,Steel,0.9093099319012277,0.9511421450796148,0.980316162109375,x5 (5).jpg
kmeans_rgb,baseline,418-17-4ph-x5,Steel,0.7926854224155893,0.8734195532363394,0.9707489013671875,x5 (6).jpg
kmeans_rgb,baseline,418-17-4ph-x5,Steel,0.7219599048002994,0.8145510796699862,0.9678497314453125,x5 (7).jpg
kmeans_rgb,baseline,418-17-4ph-x5,Steel,0.7090239905867479,0.8015565200949688,0.971771240234375,x5 (8).jpg
kmeans_rgb,baseline,418-17-4ph-x5,Steel,0.7375301211145842,0.827544942531373,0.9730072021484375,x5 (9).jpg
kmeans_rgb,baseline,5884-armor-steel,Steel,0.7233881762228137,0.8386983054467927,0.8444366455078125,5884 x 10 (1).jpg
kmeans_rgb,baseline,5884-armor-steel,Steel,0.7123919814329979,0.8316392165883499,0.834442138671875,5884 x 10 (2).jpg
kmeans_rgb,baseline,5884-armor-steel,Steel,0.5624145499586759,0.7185485582677045,0.7248382568359375,5884 x 10 (3).jpg
kmeans_rgb,baseline,5884-armor-steel,Steel,0.7065977489500256,0.8279487704070613,0.828826904296875,5884 x 10 (4).jpg
kmeans_rgb,baseline,5884-armor-steel,Steel,0.5664631620834122,0.7230531136819722,0.723907470703125,5884 x 10 (5).jpg
kmeans_rgb,baseline,5884-armor-steel,Steel,0.581677910582002,0.7354192942477343,0.73590087890625,5884 x 10 (6).jpg
kmeans_rgb,baseline,5884-armor-steel,Steel,0.7600632518923939,0.8569016671870417,0.9110260009765625,5884 x 20 (1).jpg
kmeans_rgb,baseline,5884-armor-steel,Steel,0.7701362107367693,0.8641392547965326,0.914337158203125,5884 x 20 (2).jpg
kmeans_rgb,baseline,5884-armor-steel,Steel,0.7678930512752433,0.8686432399696129,0.8692169189453125,5884 x 20 (3).jpg
kmeans_rgb,baseline,5884-armor-steel,Steel,0.7009931656535588,0.8151683271356058,0.8731689453125,5884 x 20 (4).jpg
kmeans_rgb,baseline,5884-armor-steel,Steel,0.6289802338287651,0.761122237216502,0.8187713623046875,5884 x 20 (5).jpg
kmeans_rgb,baseline,5884-armor-steel,Steel,0.6107121935152767,0.7465885422142593,0.8045806884765625,5884 x 20 (6).jpg
kmeans_rgb,baseline,5884-armor-steel,Steel,0.5080784266194787,0.6681001824497641,0.691009521484375,5884 x 5 (1).jpg
kmeans_rgb,baseline,5884-armor-steel,Steel,0.7361968450478167,0.8477717743016537,0.8499298095703125,5884 x 5 (2).jpg
kmeans_rgb,baseline,5884-armor-steel,Steel,0.773472887611323,0.8715420643949403,0.8779296875,5884 x 5 (3).jpg
kmeans_rgb,baseline,5884-armor-steel,Steel,0.6900152068946285,0.8157332254067433,0.8211669921875,5884 x 5 (4).jpg
kmeans_rgb,baseline,5884-armor-steel,Steel,0.6488850987633403,0.7798805785813578,0.819671630859375,5884 x 5 (5).jpg
kmeans_rgb,baseline,5884-armor-steel,Steel,0.6001266402212333,0.7499023330877547,0.750885009765625,5884 x 50 (1).jpg
kmeans_rgb,baseline,5884-armor-steel,Steel,0.6409631290835969,0.7797312958617004,0.7878875732421875,5884 x 50 (2).jpg
kmeans_rgb,baseline,5884-armor-steel,Steel,0.6128647018443207,0.7580782233174027,0.767791748046875,5884 x 50 (3).jpg
kmeans_rgb,baseline,5884-armor-steel,Steel,0.511288408112057,0.6752550090830263,0.68084716796875,5884 x 50 (4).jpg
kmeans_rgb,baseline,6280-cast-iron-high,Cast Iron,0.7023500408246967,0.8111868613406699,0.8991241455078125,6280 x 20 (1).jpg
kmeans_rgb,baseline,6280-cast-iron-high,Cast Iron,0.6358554575360527,0.7529500460669654,0.8763580322265625,6280 x 20 (10).jpg
kmeans_rgb,baseline,6280-cast-iron-high,Cast Iron,0.5220304298515467,0.6405550568864954,0.8123016357421875,6280 x 20 (2).jpg
kmeans_rgb,baseline,6280-cast-iron-high,Cast Iron,0.5441204802338528,0.6659514895553951,0.820953369140625,6280 x 20 (3).jpg
kmeans_rgb,baseline,6280-cast-iron-high,Cast Iron,0.662277121929647,0.7775149032039141,0.8836517333984375,6280 x 20 (4).jpg
kmeans_rgb,baseline,6280-cast-iron-high,Cast Iron,0.5290257606551365,0.6456909839320139,0.8226165771484375,6280 x 20 (5).jpg
kmeans_rgb,baseline,6280-cast-iron-high,Cast Iron,0.703122332391235,0.811950905773134,0.8987274169921875,6280 x 20 (6).jpg
kmeans_rgb,baseline,6280-cast-iron-high,Cast Iron,0.6046300866835272,0.7219540434050635,0.8674468994140625,6280 x 20 (7).jpg
kmeans_rgb,baseline,6280-cast-iron-high,Cast Iron,0.6728832704881897,0.7869714729210602,0.8865509033203125,6280 x 20 (8).jpg
kmeans_rgb,baseline,6280-cast-iron-high,Cast Iron,0.5462838564162757,0.6652028605427829,0.8301544189453125,6280 x 20 (9).jpg
kmeans_rgb,baseline,6280-cast-iron-low,Cast Iron,0.443395296024193,0.6039663369664751,0.667083740234375,6280 x 10 (1).jpg
kmeans_rgb,baseline,6280-cast-iron-low,Cast Iron,0.4299275626291837,0.5936513543424481,0.6458740234375,6280 x 10 (10).jpg
kmeans_rgb,baseline,6280-cast-iron-low,Cast Iron,0.40363135693830793,0.5678950102414199,0.6123809814453125,6280 x 10 (11).jpg
kmeans_rgb,baseline,6280-cast-iron-low,Cast Iron,0.44243588997912103,0.6017583906728504,0.674530029296875,6280 x 10 (2).jpg
kmeans_rgb,baseline,6280-cast-iron-low,Cast Iron,0.47107014420015414,0.6286800233487561,0.70343017578125,6280 x 10 (3).jpg
kmeans_rgb,baseline,6280-cast-iron-low,Cast Iron,0.4378166677562292,0.5951051408005411,0.6801605224609375,6280 x 10 (4).jpg
kmeans_rgb,baseline,6280-cast-iron-low,Cast Iron,0.3440521978318352,0.4985390937457305,0.5803375244140625,6280 x 10 (5).jpg
kmeans_rgb,baseline,6280-cast-iron-low,Cast Iron,0.41133101528279004,0.5696471446320034,0.64892578125,6280 x 10 (6).jpg
kmeans_rgb,baseline,6280-cast-iron-low,Cast Iron,0.43853466306969874,0.6007723264152166,0.6471710205078125,6280 x 10 (7).jpg
kmeans_rgb,baseline,6280-cast-iron-low,Cast Iron,0.4308964790060803,0.587522430675988,0.67242431640625,6280 x 10 (8).jpg
kmeans_rgb,baseline,6280-cast-iron-low,Cast Iron,0.343498369758215,0.49782077721969803,0.5788726806640625,6280 x 10 (9).jpg
lbp_kmeans,texture,4130-steel,Steel,0.572569170666498,0.7280923026971085,0.72857666015625,4130 x 10 (1).jpg
lbp_kmeans,texture,4130-steel,Steel,0.5093315856761514,0.6742485932635613,0.67694091796875,4130 x 10 (10).jpg
lbp_kmeans,texture,4130-steel,Steel,0.49294254462540077,0.6592698031975943,0.66357421875,4130 x 10 (11).jpg
lbp_kmeans,texture,4130-steel,Steel,0.5050305123908228,0.6701101794562571,0.6741943359375,4130 x 10 (12).jpg
lbp_kmeans,texture,4130-steel,Steel,0.4755647237788774,0.6436167972467446,0.647308349609375,4130 x 10 (13).jpg
lbp_kmeans,texture,4130-steel,Steel,0.5158919327938056,0.6790468935148172,0.6856231689453125,4130 x 10 (14).jpg
lbp_kmeans,texture,4130-steel,Steel,0.482920156101316,0.6503292263315164,0.65411376953125,4130 x 10 (15).jpg
lbp_kmeans,texture,4130-steel,Steel,0.47494811201483755,0.6435006048540202,0.645477294921875,4130 x 10 (16).jpg
lbp_kmeans,texture,4130-steel,Steel,0.5187585227260202,0.6815505517152161,0.6881103515625,4130 x 10 (17).jpg
lbp_kmeans,texture,4130-steel,Steel,0.49325394146804,0.6596141985773034,0.663665771484375,4130 x 10 (18).jpg
lbp_kmeans,texture,4130-steel,Steel,0.48167671227692166,0.6498790126127924,0.651031494140625,4130 x 10 (19).jpg
lbp_kmeans,texture,4130-steel,Steel,0.41361112985662063,0.5847693929694056,0.586181640625,4130 x 10 (2).jpg
lbp_kmeans,texture,4130-steel,Steel,0.47800955671206247,0.6466808992305819,0.647247314453125,4130 x 10 (20).jpg
lbp_kmeans,texture,4130-steel,Steel,0.4235024076468151,0.5945065744577123,0.5962677001953125,4130 x 10 (3).jpg
lbp_kmeans,texture,4130-steel,Steel,0.4277068495217884,0.5986441264963926,0.6004180908203125,4130 x 10 (4).jpg
lbp_kmeans,texture,4130-steel,Steel,0.38762780862961216,0.558646839523832,0.5587921142578125,4130 x 10 (5).jpg
lbp_kmeans,texture,4130-steel,Steel,0.47364379687111885,0.6427645779050425,0.642974853515625,4130 x 10 (6).jpg
lbp_kmeans,texture,4130-steel,Steel,0.5038616786569173,0.6699496850372448,0.6705169677734375,4130 x 10 (7).jpg
lbp_kmeans,texture,4130-steel,Steel,0.5128756729172066,0.6775042302330967,0.679595947265625,4130 x 10 (8).jpg
lbp_kmeans,texture,4130-steel,Steel,0.4974348020087356,0.6642390145142552,0.6648101806640625,4130 x 10 (9).jpg
lbp_kmeans,texture,4130-steel,Steel,0.37112781212122475,0.5345838600881229,0.555877685546875,4130 x 20 (1).jpg
lbp_kmeans,texture,4130-steel,Steel,0.43818479906259666,0.6071877255733866,0.6148834228515625,4130 x 20 (10).jpg
lbp_kmeans,texture,4130-steel,Steel,0.4264629869289449,0.5946898779138813,0.605926513671875,4130 x 20 (11).jpg
lbp_kmeans,texture,4130-steel,Steel,0.39891015143498554,0.5658787768047936,0.580535888671875,4130 x 20 (12).jpg
lbp_kmeans,texture,4130-steel,Steel,0.4365037695015295,0.6049169320869593,0.6148529052734375,4130 x 20 (13).jpg
lbp_kmeans,texture,4130-steel,Steel,0.437073678076984,0.6056135582147993,0.61505126953125,4130 x 20 (14).jpg
lbp_kmeans,texture,4130-steel,Steel,0.40459694569800586,0.5737727279322792,0.581573486328125,4130 x 20 (15).jpg
lbp_kmeans,texture,4130-steel,Steel,0.408253648957164,0.5788428631320413,0.5820770263671875,4130 x 20 (16).jpg
lbp_kmeans,texture,4130-steel,Steel,0.3933780702686357,0.5631007934967627,0.5681610107421875,4130 x 20 (17).jpg
lbp_kmeans,texture,4130-steel,Steel,0.42252394324718706,0.5937541189916746,0.5947723388671875,4130 x 20 (18).jpg
lbp_kmeans,texture,4130-steel,Steel,0.4133855637811598,0.584551002556047,0.5859375,4130 x 20 (19).jpg
lbp_kmeans,texture,4130-steel,Steel,0.3557841897245407,0.5186833147421777,0.537628173828125,4130 x 20 (2).jpg
lbp_kmeans,texture,4130-steel,Steel,0.40877886468968644,0.579673742757425,0.5818939208984375,4130 x 20 (20).jpg
lbp_kmeans,texture,4130-steel,Steel,0.38134033450846894,0.5478286532190234,0.5616455078125,4130 x 20 (3).jpg
lbp_kmeans,texture,4130-steel,Steel,0.3234973450821367,0.4773476631187118,0.5108642578125,4130 x 20 (4).jpg
lbp_kmeans,texture,4130-steel,Steel,0.39022677364901753,0.5590035495556369,0.5667877197265625,4130 x 20 (5).jpg
lbp_kmeans,texture,4130-steel,Steel,0.38715375763075854,0.555636531168592,0.56396484375,4130 x 20 (6).jpg
lbp_kmeans,texture,4130-steel,Steel,0.43068644516758237,0.6003452918356758,0.60638427734375,4130 x 20 (7).jpg
lbp_kmeans,texture,4130-steel,Steel,0.40723150278615644,0.577320214780704,0.5821990966796875,4130 x 20 (8).jpg
lbp_kmeans,texture,4130-steel,Steel,0.40726601983333033,0.5771045087585706,0.58282470703125,4130 x 20 (9).jpg
lbp_kmeans,texture,418-17-4ph-x20,Steel,0.3518805743878586,0.5189033663457555,0.5240631103515625,x20 (1).jpg
lbp_kmeans,texture,418-17-4ph-x20,Steel,0.33917209800389114,0.5007164456365409,0.5182037353515625,x20 (10).jpg
lbp_kmeans,texture,418-17-4ph-x20,Steel,0.27614250974505,0.377759982819269,0.5211944580078125,x20 (11).jpg
lbp_kmeans,texture,418-17-4ph-x20,Steel,0.4707210194886008,0.4863922410653807,0.9394378662109375,x20 (12).jpg
lbp_kmeans,texture,418-17-4ph-x20,Steel,0.27051897128670455,0.36481713786997894,0.52191162109375,x20 (13).jpg
lbp_kmeans,texture,418-17-4ph-x20,Steel,0.4774972360795035,0.4908104648629026,0.95184326171875,x20 (14).jpg
lbp_kmeans,texture,418-17-4ph-x20,Steel,0.47937065107516386,0.4939273272365435,0.952667236328125,x20 (15).jpg
lbp_kmeans,texture,418-17-4ph-x20,Steel,0.27274556687680307,0.3737046554158853,0.5162353515625,x20 (16).jpg
lbp_kmeans,texture,418-17-4ph-x20,Steel,0.477882113418364,0.49082697834466554,0.9528656005859375,x20 (17).jpg
lbp_kmeans,texture,418-17-4ph-x20,Steel,0.4735841795419876,0.48881798576536734,0.9439239501953125,x20 (18).jpg
lbp_kmeans,texture,418-17-4ph-x20,Steel,0.4764655719186327,0.4911926192816437,0.948516845703125,x20 (19).jpg
lbp_kmeans,texture,418-17-4ph-x20,Steel,0.32370173802749513,0.47982050909662977,0.50689697265625,x20 (2).jpg
lbp_kmeans,texture,418-17-4ph-x20,Steel,0.2517312373736304,0.33718587151604335,0.5003204345703125,x20 (20).jpg
lbp_kmeans,texture,418-17-4ph-x20,Steel,0.33778310241755694,0.5048758732046275,0.505218505859375,x20 (21).jpg
lbp_kmeans,texture,418-17-4ph-x20,Steel,0.3108260953596762,0.45989724004089505,0.5008087158203125,x20 (3).jpg
lbp_kmeans,texture,418-17-4ph-x20,Steel,0.3103208986023822,0.457664504688272,0.503143310546875,x20 (4).jpg
lbp_kmeans,texture,418-17-4ph-x20,Steel,0.3091490044330549,0.4526635333598471,0.508148193359375,x20 (5).jpg
lbp_kmeans,texture,418-17-4ph-x20,Steel,0.33641366953171037,0.5008034558154668,0.5087738037109375,x20 (6).jpg
lbp_kmeans,texture,418-17-4ph-x20,Steel,0.336951553965555,0.5036659821787173,0.504852294921875,x20 (7).jpg
lbp_kmeans,texture,418-17-4ph-x20,Steel,0.3071235345936586,0.4529600970654161,0.5009307861328125,x20 (8).jpg
lbp_kmeans,texture,418-17-4ph-x20,Steel,0.3627496873929734,0.532378993172959,0.532379150390625,x20 (9).jpg
lbp_kmeans,texture,418-17-4ph-x5,Steel,0.27891401484028916,0.3938098982304449,0.5060577392578125,x5 (1).jpg
lbp_kmeans,texture,418-17-4ph-x5,Steel,0.29019738803474765,0.399442814622336,0.533782958984375,x5 (10).jpg
lbp_kmeans,texture,418-17-4ph-x5,Steel,0.2965437361116313,0.40906703215255175,0.5392913818359375,x5 (11).jpg
lbp_kmeans,texture,418-17-4ph-x5,Steel,0.2935051104949458,0.40531317115710136,0.535369873046875,x5 (12).jpg
lbp_kmeans,texture,418-17-4ph-x5,Steel,0.2802638857435126,0.38675008862245547,0.5211029052734375,x5 (13).jpg
lbp_kmeans,texture,418-17-4ph-x5,Steel,0.29305402555805904,0.40279759264748904,0.5377960205078125,x5 (14).jpg
lbp_kmeans,texture,418-17-4ph-x5,Steel,0.8341225621737187,0.9041502764818209,0.96600341796875,x5 (15).jpg
lbp_kmeans,texture,418-17-4ph-x5,Steel,0.3396575485439268,0.47301110574227767,0.5717315673828125,x5 (16).jpg
lbp_kmeans,texture,418-17-4ph-x5,Steel,0.8513117311319716,0.9160126015027183,0.963409423828125,x5 (17).jpg
lbp_kmeans,texture,418-17-4ph-x5,Steel,0.29828532858712437,0.41223520966311883,0.5399322509765625,x5 (18).jpg
lbp_kmeans,texture,418-17-4ph-x5,Steel,0.293125473908895,0.40723418114462945,0.5311737060546875,x5 (19).jpg
lbp_kmeans,texture,418-17-4ph-x5,Steel,0.7952694837252928,0.8749856422257911,0.9737548828125,x5 (2).jpg
lbp_kmeans,texture,418-17-4ph-x5,Steel,0.2891252563194846,0.40241033612414273,0.525787353515625,x5 (20).jpg
lbp_kmeans,texture,418-17-4ph-x5,Steel,0.2858990442325646,0.39605404491759066,0.5251617431640625,x5 (21).jpg
lbp_kmeans,texture,418-17-4ph-x5,Steel,0.2935252355086882,0.4091536962734155,0.5294647216796875,x5 (22).jpg
lbp_kmeans,texture,418-17-4ph-x5,Steel,0.29588852459595916,0.40697464688755974,0.540435791015625,x5 (23).jpg
lbp_kmeans,texture,418-17-4ph-x5,Steel,0.2990852395496569,0.4108831396576961,0.5446014404296875,x5 (24).jpg
lbp_kmeans,texture,418-17-4ph-x5,Steel,0.29667855456452213,0.4088046018103335,0.540130615234375,x5 (25).jpg
lbp_kmeans,texture,418-17-4ph-x5,Steel,0.288550843698608,0.39703126793308363,0.5321807861328125,x5 (3).jpg
lbp_kmeans,texture,418-17-4ph-x5,Steel,0.3107718494341735,0.43361379503187447,0.545806884765625,x5 (4).jpg
lbp_kmeans,texture,418-17-4ph-x5,Steel,0.9114526170334889,0.9523813131876293,0.9808502197265625,x5 (5).jpg
lbp_kmeans,texture,418-17-4ph-x5,Steel,0.7924942201794993,0.8732727888224078,0.9707489013671875,x5 (6).jpg
lbp_kmeans,texture,418-17-4ph-x5,Steel,0.25606237572343643,0.346171507224802,0.501861572265625,x5 (7).jpg
lbp_kmeans,texture,418-17-4ph-x5,Steel,0.2583390290232644,0.34710597605234206,0.5078582763671875,x5 (8).jpg
lbp_kmeans,texture,418-17-4ph-x5,Steel,0.2819645494830133,0.3934210769885785,0.516510009765625,x5 (9).jpg
lbp_kmeans,texture,5884-armor-steel,Steel,0.48433558971929813,0.6524341496535825,0.6530609130859375,5884 x 10 (1).jpg
lbp_kmeans,texture,5884-armor-steel,Steel,0.4855367180913305,0.6536848046689518,0.6536865234375,5884 x 10 (2).jpg
lbp_kmeans,texture,5884-armor-steel,Steel,0.42518121953820065,0.5937022160006149,0.603973388671875,5884 x 10 (3).jpg
lbp_kmeans,texture,5884-armor-steel,Steel,0.47897799770023,0.6470828431007782,0.649505615234375,5884 x 10 (4).jpg
lbp_kmeans,texture,5884-armor-steel,Steel,0.4291460173887194,0.5991897843040067,0.6039886474609375,5884 x 10 (5).jpg
lbp_kmeans,texture,5884-armor-steel,Steel,0.4451219385160132,0.6137314763109245,0.6219940185546875,5884 x 10 (6).jpg
lbp_kmeans,texture,5884-armor-steel,Steel,0.3898243950597705,0.5470900867980069,0.59161376953125,5884 x 20 (1).jpg
lbp_kmeans,texture,5884-armor-steel,Steel,0.40857410911026193,0.5679481127249422,0.608306884765625,5884 x 20 (2).jpg
lbp_kmeans,texture,5884-armor-steel,Steel,0.7685587489699123,0.8690730929073212,0.8696136474609375,5884 x 20 (3).jpg
lbp_kmeans,texture,5884-armor-steel,Steel,0.4427097518544694,0.6081031150113405,0.6280517578125,5884 x 20 (4).jpg
lbp_kmeans,texture,5884-armor-steel,Steel,0.4670883754715567,0.6345496992044262,0.642791748046875,5884 x 20 (5).jpg
lbp_kmeans,texture,5884-armor-steel,Steel,0.42877899982942613,0.5973583660355528,0.607269287109375,5884 x 20 (6).jpg
lbp_kmeans,texture,5884-armor-steel,Steel,0.3907330134799305,0.5612285452953705,0.5634613037109375,5884 x 5 (1).jpg
lbp_kmeans,texture,5884-armor-steel,Steel,0.5289387427325514,0.6918023063262606,0.692230224609375,5884 x 5 (2).jpg
lbp_kmeans,texture,5884-armor-steel,Steel,0.5562410115877455,0.7143400347903256,0.716644287109375,5884 x 5 (3).jpg
lbp_kmeans,texture,5884-armor-steel,Steel,0.534979128882551,0.6968050910217585,0.6978607177734375,5884 x 5 (4).jpg
lbp_kmeans,texture,5884-armor-steel,Steel,0.4902267504947252,0.65556572577111,0.664764404296875,5884 x 5 (5).jpg
lbp_kmeans,texture,5884-armor-steel,Steel,0.42279547006730567,0.5939208347219772,0.5952911376953125,5884 x 50 (1).jpg
lbp_kmeans,texture,5884-armor-steel,Steel,0.4088159703140315,0.5768753218893297,0.588623046875,5884 x 50 (2).jpg
lbp_kmeans,texture,5884-armor-steel,Steel,0.6154363236099334,0.7601281785619193,0.7695159912109375,5884 x 50 (3).jpg
lbp_kmeans,texture,5884-armor-steel,Steel,0.5140190889721421,0.6777281280506009,0.6829986572265625,5884 x 50 (4).jpg
lbp_kmeans,texture,6280-cast-iron-high,Cast Iron,0.46647103125696404,0.6196699858779371,0.679595947265625,6280 x 20 (1).jpg
lbp_kmeans,texture,6280-cast-iron-high,Cast Iron,0.40705245961126757,0.5596361029194161,0.6216278076171875,6280 x 20 (10).jpg
lbp_kmeans,texture,6280-cast-iron-high,Cast Iron,0.3593915511628456,0.5060076485863982,0.574798583984375,6280 x 20 (2).jpg
lbp_kmeans,texture,6280-cast-iron-high,Cast Iron,0.3803943020064734,0.5288554407609902,0.5984344482421875,6280 x 20 (3).jpg
lbp_kmeans,texture,6280-cast-iron-high,Cast Iron,0.439842368536279,0.5931274202704456,0.65478515625,6280 x 20 (4).jpg
lbp_kmeans,texture,6280-cast-iron-high,Cast Iron,0.35361140612088926,0.4977773249874399,0.5716400146484375,6280 x 20 (5).jpg
lbp_kmeans,texture,6280-cast-iron-high,Cast Iron,0.46571145425607624,0.6194997305943768,0.677459716796875,6280 x 20 (6).jpg
lbp_kmeans,texture,6280-cast-iron-high,Cast Iron,0.4302852272470942,0.5874608305541039,0.636138916015625,6280 x 20 (7).jpg
lbp_kmeans,texture,6280-cast-iron-high,Cast Iron,0.4470877080702911,0.5991970503457785,0.66461181640625,6280 x 20 (8).jpg
lbp_kmeans,texture,6280-cast-iron-high,Cast Iron,0.3550942057398737,0.5006393384519267,0.571044921875,6280 x 20 (9).jpg
lbp_kmeans,texture,6280-cast-iron-low,Cast Iron,0.371346032784967,0.5383325997001167,0.52081298828125,6280 x 10 (1).jpg
lbp_kmeans,texture,6280-cast-iron-low,Cast Iron,0.34502663288061636,0.5123122646729231,0.50128173828125,6280 x 10 (10).jpg
lbp_kmeans,texture,6280-cast-iron-low,Cast Iron,0.34396539262918635,0.5101086949412698,0.490814208984375,6280 x 10 (11).jpg
lbp_kmeans,texture,6280-cast-iron-low,Cast Iron,0.36752982712205173,0.5352173485974885,0.52679443359375,6280 x 10 (2).jpg
lbp_kmeans,texture,6280-cast-iron-low,Cast Iron,0.378980650613088,0.5447937649756879,0.525848388671875,6280 x 10 (3).jpg
lbp_kmeans,texture,6280-cast-iron-low,Cast Iron,0.3514338825164101,0.5183242806175049,0.514739990234375,6280 x 10 (4).jpg
lbp_kmeans,texture,6280-cast-iron-low,Cast Iron,0.2846606921700465,0.440995270385067,0.463836669921875,6280 x 10 (5).jpg
lbp_kmeans,texture,6280-cast-iron-low,Cast Iron,0.327280673458289,0.4914744643280247,0.494964599609375,6280 x 10 (6).jpg
lbp_kmeans,texture,6280-cast-iron-low,Cast Iron,0.3715346703388082,0.537206899441366,0.517242431640625,6280 x 10 (7).jpg
lbp_kmeans,texture,6280-cast-iron-low,Cast Iron,0.35097369046121646,0.516647051605843,0.511993408203125,6280 x 10 (8).jpg
lbp_kmeans,texture,6280-cast-iron-low,Cast Iron,0.2815620671339976,0.4375439344681022,0.4600677490234375,6280 x 10 (9).jpg
rf_pixel,metallography_learned,4130-steel,Steel,0.751450668689043,0.8580390850369205,0.8584442138671875,4130 x 10 (1).jpg
rf_pixel,metallography_learned,4130-steel,Steel,0.7836079177279744,0.8786773206797838,0.8786773681640625,4130 x 10 (10).jpg
rf_pixel,metallography_learned,4130-steel,Steel,0.7218943474358566,0.8384692895471547,0.8386077880859375,4130 x 10 (11).jpg
rf_pixel,metallography_learned,4130-steel,Steel,0.7614354418395404,0.864558206715738,0.864593505859375,4130 x 10 (12).jpg
rf_pixel,metallography_learned,4130-steel,Steel,0.7219127570252466,0.8385009669364075,0.8385009765625,4130 x 10 (13).jpg
rf_pixel,metallography_learned,4130-steel,Steel,0.7638977976778125,0.8660756084103354,0.8666839599609375,4130 x 10 (14).jpg
rf_pixel,metallography_learned,4130-steel,Steel,0.7136510982563589,0.832888579287015,0.832977294921875,4130 x 10 (15).jpg
rf_pixel,metallography_learned,4130-steel,Steel,0.7077760146326972,0.8288754975313855,0.828948974609375,4130 x 10 (16).jpg
rf_pixel,metallography_learned,4130-steel,Steel,0.7708932484210589,0.8705600339941791,0.8711395263671875,4130 x 10 (17).jpg
rf_pixel,metallography_learned,4130-steel,Steel,0.7472101610267134,0.855316072326492,0.8553314208984375,4130 x 10 (18).jpg
rf_pixel,metallography_learned,4130-steel,Steel,0.757632727179842,0.8620615832585137,0.8624267578125,4130 x 10 (19).jpg
rf_pixel,metallography_learned,4130-steel,Steel,0.508712026541428,0.6736002179134042,0.6767120361328125,4130 x 10 (2).jpg
rf_pixel,metallography_learned,4130-steel,Steel,0.7747291421428018,0.8729498928979501,0.873992919921875,4130 x 10 (20).jpg
rf_pixel,metallography_learned,4130-steel,Steel,0.5200591826175096,0.6837153348103309,0.6859893798828125,4130 x 10 (3).jpg
rf_pixel,metallography_learned,4130-steel,Steel,0.5120306500062272,0.6767028858266428,0.679046630859375,4130 x 10 (4).jpg
rf_pixel,metallography_learned,4130-steel,Steel,0.5206352567491868,0.683652125305775,0.688262939453125,4130 x 10 (5).jpg
rf_pixel,metallography_learned,4130-steel,Steel,0.752144543895245,0.8583869154394266,0.8596343994140625,4130 x 10 (6).jpg
rf_pixel,metallography_learned,4130-steel,Steel,0.7805085699948993,0.8766804143332194,0.8770904541015625,4130 x 10 (7).jpg
rf_pixel,metallography_learned,4130-steel,Steel,0.779497558048059,0.8760858357718614,0.8760986328125,4130 x 10 (8).jpg
rf_pixel,metallography_learned,4130-steel,Steel,0.7797899578172338,0.876206450367438,0.876800537109375,4130 x 10 (9).jpg
rf_pixel,metallography_learned,4130-steel,Steel,0.46956230170304647,0.6328021913861013,0.65606689453125,4130 x 20 (1).jpg
rf_pixel,metallography_learned,4130-steel,Steel,0.8692464242239806,0.9300487941630875,0.9300689697265625,4130 x 20 (10).jpg
rf_pixel,metallography_learned,4130-steel,Steel,0.8531680818478594,0.9207469952145049,0.9210205078125,4130 x 20 (11).jpg
rf_pixel,metallography_learned,4130-steel,Steel,0.8547882827893203,0.9217016605801209,0.92181396484375,4130 x 20 (12).jpg
rf_pixel,metallography_learned,4130-steel,Steel,0.8541254265901614,0.9213001985143618,0.921630859375,4130 x 20 (13).jpg
rf_pixel,metallography_learned,4130-steel,Steel,0.8446384447230934,0.9157488461980625,0.916107177734375,4130 x 20 (14).jpg
rf_pixel,metallography_learned,4130-steel,Steel,0.8200784611109828,0.901145552463553,0.901153564453125,4130 x 20 (15).jpg
rf_pixel,metallography_learned,4130-steel,Steel,0.7942315730677625,0.8852748700355273,0.88568115234375,4130 x 20 (16).jpg
rf_pixel,metallography_learned,4130-steel,Steel,0.8158220689576248,0.8985344472493139,0.89892578125,4130 x 20 (17).jpg
rf_pixel,metallography_learned,4130-steel,Steel,0.8360838750171162,0.910656001664369,0.9114990234375,4130 x 20 (18).jpg
rf_pixel,metallography_learned,4130-steel,Steel,0.8296806861050542,0.9068440921447136,0.90765380859375,4130 x 20 (19).jpg
rf_pixel,metallography_learned,4130-steel,Steel,0.4497208856067261,0.6147998169525815,0.6350250244140625,4130 x 20 (2).jpg
rf_pixel,metallography_learned,4130-steel,Steel,0.8132072161151347,0.8969091502147721,0.8976898193359375,4130 x 20 (20).jpg
rf_pixel,metallography_learned,4130-steel,Steel,0.4914625388420457,0.6553078329557485,0.6698455810546875,4130 x 20 (3).jpg
rf_pixel,metallography_learned,4130-steel,Steel,0.3700111293293186,0.5275180327504656,0.5669097900390625,4130 x 20 (4).jpg
rf_pixel,metallography_learned,4130-steel,Steel,0.8003342864552482,0.8890626026314267,0.8893890380859375,4130 x 20 (5).jpg
rf_pixel,metallography_learned,4130-steel,Steel,0.8553269438205675,0.9220165606173996,0.9221038818359375,4130 x 20 (6).jpg
rf_pixel,metallography_learned,4130-steel,Steel,0.8498780985555855,0.9188459471037058,0.9188690185546875,4130 x 20 (7).jpg
rf_pixel,metallography_learned,4130-steel,Steel,0.8489344253325743,0.9182814555405243,0.9184722900390625,4130 x 20 (8).jpg
rf_pixel,metallography_learned,4130-steel,Steel,0.8303047400527895,0.9072743021862341,0.90740966796875,4130 x 20 (9).jpg
rf_pixel,metallography_learned,418-17-4ph-x20,Steel,0.33531110600257263,0.5019602860181585,0.50274658203125,x20 (1).jpg
rf_pixel,metallography_learned,418-17-4ph-x20,Steel,0.3083403676566442,0.45411289020627366,0.5029144287109375,x20 (10).jpg
rf_pixel,metallography_learned,418-17-4ph-x20,Steel,0.34201425604945,0.445576374469561,0.6253662109375,x20 (11).jpg
rf_pixel,metallography_learned,418-17-4ph-x20,Steel,0.3345848781179804,0.4346665735237577,0.6194610595703125,x20 (12).jpg
rf_pixel,metallography_learned,418-17-4ph-x20,Steel,0.33227724824454913,0.41911962049687906,0.6360015869140625,x20 (13).jpg
rf_pixel,metallography_learned,418-17-4ph-x20,Steel,0.33171456168607444,0.42507905377690014,0.6253204345703125,x20 (14).jpg
rf_pixel,metallography_learned,418-17-4ph-x20,Steel,0.336211795816981,0.42972608962876346,0.6321258544921875,x20 (15).jpg
rf_pixel,metallography_learned,418-17-4ph-x20,Steel,0.3381403550232663,0.4375265418914598,0.62603759765625,x20 (16).jpg
rf_pixel,metallography_learned,418-17-4ph-x20,Steel,0.3354602255736638,0.4295065383883433,0.6301422119140625,x20 (17).jpg
rf_pixel,metallography_learned,418-17-4ph-x20,Steel,0.3345912635700095,0.4324010340147687,0.6230010986328125,x20 (18).jpg
rf_pixel,metallography_learned,418-17-4ph-x20,Steel,0.31915723944169294,0.41513245394000964,0.6014251708984375,x20 (19).jpg
rf_pixel,metallography_learned,418-17-4ph-x20,Steel,0.3351039456110301,0.48036178735576607,0.543609619140625,x20 (2).jpg
rf_pixel,metallography_learned,418-17-4ph-x20,Steel,0.338078912655314,0.5034836744700022,0.5090179443359375,x20 (20).jpg
rf_pixel,metallography_learned,418-17-4ph-x20,Steel,0.34204029463946695,0.502734292489638,0.5238037109375,x20 (21).jpg
rf_pixel,metallography_learned,418-17-4ph-x20,Steel,0.3140616010765068,0.449963151694449,0.5289764404296875,x20 (3).jpg
rf_pixel,metallography_learned,418-17-4ph-x20,Steel,0.29779697170033237,0.42694281020345676,0.514739990234375,x20 (4).jpg
rf_pixel,metallography_learned,418-17-4ph-x20,Steel,0.3098982301590029,0.44524906638101636,0.5234832763671875,x20 (5).jpg
rf_pixel,metallography_learned,418-17-4ph-x20,Steel,0.323156635720587,0.47907514318871514,0.5064849853515625,x20 (6).jpg
rf_pixel,metallography_learned,418-17-4ph-x20,Steel,0.34227308642606546,0.5095466068379588,0.510894775390625,x20 (7).jpg
rf_pixel,metallography_learned,418-17-4ph-x20,Steel,0.3137005690612379,0.4529578448692435,0.5225982666015625,x20 (8).jpg
rf_pixel,metallography_learned,418-17-4ph-x20,Steel,0.3749755312091503,0.5449579870177947,0.5464630126953125,x20 (9).jpg
rf_pixel,metallography_learned,418-17-4ph-x5,Steel,0.7062612884648248,0.7997391514085239,0.96820068359375,x5 (1).jpg
rf_pixel,metallography_learned,418-17-4ph-x5,Steel,0.696844811467747,0.7897190109122189,0.9717254638671875,x5 (10).jpg
rf_pixel,metallography_learned,418-17-4ph-x5,Steel,0.6930643278336235,0.7868644536431457,0.9681243896484375,x5 (11).jpg
rf_pixel,metallography_learned,418-17-4ph-x5,Steel,0.6876793113017374,0.7809911438625231,0.9699554443359375,x5 (12).jpg
rf_pixel,metallography_learned,418-17-4ph-x5,Steel,0.6793742253783716,0.77191755825131,0.972015380859375,x5 (13).jpg
rf_pixel,metallography_learned,418-17-4ph-x5,Steel,0.7102407350108366,0.8023672205080844,0.973297119140625,x5 (14).jpg
rf_pixel,metallography_learned,418-17-4ph-x5,Steel,0.8423427934589078,0.9093313986612321,0.970611572265625,x5 (15).jpg
rf_pixel,metallography_learned,418-17-4ph-x5,Steel,0.7607646606406011,0.8497343252609457,0.959930419921875,x5 (16).jpg
rf_pixel,metallography_learned,418-17-4ph-x5,Steel,0.8238185291310487,0.8977058775026701,0.9590606689453125,x5 (17).jpg
rf_pixel,metallography_learned,418-17-4ph-x5,Steel,0.7040254844174367,0.7976527421303978,0.967926025390625,x5 (18).jpg
rf_pixel,metallography_learned,418-17-4ph-x5,Steel,0.7230345776994823,0.8146863933571313,0.9718475341796875,x5 (19).jpg
rf_pixel,metallography_learned,418-17-4ph-x5,Steel,0.7972522507343837,0.8761828975791273,0.9760894775390625,x5 (2).jpg
rf_pixel,metallography_learned,418-17-4ph-x5,Steel,0.7158459956852055,0.8081733736143126,0.9710845947265625,x5 (20).jpg
rf_pixel,metallography_learned,418-17-4ph-x5,Steel,0.6800478082797551,0.7732167688492124,0.9698028564453125,x5 (21).jpg
rf_pixel,metallography_learned,418-17-4ph-x5,Steel,0.6914213438892917,0.7860290143032421,0.964935302734375,x5 (22).jpg
rf_pixel,metallography_learned,418-17-4ph-x5,Steel,0.6960675636625688,0.78949007516949,0.96954345703125,x5 (23).jpg
rf_pixel,metallography_learned,418-17-4ph-x5,Steel,0.711454400619503,0.8039534243251334,0.9714202880859375,x5 (24).jpg
rf_pixel,metallography_learned,418-17-4ph-x5,Steel,0.7190323880339414,0.8109953691628261,0.9717864990234375,x5 (25).jpg
rf_pixel,metallography_learned,418-17-4ph-x5,Steel,0.6987750787529126,0.7910993860540296,0.9738616943359375,x5 (3).jpg
rf_pixel,metallography_learned,418-17-4ph-x5,Steel,0.7477109008028593,0.8365704182900431,0.9723663330078125,x5 (4).jpg
rf_pixel,metallography_learned,418-17-4ph-x5,Steel,0.8587071435760472,0.9202474992419605,0.9708251953125,x5 (5).jpg
rf_pixel,metallography_learned,418-17-4ph-x5,Steel,0.7778033550814869,0.8617190992338573,0.9711761474609375,x5 (6).jpg
rf_pixel,metallography_learned,418-17-4ph-x5,Steel,0.675673081897226,0.7696928806859169,0.9660491943359375,x5 (7).jpg
rf_pixel,metallography_learned,418-17-4ph-x5,Steel,0.677740028465161,0.7707113823852668,0.9701995849609375,x5 (8).jpg
rf_pixel,metallography_learned,418-17-4ph-x5,Steel,0.7110590971512698,0.8034487493561908,0.97198486328125,x5 (9).jpg
rf_pixel,metallography_learned,5884-armor-steel,Steel,0.7702142877979169,0.8701496627937189,0.8705291748046875,5884 x 10 (1).jpg
rf_pixel,metallography_learned,5884-armor-steel,Steel,0.7831400082182375,0.8783825508716339,0.878387451171875,5884 x 10 (2).jpg
rf_pixel,metallography_learned,5884-armor-steel,Steel,0.6003940559328419,0.7478809603534357,0.7599334716796875,5884 x 10 (3).jpg
rf_pixel,metallography_learned,5884-armor-steel,Steel,0.7487567641939153,0.8559841913949563,0.858734130859375,5884 x 10 (4).jpg
rf_pixel,metallography_learned,5884-armor-steel,Steel,0.6100194020335112,0.7567873344745055,0.7618560791015625,5884 x 10 (5).jpg
rf_pixel,metallography_learned,5884-armor-steel,Steel,0.6717132270010779,0.8028228695827714,0.80767822265625,5884 x 10 (6).jpg
rf_pixel,metallography_learned,5884-armor-steel,Steel,0.5285827707259192,0.6816079261968546,0.7229766845703125,5884 x 20 (1).jpg
rf_pixel,metallography_learned,5884-armor-steel,Steel,0.5588724994254015,0.7089918790285625,0.7446136474609375,5884 x 20 (2).jpg
rf_pixel,metallography_learned,5884-armor-steel,Steel,0.8427553607938547,0.9146683877414754,0.9146728515625,5884 x 20 (3).jpg
rf_pixel,metallography_learned,5884-armor-steel,Steel,0.6538618679585029,0.7876830118823543,0.804962158203125,5884 x 20 (4).jpg
rf_pixel,metallography_learned,5884-armor-steel,Steel,0.7424586168053194,0.8509285614288589,0.8607025146484375,5884 x 20 (5).jpg
rf_pixel,metallography_learned,5884-armor-steel,Steel,0.6423074759756395,0.780938878200157,0.7879638671875,5884 x 20 (6).jpg
rf_pixel,metallography_learned,5884-armor-steel,Steel,0.5089936603513358,0.6740187971950244,0.6764373779296875,5884 x 5 (1).jpg
rf_pixel,metallography_learned,5884-armor-steel,Steel,0.7330529952115163,0.8459608692791363,0.84600830078125,5884 x 5 (2).jpg
rf_pixel,metallography_learned,5884-armor-steel,Steel,0.7836159363118655,0.8785921995613353,0.879425048828125,5884 x 5 (3).jpg
rf_pixel,metallography_learned,5884-armor-steel,Steel,0.6849330945035832,0.8129817794211638,0.8131561279296875,5884 x 5 (4).jpg
rf_pixel,metallography_learned,5884-armor-steel,Steel,0.7056020955359272,0.8264722889657576,0.83270263671875,5884 x 5 (5).jpg
rf_pixel,metallography_learned,5884-armor-steel,Steel,0.6510979515486917,0.7885630320305272,0.7892608642578125,5884 x 50 (1).jpg
rf_pixel,metallography_learned,5884-armor-steel,Steel,0.6507439794869105,0.7865037806429471,0.79742431640625,5884 x 50 (2).jpg
rf_pixel,metallography_learned,5884-armor-steel,Steel,0.7249319780532548,0.840459095770128,0.84100341796875,5884 x 50 (3).jpg
rf_pixel,metallography_learned,5884-armor-steel,Steel,0.6122826784008273,0.759519371931819,0.7595367431640625,5884 x 50 (4).jpg
rf_pixel,metallography_learned,6280-cast-iron-high,Cast Iron,0.694134499859183,0.8051937424159643,0.892669677734375,6280 x 20 (1).jpg
rf_pixel,metallography_learned,6280-cast-iron-high,Cast Iron,0.6432035990890833,0.7617664388762339,0.871429443359375,6280 x 20 (10).jpg
rf_pixel,metallography_learned,6280-cast-iron-high,Cast Iron,0.5282155418735066,0.6516887322682311,0.804962158203125,6280 x 20 (2).jpg
rf_pixel,metallography_learned,6280-cast-iron-high,Cast Iron,0.538021393440741,0.662363128798576,0.80999755859375,6280 x 20 (3).jpg
rf_pixel,metallography_learned,6280-cast-iron-high,Cast Iron,0.6805455758748411,0.7941868924186645,0.8863067626953125,6280 x 20 (4).jpg
rf_pixel,metallography_learned,6280-cast-iron-high,Cast Iron,0.5301337404160898,0.6511223963734676,0.812744140625,6280 x 20 (5).jpg
rf_pixel,metallography_learned,6280-cast-iron-high,Cast Iron,0.7179994151103546,0.8241929271993196,0.902191162109375,6280 x 20 (6).jpg
rf_pixel,metallography_learned,6280-cast-iron-high,Cast Iron,0.6554694929845912,0.7734473311087364,0.873260498046875,6280 x 20 (7).jpg
rf_pixel,metallography_learned,6280-cast-iron-high,Cast Iron,0.6706834924937506,0.7859214264710224,0.8821258544921875,6280 x 20 (8).jpg
rf_pixel,metallography_learned,6280-cast-iron-high,Cast Iron,0.5388585051719667,0.6603759240803191,0.8179931640625,6280 x 20 (9).jpg
rf_pixel,metallography_learned,6280-cast-iron-low,Cast Iron,0.6080976919593747,0.7480658727741433,0.8010711669921875,6280 x 10 (1).jpg
rf_pixel,metallography_learned,6280-cast-iron-low,Cast Iron,0.582263034545091,0.7239159560358361,0.787628173828125,6280 x 10 (10).jpg
rf_pixel,metallography_learned,6280-cast-iron-low,Cast Iron,0.5723896277514037,0.7168208984901424,0.7757568359375,6280 x 10 (11).jpg
rf_pixel,metallography_learned,6280-cast-iron-low,Cast Iron,0.6010235836129639,0.7408765376327068,0.8000335693359375,6280 x 10 (2).jpg
rf_pixel,metallography_learned,6280-cast-iron-low,Cast Iron,0.5914911348625593,0.7337814168182214,0.79266357421875,6280 x 10 (3).jpg
rf_pixel,metallography_learned,6280-cast-iron-low,Cast Iron,0.5889680258249091,0.7273085007121124,0.8000946044921875,6280 x 10 (4).jpg
rf_pixel,metallography_learned,6280-cast-iron-low,Cast Iron,0.4238383934776984,0.578301929633955,0.6599884033203125,6280 x 10 (5).jpg
rf_pixel,metallography_learned,6280-cast-iron-low,Cast Iron,0.5471877849092412,0.6932539874101438,0.7644805908203125,6280 x 10 (6).jpg
rf_pixel,metallography_learned,6280-cast-iron-low,Cast Iron,0.5846306487104181,0.7302657238407035,0.7755889892578125,6280 x 10 (7).jpg
rf_pixel,metallography_learned,6280-cast-iron-low,Cast Iron,0.5770944016701657,0.7192835891986324,0.78497314453125,6280 x 10 (8).jpg
rf_pixel,metallography_learned,6280-cast-iron-low,Cast Iron,0.4417342721507231,0.5967796204753041,0.6737060546875,6280 x 10 (9).jpg
slic_cluster,contour_region,4130-steel,Steel,0.2836308949783176,0.3666631158537554,0.5607452392578125,4130 x 10 (1).jpg
slic_cluster,contour_region,4130-steel,Steel,0.26762428148175993,0.3650145456170068,0.5123748779296875,4130 x 10 (10).jpg
slic_cluster,contour_region,4130-steel,Steel,0.2815516926193944,0.37911879982486746,0.536468505859375,4130 x 10 (11).jpg
slic_cluster,contour_region,4130-steel,Steel,0.2779324620400723,0.3744917208002436,0.5316619873046875,4130 x 10 (12).jpg
slic_cluster,contour_region,4130-steel,Steel,0.2743385178984907,0.3732447586821796,0.522003173828125,4130 x 10 (13).jpg
slic_cluster,contour_region,4130-steel,Steel,0.2964513603649097,0.39187538310348224,0.5649566650390625,4130 x 10 (14).jpg
slic_cluster,contour_region,4130-steel,Steel,0.27964489500149775,0.3770338965287873,0.5334320068359375,4130 x 10 (15).jpg
slic_cluster,contour_region,4130-steel,Steel,0.26266918337452905,0.36081686381072936,0.502471923828125,4130 x 10 (16).jpg
slic_cluster,contour_region,4130-steel,Steel,0.2971546480004126,0.3939403198461785,0.5641326904296875,4130 x 10 (17).jpg
slic_cluster,contour_region,4130-steel,Steel,0.2752439964012511,0.3734403872721517,0.5246124267578125,4130 x 10 (18).jpg
slic_cluster,contour_region,4130-steel,Steel,0.25882649979805544,0.34383201283383436,0.513916015625,4130 x 10 (19).jpg
slic_cluster,contour_region,4130-steel,Steel,0.29997259056841896,0.38089958368514243,0.591705322265625,4130 x 10 (2).jpg
slic_cluster,contour_region,4130-steel,Steel,0.2749922428819528,0.3596192328947261,0.54339599609375,4130 x 10 (20).jpg
slic_cluster,contour_region,4130-steel,Steel,0.29276314357519095,0.37389900564964096,0.5791473388671875,4130 x 10 (3).jpg
slic_cluster,contour_region,4130-steel,Steel,0.2938530503308806,0.3763641684621571,0.5790863037109375,4130 x 10 (4).jpg
slic_cluster,contour_region,4130-steel,Steel,0.2863526135599025,0.36957518677462975,0.5652008056640625,4130 x 10 (5).jpg
slic_cluster,contour_region,4130-steel,Steel,0.27781835670434396,0.3620832791792298,0.5488739013671875,4130 x 10 (6).jpg
slic_cluster,contour_region,4130-steel,Steel,0.26821266624262824,0.3540654797053858,0.5296630859375,4130 x 10 (7).jpg
slic_cluster,contour_region,4130-steel,Steel,0.2639938122911448,0.3619921546938774,0.5050506591796875,4130 x 10 (8).jpg
slic_cluster,contour_region,4130-steel,Steel,0.26709969586774746,0.3509541092540329,0.530426025390625,4130 x 10 (9).jpg
slic_cluster,contour_region,4130-steel,Steel,0.34787832592020695,0.5141240095329839,0.5204315185546875,4130 x 20 (1).jpg
slic_cluster,contour_region,4130-steel,Steel,0.6695661974083067,0.8016372220877255,0.8043365478515625,4130 x 20 (10).jpg
slic_cluster,contour_region,4130-steel,Steel,0.6369383970677722,0.7765518228484006,0.785614013671875,4130 x 20 (11).jpg
slic_cluster,contour_region,4130-steel,Steel,0.6518164733366463,0.7880759958083889,0.7945709228515625,4130 x 20 (12).jpg
slic_cluster,contour_region,4130-steel,Steel,0.6113619307244483,0.7557149889206387,0.7714996337890625,4130 x 20 (13).jpg
slic_cluster,contour_region,4130-steel,Steel,0.6310761814545678,0.7720164436262538,0.781707763671875,4130 x 20 (14).jpg
slic_cluster,contour_region,4130-steel,Steel,0.6739147283637876,0.8048813861195838,0.8068084716796875,4130 x 20 (15).jpg
slic_cluster,contour_region,4130-steel,Steel,0.2674011884939482,0.35107107448798686,0.531219482421875,4130 x 20 (16).jpg
slic_cluster,contour_region,4130-steel,Steel,0.6505980161914526,0.7882475202038631,0.7886505126953125,4130 x 20 (17).jpg
slic_cluster,contour_region,4130-steel,Steel,0.6745780773920861,0.8056465984064769,0.8057861328125,4130 x 20 (18).jpg
slic_cluster,contour_region,4130-steel,Steel,0.6471581905385704,0.7857789493647285,0.78582763671875,4130 x 20 (19).jpg
slic_cluster,contour_region,4130-steel,Steel,0.33275822017730333,0.4979091748975769,0.502227783203125,4130 x 20 (2).jpg
slic_cluster,contour_region,4130-steel,Steel,0.6597429503637973,0.7949901722352658,0.795013427734375,4130 x 20 (20).jpg
slic_cluster,contour_region,4130-steel,Steel,0.3646529929140818,0.5332232614576102,0.5370025634765625,4130 x 20 (3).jpg
slic_cluster,contour_region,4130-steel,Steel,0.30262605469754,0.41575668144214534,0.548309326171875,4130 x 20 (4).jpg
slic_cluster,contour_region,4130-steel,Steel,0.6498622326420664,0.7876148586636738,0.788543701171875,4130 x 20 (5).jpg
slic_cluster,contour_region,4130-steel,Steel,0.25954894485167335,0.34388495994414126,0.516143798828125,4130 x 20 (6).jpg
slic_cluster,contour_region,4130-steel,Steel,0.6884643216099278,0.8153932920513122,0.8160247802734375,4130 x 20 (7).jpg
slic_cluster,contour_region,4130-steel,Steel,0.6630136434928076,0.797274493759876,0.7978057861328125,4130 x 20 (8).jpg
slic_cluster,contour_region,4130-steel,Steel,0.2583919720479995,0.34222561142282915,0.5147247314453125,4130 x 20 (9).jpg
slic_cluster,contour_region,418-17-4ph-x20,Steel,0.3533639499030772,0.4524348147860221,0.6496124267578125,x20 (1).jpg
slic_cluster,contour_region,418-17-4ph-x20,Steel,0.41278812203401644,0.5102814722561158,0.735626220703125,x20 (10).jpg
slic_cluster,contour_region,418-17-4ph-x20,Steel,0.47084135117263526,0.48849246204452096,0.9368896484375,x20 (11).jpg
slic_cluster,contour_region,418-17-4ph-x20,Steel,0.4713293797518701,0.4884740721293042,0.9382476806640625,x20 (12).jpg
slic_cluster,contour_region,418-17-4ph-x20,Steel,0.4357068480198415,0.48091383746368543,0.8497772216796875,x20 (13).jpg
slic_cluster,contour_region,418-17-4ph-x20,Steel,0.3492318254981482,0.42213081167351013,0.683013916015625,x20 (14).jpg
slic_cluster,contour_region,418-17-4ph-x20,Steel,0.4799055045881127,0.49429728283945407,0.95361328125,x20 (15).jpg
slic_cluster,contour_region,418-17-4ph-x20,Steel,0.469565598913425,0.48589555117051086,0.9369659423828125,x20 (16).jpg
slic_cluster,contour_region,418-17-4ph-x20,Steel,0.4790624617978082,0.492882853469481,0.9532623291015625,x20 (17).jpg
slic_cluster,contour_region,418-17-4ph-x20,Steel,0.4761380473148485,0.4933604745027008,0.94464111328125,x20 (18).jpg
slic_cluster,contour_region,418-17-4ph-x20,Steel,0.4796129435121516,0.4962299393153226,0.9501495361328125,x20 (19).jpg
slic_cluster,contour_region,418-17-4ph-x20,Steel,0.43162398428277937,0.5225146276766431,0.771514892578125,x20 (2).jpg
slic_cluster,contour_region,418-17-4ph-x20,Steel,0.31927885552258783,0.4625654735769252,0.5239410400390625,x20 (20).jpg
slic_cluster,contour_region,418-17-4ph-x20,Steel,0.28038922620378004,0.36519269046691094,0.5526275634765625,x20 (21).jpg
slic_cluster,contour_region,418-17-4ph-x20,Steel,0.46721621860871587,0.5562281165973539,0.818603515625,x20 (3).jpg
slic_cluster,contour_region,418-17-4ph-x20,Steel,0.43802661787131036,0.5783819949412174,0.68231201171875,x20 (4).jpg
slic_cluster,contour_region,418-17-4ph-x20,Steel,0.4249040411611583,0.5632661880716439,0.6722564697265625,x20 (5).jpg
slic_cluster,contour_region,418-17-4ph-x20,Steel,0.36121284479846044,0.45933966250483416,0.662750244140625,x20 (6).jpg
slic_cluster,contour_region,418-17-4ph-x20,Steel,0.3232120895038649,0.43362307614150053,0.5854644775390625,x20 (7).jpg
slic_cluster,contour_region,418-17-4ph-x20,Steel,0.47573133695213293,0.6201944177736092,0.7093658447265625,x20 (8).jpg
slic_cluster,contour_region,418-17-4ph-x20,Steel,0.30118654798532624,0.40743673259093854,0.556610107421875,x20 (9).jpg
slic_cluster,contour_region,418-17-4ph-x5,Steel,0.7354696608992072,0.8258313593725819,0.972412109375,x5 (1).jpg
slic_cluster,contour_region,418-17-4ph-x5,Steel,0.7525409155439927,0.8393938307818596,0.9796295166015625,x5 (10).jpg
slic_cluster,contour_region,418-17-4ph-x5,Steel,0.7350685824956482,0.8254403509649957,0.9725799560546875,x5 (11).jpg
slic_cluster,contour_region,418-17-4ph-x5,Steel,0.7315780019406323,0.8223243527041924,0.9725189208984375,x5 (12).jpg
slic_cluster,contour_region,418-17-4ph-x5,Steel,0.7194566256499603,0.8101340218631747,0.977508544921875,x5 (13).jpg
slic_cluster,contour_region,418-17-4ph-x5,Steel,0.7550791467125564,0.8415739911213477,0.9795989990234375,x5 (14).jpg
slic_cluster,contour_region,418-17-4ph-x5,Steel,0.8439112295266544,0.9104639471075529,0.96990966796875,x5 (15).jpg
slic_cluster,contour_region,418-17-4ph-x5,Steel,0.8200940420068432,0.8939535621551733,0.9690704345703125,x5 (16).jpg
slic_cluster,contour_region,418-17-4ph-x5,Steel,0.8610402341977669,0.9221567250671503,0.96612548828125,x5 (17).jpg
slic_cluster,contour_region,418-17-4ph-x5,Steel,0.7278529692193808,0.8192673983882335,0.97100830078125,x5 (18).jpg
slic_cluster,contour_region,418-17-4ph-x5,Steel,0.7596003085298653,0.8457899669170972,0.9774322509765625,x5 (19).jpg
slic_cluster,contour_region,418-17-4ph-x5,Steel,0.8082636866919602,0.8845200811854554,0.97576904296875,x5 (2).jpg
slic_cluster,contour_region,418-17-4ph-x5,Steel,0.74760410205388,0.8357575625149919,0.9762420654296875,x5 (20).jpg
slic_cluster,contour_region,418-17-4ph-x5,Steel,0.6895504730008727,0.7815740959965909,0.9750213623046875,x5 (21).jpg
slic_cluster,contour_region,418-17-4ph-x5,Steel,0.7024283060845818,0.7964598084405142,0.9664459228515625,x5 (22).jpg
slic_cluster,contour_region,418-17-4ph-x5,Steel,0.7353700838285572,0.8253772511212327,0.9742431640625,x5 (23).jpg
slic_cluster,contour_region,418-17-4ph-x5,Steel,0.7311028432601585,0.8213241920839993,0.975311279296875,x5 (24).jpg
slic_cluster,contour_region,418-17-4ph-x5,Steel,0.757494082130225,0.8440179980484077,0.9774017333984375,x5 (25).jpg
slic_cluster,contour_region,418-17-4ph-x5,Steel,0.7144493631821858,0.8060373880890409,0.9747467041015625,x5 (3).jpg
slic_cluster,contour_region,418-17-4ph-x5,Steel,0.6407713743210377,0.7325589724497457,0.9624176025390625,x5 (4).jpg
slic_cluster,contour_region,418-17-4ph-x5,Steel,0.8749237902749022,0.9306102419046356,0.9719085693359375,x5 (5).jpg
slic_cluster,contour_region,418-17-4ph-x5,Steel,0.789271593435446,0.8708578158536137,0.9702606201171875,x5 (6).jpg
slic_cluster,contour_region,418-17-4ph-x5,Steel,0.7195676544528987,0.8111733823687362,0.9732513427734375,x5 (7).jpg
slic_cluster,contour_region,418-17-4ph-x5,Steel,0.7125455314443503,0.8042663022232094,0.9745941162109375,x5 (8).jpg
slic_cluster,contour_region,418-17-4ph-x5,Steel,0.7801187037868329,0.862059283259037,0.98101806640625,x5 (9).jpg
slic_cluster,contour_region,5884-armor-steel,Steel,0.5381391101324743,0.6926282467527081,0.7228240966796875,5884 x 10 (1).jpg
slic_cluster,contour_region,5884-armor-steel,Steel,0.5630992392880654,0.7186277123905032,0.72711181640625,5884 x 10 (2).jpg
slic_cluster,contour_region,5884-armor-steel,Steel,0.558198714304469,0.7142752390606286,0.7241363525390625,5884 x 10 (3).jpg
slic_cluster,contour_region,5884-armor-steel,Steel,0.5817105965416528,0.7355250159782265,0.735626220703125,5884 x 10 (4).jpg
slic_cluster,contour_region,5884-armor-steel,Steel,0.5167736797310705,0.6814117104519541,0.6814117431640625,5884 x 10 (5).jpg
slic_cluster,contour_region,5884-armor-steel,Steel,0.4727745580609857,0.641988051746032,0.6421051025390625,5884 x 10 (6).jpg
slic_cluster,contour_region,5884-armor-steel,Steel,0.6767046072261856,0.7913844997663562,0.8829193115234375,5884 x 20 (1).jpg
slic_cluster,contour_region,5884-armor-steel,Steel,0.6351231473245231,0.7626140318734409,0.836822509765625,5884 x 20 (2).jpg
slic_cluster,contour_region,5884-armor-steel,Steel,0.6982465127884232,0.8220137953362676,0.824005126953125,5884 x 20 (3).jpg
slic_cluster,contour_region,5884-armor-steel,Steel,0.5606226998242703,0.6896960308824953,0.8111572265625,5884 x 20 (4).jpg
slic_cluster,contour_region,5884-armor-steel,Steel,0.6155452592956082,0.7499731212246512,0.81024169921875,5884 x 20 (5).jpg
slic_cluster,contour_region,5884-armor-steel,Steel,0.39985149943253967,0.5111579481577194,0.6942596435546875,5884 x 20 (6).jpg
slic_cluster,contour_region,5884-armor-steel,Steel,0.5100231697154604,0.6739532595671813,0.6803131103515625,5884 x 5 (1).jpg
slic_cluster,contour_region,5884-armor-steel,Steel,0.5327262730098162,0.6935569869448448,0.700286865234375,5884 x 5 (2).jpg
slic_cluster,contour_region,5884-armor-steel,Steel,0.40054635901871155,0.5374793613271042,0.6465911865234375,5884 x 5 (3).jpg
slic_cluster,contour_region,5884-armor-steel,Steel,0.6288405119783578,0.7698198310244403,0.7821807861328125,5884 x 5 (4).jpg
slic_cluster,contour_region,5884-armor-steel,Steel,0.5158983499559703,0.6573924662668517,0.74853515625,5884 x 5 (5).jpg
slic_cluster,contour_region,5884-armor-steel,Steel,0.6192439411793843,0.7648433818831661,0.7649078369140625,5884 x 50 (1).jpg
slic_cluster,contour_region,5884-armor-steel,Steel,0.6434634360984526,0.7816131669149433,0.7896728515625,5884 x 50 (2).jpg
slic_cluster,contour_region,5884-armor-steel,Steel,0.5741909745920222,0.7264672457251549,0.7406158447265625,5884 x 50 (3).jpg
slic_cluster,contour_region,5884-armor-steel,Steel,0.4843987718146935,0.650467926163022,0.658905029296875,5884 x 50 (4).jpg
slic_cluster,contour_region,6280-cast-iron-high,Cast Iron,0.41840904356724434,0.5657457454511083,0.645751953125,6280 x 20 (1).jpg
slic_cluster,contour_region,6280-cast-iron-high,Cast Iron,0.4504737351660948,0.5205194805194805,0.83099365234375,6280 x 20 (10).jpg
slic_cluster,contour_region,6280-cast-iron-high,Cast Iron,0.4418543287222813,0.5131878899871232,0.817718505859375,6280 x 20 (2).jpg
slic_cluster,contour_region,6280-cast-iron-high,Cast Iron,0.45404876815625217,0.532698805613573,0.821044921875,6280 x 20 (3).jpg
slic_cluster,contour_region,6280-cast-iron-high,Cast Iron,0.45850015257448284,0.5967996730197954,0.707916259765625,6280 x 20 (4).jpg
slic_cluster,contour_region,6280-cast-iron-high,Cast Iron,0.4551191605559524,0.529393947875378,0.8298492431640625,6280 x 20 (5).jpg
slic_cluster,contour_region,6280-cast-iron-high,Cast Iron,0.4487337313621964,0.5208153393108121,0.8253936767578125,6280 x 20 (6).jpg
slic_cluster,contour_region,6280-cast-iron-high,Cast Iron,0.44773072852066237,0.5216177559925754,0.82110595703125,6280 x 20 (7).jpg
slic_cluster,contour_region,6280-cast-iron-high,Cast Iron,0.47092590381100885,0.592351140258842,0.757965087890625,6280 x 20 (8).jpg
slic_cluster,contour_region,6280-cast-iron-high,Cast Iron,0.4661803127277024,0.5441699568218155,0.8371734619140625,6280 x 20 (9).jpg
slic_cluster,contour_region,6280-cast-iron-low,Cast Iron,0.335787276750451,0.487998874721804,0.5774993896484375,6280 x 10 (1).jpg
slic_cluster,contour_region,6280-cast-iron-low,Cast Iron,0.3402189322174077,0.4883922830709733,0.58953857421875,6280 x 10 (10).jpg
slic_cluster,contour_region,6280-cast-iron-low,Cast Iron,0.3305643020570645,0.47660985399486977,0.5796966552734375,6280 x 10 (11).jpg
slic_cluster,contour_region,6280-cast-iron-low,Cast Iron,0.3069535982809482,0.4564548527035668,0.5439605712890625,6280 x 10 (2).jpg
slic_cluster,contour_region,6280-cast-iron-low,Cast Iron,0.3475203306992725,0.4992414963487846,0.5967559814453125,6280 x 10 (3).jpg
slic_cluster,contour_region,6280-cast-iron-low,Cast Iron,0.35028010906374435,0.5030133060995505,0.5990753173828125,6280 x 10 (4).jpg
slic_cluster,contour_region,6280-cast-iron-low,Cast Iron,0.30200108723638597,0.4472922348111712,0.54351806640625,6280 x 10 (5).jpg
slic_cluster,contour_region,6280-cast-iron-low,Cast Iron,0.33137169000483746,0.4801976124828123,0.57904052734375,6280 x 10 (6).jpg
slic_cluster,contour_region,6280-cast-iron-low,Cast Iron,0.2869781644256358,0.4324988770446602,0.5167236328125,6280 x 10 (7).jpg
slic_cluster,contour_region,6280-cast-iron-low,Cast Iron,0.31177530760671884,0.4581456256889644,0.5602874755859375,6280 x 10 (8).jpg
slic_cluster,contour_region,6280-cast-iron-low,Cast Iron,0.34754197965864075,0.5032912591856463,0.5802154541015625,6280 x 10 (9).jpg
sobel_watershed,edge,4130-steel,Steel,0.3575433928769721,0.5263901725859244,0.5275115966796875,4130 x 10 (1).jpg
sobel_watershed,edge,4130-steel,Steel,0.38910946305461314,0.5583088264820266,0.5645751953125,4130 x 10 (10).jpg
sobel_watershed,edge,4130-steel,Steel,0.39997374205964253,0.5686994812983664,0.577667236328125,4130 x 10 (11).jpg
sobel_watershed,edge,4130-steel,Steel,0.4014891748187345,0.5705390839258989,0.57855224609375,4130 x 10 (12).jpg
sobel_watershed,edge,4130-steel,Steel,0.39636457658537916,0.5655241668384259,0.5727386474609375,4130 x 10 (13).jpg
sobel_watershed,edge,4130-steel,Steel,0.41300745261206395,0.5809666504262472,0.59320068359375,4130 x 10 (14).jpg
sobel_watershed,edge,4130-steel,Steel,0.39735382500825145,0.5661071101577291,0.5747528076171875,4130 x 10 (15).jpg
sobel_watershed,edge,4130-steel,Steel,0.37809402964378824,0.5469361175515162,0.5526580810546875,4130 x 10 (16).jpg
sobel_watershed,edge,4130-steel,Steel,0.4168884514645927,0.584935362433697,0.5969390869140625,4130 x 10 (17).jpg
sobel_watershed,edge,4130-steel,Steel,0.39457597327950644,0.563440983902256,0.571441650390625,4130 x 10 (18).jpg
sobel_watershed,edge,4130-steel,Steel,0.37314001844803324,0.5423585362876993,0.5459442138671875,4130 x 10 (19).jpg
sobel_watershed,edge,4130-steel,Steel,0.3356282146357773,0.49424194646040626,0.5190582275390625,4130 x 10 (2).jpg
sobel_watershed,edge,4130-steel,Steel,0.3600779492352112,0.5290652745743023,0.5304107666015625,4130 x 10 (20).jpg
sobel_watershed,edge,4130-steel,Steel,0.32642444740806204,0.48409425533565154,0.50787353515625,4130 x 10 (3).jpg
sobel_watershed,edge,4130-steel,Steel,0.3293323514346299,0.4871283939727047,0.51177978515625,4130 x 10 (4).jpg
sobel_watershed,edge,4130-steel,Steel,0.33293434975671676,0.49347273553887594,0.5115509033203125,4130 x 10 (5).jpg
sobel_watershed,edge,4130-steel,Steel,0.35815864999906977,0.526991177764558,0.5283203125,4130 x 10 (6).jpg
sobel_watershed,edge,4130-steel,Steel,0.3645772074286797,0.5333962456563042,0.536376953125,4130 x 10 (7).jpg
sobel_watershed,edge,4130-steel,Steel,0.388173222401479,0.5574987572239536,0.563232421875,4130 x 10 (8).jpg
sobel_watershed,edge,4130-steel,Steel,0.3653486532207685,0.5343774929448375,0.5368804931640625,4130 x 10 (9).jpg
sobel_watershed,edge,4130-steel,Steel,0.2990236249630432,0.4373707999242777,0.50128173828125,4130 x 20 (1).jpg
sobel_watershed,edge,4130-steel,Steel,0.42206514317038546,0.5929973556686723,0.595062255859375,4130 x 20 (10).jpg
sobel_watershed,edge,4130-steel,Steel,0.442821520740032,0.6128688874761714,0.616302490234375,4130 x 20 (11).jpg
sobel_watershed,edge,4130-steel,Steel,0.4258569490865275,0.5965216441434775,0.5993499755859375,4130 x 20 (12).jpg
sobel_watershed,edge,4130-steel,Steel,0.4379184015280523,0.6080479425675156,0.611785888671875,4130 x 20 (13).jpg
sobel_watershed,edge,4130-steel,Steel,0.43907778085208254,0.609150220283603,0.6129608154296875,4130 x 20 (14).jpg
sobel_watershed,edge,4130-steel,Steel,0.4162997043332257,0.5874642226123434,0.5888519287109375,4130 x 20 (15).jpg
sobel_watershed,edge,4130-steel,Steel,0.39330727465325743,0.5644829034282248,0.56475830078125,4130 x 20 (16).jpg
sobel_watershed,edge,4130-steel,Steel,0.39704324746034864,0.5683523743169135,0.5685272216796875,4130 x 20 (17).jpg
sobel_watershed,edge,4130-steel,Steel,0.3794010644359149,0.5500545101355927,0.5501861572265625,4130 x 20 (18).jpg
sobel_watershed,edge,4130-steel,Steel,0.3812980597719732,0.5520766406336872,0.5521087646484375,4130 x 20 (19).jpg
sobel_watershed,edge,4130-steel,Steel,0.32561048088675054,0.4836605174903512,0.5059814453125,4130 x 20 (2).jpg
sobel_watershed,edge,4130-steel,Steel,0.3829805466747467,0.5538411605606098,0.553863525390625,4130 x 20 (20).jpg
sobel_watershed,edge,4130-steel,Steel,0.33982132554771693,0.5024965399958692,0.516845703125,4130 x 20 (3).jpg
sobel_watershed,edge,4130-steel,Steel,0.3161885517036478,0.45141864111468916,0.5334014892578125,4130 x 20 (4).jpg
sobel_watershed,edge,4130-steel,Steel,0.38426169873274707,0.5551301642918282,0.5553131103515625,4130 x 20 (5).jpg
sobel_watershed,edge,4130-steel,Steel,0.4051835264002948,0.5765400955074116,0.5770721435546875,4130 x 20 (6).jpg
sobel_watershed,edge,4130-steel,Steel,0.3981102259755815,0.5691399522570522,0.5703277587890625,4130 x 20 (7).jpg
sobel_watershed,edge,4130-steel,Steel,0.39608694418492996,0.5673170461839194,0.5676727294921875,4130 x 20 (8).jpg
sobel_watershed,edge,4130-steel,Steel,0.39902052291809764,0.5702749430729942,0.5707855224609375,4130 x 20 (9).jpg
sobel_watershed,edge,418-17-4ph-x20,Steel,0.35378804125805163,0.5169313904339433,0.5345306396484375,x20 (1).jpg
sobel_watershed,edge,418-17-4ph-x20,Steel,0.3861097554414945,0.5470846680117643,0.579254150390625,x20 (10).jpg
sobel_watershed,edge,418-17-4ph-x20,Steel,0.3024312935490353,0.4042256358439662,0.5654296875,x20 (11).jpg
sobel_watershed,edge,418-17-4ph-x20,Steel,0.3037878992263889,0.40593958940534747,0.5671234130859375,x20 (12).jpg
sobel_watershed,edge,418-17-4ph-x20,Steel,0.293677526665957,0.3878989563629481,0.562042236328125,x20 (13).jpg
sobel_watershed,edge,418-17-4ph-x20,Steel,0.2955948230055532,0.3897428547925983,0.5653839111328125,x20 (14).jpg
sobel_watershed,edge,418-17-4ph-x20,Steel,0.2986410802349935,0.39404919221282625,0.5686492919921875,x20 (15).jpg
sobel_watershed,edge,418-17-4ph-x20,Steel,0.2980727103548479,0.3974785963005512,0.5617828369140625,x20 (16).jpg
sobel_watershed,edge,418-17-4ph-x20,Steel,0.2967500073882249,0.392078965364922,0.5655975341796875,x20 (17).jpg
sobel_watershed,edge,418-17-4ph-x20,Steel,0.3004008279010127,0.40019290984389144,0.5650787353515625,x20 (18).jpg
sobel_watershed,edge,418-17-4ph-x20,Steel,0.29100182439836164,0.3850642820222854,0.5577392578125,x20 (19).jpg
sobel_watershed,edge,418-17-4ph-x20,Steel,0.3934155083741954,0.55129071742633,0.594512939453125,x20 (2).jpg
sobel_watershed,edge,418-17-4ph-x20,Steel,0.34380684607045653,0.5107066431079332,0.513702392578125,x20 (20).jpg
sobel_watershed,edge,418-17-4ph-x20,Steel,0.34085204528500734,0.5056444854179208,0.514007568359375,x20 (21).jpg
sobel_watershed,edge,418-17-4ph-x20,Steel,0.40486104714088744,0.5597319040060709,0.614166259765625,x20 (3).jpg
sobel_watershed,edge,418-17-4ph-x20,Steel,0.4026176393546454,0.5558565936974578,0.6151580810546875,x20 (4).jpg
sobel_watershed,edge,418-17-4ph-x20,Steel,0.3931563182516138,0.5479618638473771,0.600799560546875,x20 (5).jpg
sobel_watershed,edge,418-17-4ph-x20,Steel,0.36160559987664065,0.5254337615659596,0.543182373046875,x20 (6).jpg
sobel_watershed,edge,418-17-4ph-x20,Steel,0.3968168573293114,0.5667304413505455,0.571502685546875,x20 (7).jpg
sobel_watershed,edge,418-17-4ph-x20,Steel,0.392689930757973,0.5493859186156702,0.5962066650390625,x20 (8).jpg
sobel_watershed,edge,418-17-4ph-x20,Steel,0.3480185331344595,0.5150007566563924,0.51910400390625,x20 (9).jpg
sobel_watershed,edge,418-17-4ph-x5,Steel,0.31246537670534874,0.4133855435531628,0.5831451416015625,x5 (1).jpg
sobel_watershed,edge,418-17-4ph-x5,Steel,0.3096124977361276,0.40429841132255084,0.5878753662109375,x5 (10).jpg
sobel_watershed,edge,418-17-4ph-x5,Steel,0.3117832433897412,0.4118657672837857,0.58331298828125,x5 (11).jpg
sobel_watershed,edge,418-17-4ph-x5,Steel,0.31076529340946424,0.4078074828295831,0.58624267578125,x5 (12).jpg
sobel_watershed,edge,418-17-4ph-x5,Steel,0.31161062154149405,0.4060309315058238,0.5915374755859375,x5 (13).jpg
sobel_watershed,edge,418-17-4ph-x5,Steel,0.3104355389052051,0.4064656348405367,0.58721923828125,x5 (14).jpg
sobel_watershed,edge,418-17-4ph-x5,Steel,0.2789771223772518,0.3776496131543715,0.5304107666015625,x5 (15).jpg
sobel_watershed,edge,418-17-4ph-x5,Steel,0.3064794097861944,0.41898391124323264,0.5555419921875,x5 (16).jpg
sobel_watershed,edge,418-17-4ph-x5,Steel,0.2732910209827989,0.38131425181424283,0.50677490234375,x5 (17).jpg
sobel_watershed,edge,418-17-4ph-x5,Steel,0.3143041418665388,0.4175019489790554,0.5826263427734375,x5 (18).jpg
sobel_watershed,edge,418-17-4ph-x5,Steel,0.3145884402303548,0.41604449819985007,0.58575439453125,x5 (19).jpg
sobel_watershed,edge,418-17-4ph-x5,Steel,0.3018347317632326,0.40190880171171955,0.5670318603515625,x5 (2).jpg
sobel_watershed,edge,418-17-4ph-x5,Steel,0.31301587291846183,0.4146997475829703,0.5828704833984375,x5 (20).jpg
sobel_watershed,edge,418-17-4ph-x5,Steel,0.31288415016450516,0.4128951077151382,0.585205078125,x5 (21).jpg
sobel_watershed,edge,418-17-4ph-x5,Steel,0.3157746035428608,0.42117029523307087,0.5815887451171875,x5 (22).jpg
sobel_watershed,edge,418-17-4ph-x5,Steel,0.31214874832520634,0.41264159080576446,0.583282470703125,x5 (23).jpg
sobel_watershed,edge,418-17-4ph-x5,Steel,0.31222940318312664,0.4129888241197543,0.5830078125,x5 (24).jpg
sobel_watershed,edge,418-17-4ph-x5,Steel,0.3115815751420128,0.4118206543097312,0.5827484130859375,x5 (25).jpg
sobel_watershed,edge,418-17-4ph-x5,Steel,0.3119649340470614,0.4094643697008846,0.5875091552734375,x5 (3).jpg
sobel_watershed,edge,418-17-4ph-x5,Steel,0.32105690086814376,0.42936333358820683,0.585418701171875,x5 (4).jpg
sobel_watershed,edge,418-17-4ph-x5,Steel,0.2757001508236412,0.3817728332891971,0.51385498046875,x5 (5).jpg
sobel_watershed,edge,418-17-4ph-x5,Steel,0.30625697398488216,0.4082413733842979,0.5714263916015625,x5 (6).jpg
sobel_watershed,edge,418-17-4ph-x5,Steel,0.3149694359793401,0.4152479445130477,0.588165283203125,x5 (7).jpg
sobel_watershed,edge,418-17-4ph-x5,Steel,0.31212628953595056,0.4086317829657563,0.589263916015625,x5 (8).jpg
sobel_watershed,edge,418-17-4ph-x5,Steel,0.31000035466210274,0.4058300748684682,0.5868072509765625,x5 (9).jpg
sobel_watershed,edge,5884-armor-steel,Steel,0.41083309160285864,0.5806833022004774,0.58648681640625,5884 x 10 (1).jpg
sobel_watershed,edge,5884-armor-steel,Steel,0.40958690620258303,0.5804140347643216,0.5828857421875,5884 x 10 (2).jpg
sobel_watershed,edge,5884-armor-steel,Steel,0.314115560378609,0.46561577928203013,0.5013580322265625,5884 x 10 (3).jpg
sobel_watershed,edge,5884-armor-steel,Steel,0.37144726820245744,0.5416303820466606,0.54180908203125,5884 x 10 (4).jpg
sobel_watershed,edge,5884-armor-steel,Steel,0.3657332445129633,0.5353803696007209,0.5360260009765625,5884 x 10 (5).jpg
sobel_watershed,edge,5884-armor-steel,Steel,0.34804572078632606,0.516081907471319,0.5169677734375,5884 x 10 (6).jpg
sobel_watershed,edge,5884-armor-steel,Steel,0.38632700627041316,0.5334307024267438,0.60858154296875,5884 x 20 (1).jpg
sobel_watershed,edge,5884-armor-steel,Steel,0.4056521783053178,0.5577418087896268,0.6211090087890625,5884 x 20 (2).jpg
sobel_watershed,edge,5884-armor-steel,Steel,0.3395794950425352,0.5050408676745728,0.5109405517578125,5884 x 20 (3).jpg
sobel_watershed,edge,5884-armor-steel,Steel,0.4004928834533177,0.5590401239978227,0.601165771484375,5884 x 20 (4).jpg
sobel_watershed,edge,5884-armor-steel,Steel,0.3436850474830103,0.501526023129176,0.53167724609375,5884 x 20 (5).jpg
sobel_watershed,edge,5884-armor-steel,Steel,0.39179103258537057,0.5541653160402189,0.58282470703125,5884 x 20 (6).jpg
sobel_watershed,edge,5884-armor-steel,Steel,0.3777221760088455,0.5439392161652059,0.557952880859375,5884 x 5 (1).jpg
sobel_watershed,edge,5884-armor-steel,Steel,0.37253410485460375,0.5404899658325966,0.5479583740234375,5884 x 5 (2).jpg
sobel_watershed,edge,5884-armor-steel,Steel,0.370092829936506,0.5365855063117303,0.5481414794921875,5884 x 5 (3).jpg
sobel_watershed,edge,5884-armor-steel,Steel,0.39284932935305994,0.563758339893595,0.5648651123046875,5884 x 5 (4).jpg
sobel_watershed,edge,5884-armor-steel,Steel,0.3550610738517074,0.5161914748211349,0.5402984619140625,5884 x 5 (5).jpg
sobel_watershed,edge,5884-armor-steel,Steel,0.36741389885505077,0.5373078712171417,0.5375518798828125,5884 x 50 (1).jpg
sobel_watershed,edge,5884-armor-steel,Steel,0.3358239598660281,0.49152555649949414,0.52496337890625,5884 x 50 (2).jpg
sobel_watershed,edge,5884-armor-steel,Steel,0.3351247057327964,0.5002732540132808,0.5054931640625,5884 x 50 (3).jpg
sobel_watershed,edge,5884-armor-steel,Steel,0.37924437802135,0.5457108886885542,0.5592193603515625,5884 x 50 (4).jpg
sobel_watershed,edge,6280-cast-iron-high,Cast Iron,0.459588463872324,0.6147815965031467,0.668609619140625,6280 x 20 (1).jpg
sobel_watershed,edge,6280-cast-iron-high,Cast Iron,0.456666734629746,0.6114463702288899,0.6670379638671875,6280 x 20 (10).jpg
sobel_watershed,edge,6280-cast-iron-high,Cast Iron,0.4332422847068755,0.5881059238579038,0.6445159912109375,6280 x 20 (2).jpg
sobel_watershed,edge,6280-cast-iron-high,Cast Iron,0.42444644788011004,0.5785766632614142,0.6371612548828125,6280 x 20 (3).jpg
sobel_watershed,edge,6280-cast-iron-high,Cast Iron,0.4601138485279259,0.6152903805164267,0.6691131591796875,6280 x 20 (4).jpg
sobel_watershed,edge,6280-cast-iron-high,Cast Iron,0.4265605396214236,0.5801010646628205,0.640716552734375,6280 x 20 (5).jpg
sobel_watershed,edge,6280-cast-iron-high,Cast Iron,0.46038928013017344,0.6148371948316707,0.671173095703125,6280 x 20 (6).jpg
sobel_watershed,edge,6280-cast-iron-high,Cast Iron,0.45412934264612237,0.6086208383892818,0.6654510498046875,6280 x 20 (7).jpg
sobel_watershed,edge,6280-cast-iron-high,Cast Iron,0.4607415978846664,0.6157721597271419,0.6700286865234375,6280 x 20 (8).jpg
sobel_watershed,edge,6280-cast-iron-high,Cast Iron,0.43014136318713353,0.5848270400346628,0.64178466796875,6280 x 20 (9).jpg
sobel_watershed,edge,6280-cast-iron-low,Cast Iron,0.32870620408797363,0.4715038929847141,0.5340728759765625,6280 x 10 (1).jpg
sobel_watershed,edge,6280-cast-iron-low,Cast Iron,0.3281650692179086,0.47452771732709437,0.522216796875,6280 x 10 (10).jpg
sobel_watershed,edge,6280-cast-iron-low,Cast Iron,0.33267236208758516,0.4806463349348408,0.5247955322265625,6280 x 10 (11).jpg
sobel_watershed,edge,6280-cast-iron-low,Cast Iron,0.327004309739161,0.467475599057698,0.53448486328125,6280 x 10 (2).jpg
sobel_watershed,edge,6280-cast-iron-low,Cast Iron,0.33286199603732997,0.47438681893046225,0.543487548828125,6280 x 10 (3).jpg
sobel_watershed,edge,6280-cast-iron-low,Cast Iron,0.33699453812400776,0.4774112023032904,0.546173095703125,6280 x 10 (4).jpg
sobel_watershed,edge,6280-cast-iron-low,Cast Iron,0.28469634144174005,0.42659322842465613,0.4777374267578125,6280 x 10 (5).jpg
sobel_watershed,edge,6280-cast-iron-low,Cast Iron,0.3301980873176916,0.474299666141474,0.5340118408203125,6280 x 10 (6).jpg
sobel_watershed,edge,6280-cast-iron-low,Cast Iron,0.3287424335360551,0.47482716080108167,0.52471923828125,6280 x 10 (7).jpg
sobel_watershed,edge,6280-cast-iron-low,Cast Iron,0.3331494653748602,0.4753943935861466,0.5400848388671875,6280 x 10 (8).jpg
sobel_watershed,edge,6280-cast-iron-low,Cast Iron,0.29688084409221166,0.4395554614981603,0.4923553466796875,6280 x 10 (9).jpg
svm_pixel,metallography_learned,4130-steel,Steel,0.7690510547264967,0.8693852068539843,0.8699493408203125,4130 x 10 (1).jpg
svm_pixel,metallography_learned,4130-steel,Steel,0.8021373685909838,0.8902043175908005,0.890228271484375,4130 x 10 (10).jpg
svm_pixel,metallography_learned,4130-steel,Steel,0.7467908559321756,0.8549992402319392,0.8553466796875,4130 x 10 (11).jpg
svm_pixel,metallography_learned,4130-steel,Steel,0.7868676332163651,0.8807029924357331,0.880889892578125,4130 x 10 (12).jpg
svm_pixel,metallography_learned,4130-steel,Steel,0.7370420902239379,0.848605851560793,0.84869384765625,4130 x 10 (13).jpg
svm_pixel,metallography_learned,4130-steel,Steel,0.7919178503629702,0.8837794965081011,0.8847198486328125,4130 x 10 (14).jpg
svm_pixel,metallography_learned,4130-steel,Steel,0.7245309766489775,0.8402243161241807,0.84051513671875,4130 x 10 (15).jpg
svm_pixel,metallography_learned,4130-steel,Steel,0.7084882164740699,0.8293741191483343,0.829376220703125,4130 x 10 (16).jpg
svm_pixel,metallography_learned,4130-steel,Steel,0.8033578432096904,0.8908658643618927,0.8917999267578125,4130 x 10 (17).jpg
svm_pixel,metallography_learned,4130-steel,Steel,0.7697258204041921,0.8698646581585949,0.8700103759765625,4130 x 10 (18).jpg
svm_pixel,metallography_learned,4130-steel,Steel,0.7661180873309762,0.8675572428801104,0.8676910400390625,4130 x 10 (19).jpg
svm_pixel,metallography_learned,4130-steel,Steel,0.5133195520105474,0.6775151373062598,0.68115234375,4130 x 10 (2).jpg
svm_pixel,metallography_learned,4130-steel,Steel,0.7797042250980848,0.8761550350006475,0.8767242431640625,4130 x 10 (20).jpg
svm_pixel,metallography_learned,4130-steel,Steel,0.5226371841915359,0.6858075885210506,0.68865966796875,4130 x 10 (3).jpg
svm_pixel,metallography_learned,4130-steel,Steel,0.521038109329127,0.6844116265360635,0.68731689453125,4130 x 10 (4).jpg
svm_pixel,metallography_learned,4130-steel,Steel,0.5228909474776733,0.6859757680939966,0.6890411376953125,4130 x 10 (5).jpg
svm_pixel,metallography_learned,4130-steel,Steel,0.753519658825605,0.8593338763046763,0.86016845703125,4130 x 10 (6).jpg
svm_pixel,metallography_learned,4130-steel,Steel,0.7852863586120498,0.8797041644666994,0.8799591064453125,4130 x 10 (7).jpg
svm_pixel,metallography_learned,4130-steel,Steel,0.7978419855428578,0.8875548672438771,0.8875579833984375,4130 x 10 (8).jpg
svm_pixel,metallography_learned,4130-steel,Steel,0.7890171240577413,0.8820338570771011,0.882354736328125,4130 x 10 (9).jpg
svm_pixel,metallography_learned,4130-steel,Steel,0.4818815372407568,0.6435121392561252,0.669586181640625,4130 x 20 (1).jpg
svm_pixel,metallography_learned,4130-steel,Steel,0.8770992607321668,0.9345243575051013,0.9345550537109375,4130 x 20 (10).jpg
svm_pixel,metallography_learned,4130-steel,Steel,0.866666719724791,0.9285495004899444,0.9288787841796875,4130 x 20 (11).jpg
svm_pixel,metallography_learned,4130-steel,Steel,0.8675594485715297,0.9290754235581412,0.92919921875,4130 x 20 (12).jpg
svm_pixel,metallography_learned,4130-steel,Steel,0.872017288212137,0.9316145486703032,0.931915283203125,4130 x 20 (13).jpg
svm_pixel,metallography_learned,4130-steel,Steel,0.8604949135352506,0.9249942449854964,0.925323486328125,4130 x 20 (14).jpg
svm_pixel,metallography_learned,4130-steel,Steel,0.8273204290031801,0.9055011042623042,0.9055023193359375,4130 x 20 (15).jpg
svm_pixel,metallography_learned,4130-steel,Steel,0.7966586034140503,0.8867910178106523,0.8871002197265625,4130 x 20 (16).jpg
svm_pixel,metallography_learned,4130-steel,Steel,0.8111619055660833,0.8957094176142613,0.89599609375,4130 x 20 (17).jpg
svm_pixel,metallography_learned,4130-steel,Steel,0.8359865687136286,0.910603982104069,0.911376953125,4130 x 20 (18).jpg
svm_pixel,metallography_learned,4130-steel,Steel,0.8273966959144169,0.9054818738239112,0.9062347412109375,4130 x 20 (19).jpg
svm_pixel,metallography_learned,4130-steel,Steel,0.46284946507703634,0.6264935678954795,0.6497039794921875,4130 x 20 (2).jpg
svm_pixel,metallography_learned,4130-steel,Steel,0.8049407813082035,0.891863663324585,0.892547607421875,4130 x 20 (20).jpg
svm_pixel,metallography_learned,4130-steel,Steel,0.5033610526558157,0.665482580514619,0.682098388671875,4130 x 20 (3).jpg
svm_pixel,metallography_learned,4130-steel,Steel,0.37927860304062655,0.5360823220161903,0.57989501953125,4130 x 20 (4).jpg
svm_pixel,metallography_learned,4130-steel,Steel,0.7936915203767159,0.884961970718638,0.8851470947265625,4130 x 20 (5).jpg
svm_pixel,metallography_learned,4130-steel,Steel,0.8596764136731501,0.9245382363999726,0.92462158203125,4130 x 20 (6).jpg
svm_pixel,metallography_learned,4130-steel,Steel,0.8571968633459524,0.923106856731754,0.923126220703125,4130 x 20 (7).jpg
svm_pixel,metallography_learned,4130-steel,Steel,0.8513498296433255,0.9196947984602877,0.91986083984375,4130 x 20 (8).jpg
svm_pixel,metallography_learned,4130-steel,Steel,0.834554257862312,0.9098097177312366,0.9098968505859375,4130 x 20 (9).jpg
svm_pixel,metallography_learned,418-17-4ph-x20,Steel,0.32752414264003826,0.46334958880086585,0.54949951171875,x20 (1).jpg
svm_pixel,metallography_learned,418-17-4ph-x20,Steel,0.33533945328452036,0.4568502766939746,0.585845947265625,x20 (10).jpg
svm_pixel,metallography_learned,418-17-4ph-x20,Steel,0.43128378235602255,0.5028865467706389,0.8033447265625,x20 (11).jpg
svm_pixel,metallography_learned,418-17-4ph-x20,Steel,0.42288087564307186,0.4971147319024505,0.7878570556640625,x20 (12).jpg
svm_pixel,metallography_learned,418-17-4ph-x20,Steel,0.4046858525287459,0.4723526301825531,0.7729949951171875,x20 (13).jpg
svm_pixel,metallography_learned,418-17-4ph-x20,Steel,0.42897282597315245,0.4952112704863445,0.8087615966796875,x20 (14).jpg
svm_pixel,metallography_learned,418-17-4ph-x20,Steel,0.4279878385060094,0.4931097872753171,0.809173583984375,x20 (15).jpg
svm_pixel,metallography_learned,418-17-4ph-x20,Steel,0.44687330030057276,0.518955843327791,0.822998046875,x20 (16).jpg
svm_pixel,metallography_learned,418-17-4ph-x20,Steel,0.436319882117901,0.5092418523287122,0.8078765869140625,x20 (17).jpg
svm_pixel,metallography_learned,418-17-4ph-x20,Steel,0.4278778800509129,0.5006380622305684,0.79693603515625,x20 (18).jpg
svm_pixel,metallography_learned,418-17-4ph-x20,Steel,0.4203876410322456,0.4820750996556425,0.804046630859375,x20 (19).jpg
svm_pixel,metallography_learned,418-17-4ph-x20,Steel,0.3780716121625113,0.5053446896427414,0.6363372802734375,x20 (2).jpg
svm_pixel,metallography_learned,418-17-4ph-x20,Steel,0.3368463971176676,0.4878619330925853,0.53533935546875,x20 (20).jpg
svm_pixel,metallography_learned,418-17-4ph-x20,Steel,0.31731608221551305,0.470256791305635,0.50347900390625,x20 (21).jpg
svm_pixel,metallography_learned,418-17-4ph-x20,Steel,0.38042088722455764,0.4967385410048122,0.6593170166015625,x20 (3).jpg
svm_pixel,metallography_learned,418-17-4ph-x20,Steel,0.367105880349023,0.47556165715023296,0.6543121337890625,x20 (4).jpg
svm_pixel,metallography_learned,418-17-4ph-x20,Steel,0.37568774812061095,0.4899739880770334,0.6563873291015625,x20 (5).jpg
svm_pixel,metallography_learned,418-17-4ph-x20,Steel,0.2970508551541477,0.41816093318844216,0.526580810546875,x20 (6).jpg
svm_pixel,metallography_learned,418-17-4ph-x20,Steel,0.3059417069165426,0.4409696572633244,0.517852783203125,x20 (7).jpg
svm_pixel,metallography_learned,418-17-4ph-x20,Steel,0.35790026621843146,0.46826987451541524,0.637847900390625,x20 (8).jpg
svm_pixel,metallography_learned,418-17-4ph-x20,Steel,0.3632526757935026,0.5243156028132206,0.5510101318359375,x20 (9).jpg
svm_pixel,metallography_learned,418-17-4ph-x5,Steel,0.7118391381738771,0.8049310253175916,0.968719482421875,x5 (1).jpg
svm_pixel,metallography_learned,418-17-4ph-x5,Steel,0.721282504396047,0.8126240749436284,0.973907470703125,x5 (10).jpg
svm_pixel,metallography_learned,418-17-4ph-x5,Steel,0.7033779640796447,0.7969046542193884,0.96844482421875,x5 (11).jpg
svm_pixel,metallography_learned,418-17-4ph-x5,Steel,0.7413820780987594,0.8305959350293193,0.9748077392578125,x5 (12).jpg
svm_pixel,metallography_learned,418-17-4ph-x5,Steel,0.7219725834219258,0.8126452319182872,0.9767608642578125,x5 (13).jpg
svm_pixel,metallography_learned,418-17-4ph-x5,Steel,0.7398970616458882,0.8290068201793892,0.9762420654296875,x5 (14).jpg
svm_pixel,metallography_learned,418-17-4ph-x5,Steel,0.813095450176428,0.8894608943012461,0.9643402099609375,x5 (15).jpg
svm_pixel,metallography_learned,418-17-4ph-x5,Steel,0.770660186860529,0.8575266518830756,0.9613800048828125,x5 (16).jpg
svm_pixel,metallography_learned,418-17-4ph-x5,Steel,0.485056146563791,0.5515378755891593,0.8800506591796875,x5 (17).jpg
svm_pixel,metallography_learned,418-17-4ph-x5,Steel,0.6978449854724962,0.7920172936788705,0.96636962890625,x5 (18).jpg
svm_pixel,metallography_learned,418-17-4ph-x5,Steel,0.7268673063012179,0.8181038670115666,0.9722900390625,x5 (19).jpg
svm_pixel,metallography_learned,418-17-4ph-x5,Steel,0.7797155957345294,0.8629250510339407,0.9732513427734375,x5 (2).jpg
svm_pixel,metallography_learned,418-17-4ph-x5,Steel,0.7122893684145434,0.8049874779370999,0.9703521728515625,x5 (20).jpg
svm_pixel,metallography_learned,418-17-4ph-x5,Steel,0.7143387071623865,0.8061531554684129,0.9737701416015625,x5 (21).jpg
svm_pixel,metallography_learned,418-17-4ph-x5,Steel,0.6882407428322732,0.7831407666318599,0.9637908935546875,x5 (22).jpg
svm_pixel,metallography_learned,418-17-4ph-x5,Steel,0.6990964944442747,0.79246827096853,0.9695587158203125,x5 (23).jpg
svm_pixel,metallography_learned,418-17-4ph-x5,Steel,0.7005872206221935,0.7939376554249706,0.969512939453125,x5 (24).jpg
svm_pixel,metallography_learned,418-17-4ph-x5,Steel,0.7161966168273195,0.8084648071428819,0.97125244140625,x5 (25).jpg
svm_pixel,metallography_learned,418-17-4ph-x5,Steel,0.7412026039768489,0.8298545245277043,0.977813720703125,x5 (3).jpg
svm_pixel,metallography_learned,418-17-4ph-x5,Steel,0.8323985997278482,0.9012842466879254,0.9819793701171875,x5 (4).jpg
svm_pixel,metallography_learned,418-17-4ph-x5,Steel,0.8254490444597216,0.8983030375010721,0.9641265869140625,x5 (5).jpg
svm_pixel,metallography_learned,418-17-4ph-x5,Steel,0.7777500754304878,0.8616929812769798,0.9710693359375,x5 (6).jpg
svm_pixel,metallography_learned,418-17-4ph-x5,Steel,0.7147391701472403,0.807423364278265,0.96978759765625,x5 (7).jpg
svm_pixel,metallography_learned,418-17-4ph-x5,Steel,0.7221610950811268,0.8130421302835096,0.975738525390625,x5 (8).jpg
svm_pixel,metallography_learned,418-17-4ph-x5,Steel,0.7406959682732619,0.8299355018142334,0.97509765625,x5 (9).jpg
svm_pixel,metallography_learned,5884-armor-steel,Steel,0.7896578566431773,0.8823556195237802,0.8834228515625,5884 x 10 (1).jpg
svm_pixel,metallography_learned,5884-armor-steel,Steel,0.791117720282432,0.8833523139814351,0.88360595703125,5884 x 10 (2).jpg
svm_pixel,metallography_learned,5884-armor-steel,Steel,0.5813198248712745,0.7334697939108201,0.741851806640625,5884 x 10 (3).jpg
svm_pixel,metallography_learned,5884-armor-steel,Steel,0.7368808733197216,0.8483045145055628,0.8498687744140625,5884 x 10 (4).jpg
svm_pixel,metallography_learned,5884-armor-steel,Steel,0.5956112332221313,0.7459908403783703,0.748809814453125,5884 x 10 (5).jpg
svm_pixel,metallography_learned,5884-armor-steel,Steel,0.6550603121777484,0.7911012824578569,0.7938995361328125,5884 x 10 (6).jpg
svm_pixel,metallography_learned,5884-armor-steel,Steel,0.5808202596688629,0.7249898032320333,0.7706298828125,5884 x 20 (1).jpg
svm_pixel,metallography_learned,5884-armor-steel,Steel,0.6145192435404352,0.7534409988920642,0.792877197265625,5884 x 20 (2).jpg
svm_pixel,metallography_learned,5884-armor-steel,Steel,0.8360772109293698,0.9107184975527552,0.9107513427734375,5884 x 20 (3).jpg
svm_pixel,metallography_learned,5884-armor-steel,Steel,0.7225730211082149,0.836286162816775,0.855194091796875,5884 x 20 (4).jpg
svm_pixel,metallography_learned,5884-armor-steel,Steel,0.7992985016115021,0.8873189001158901,0.8985443115234375,5884 x 20 (5).jpg
svm_pixel,metallography_learned,5884-armor-steel,Steel,0.6891175000659239,0.8144436973374801,0.824066162109375,5884 x 20 (6).jpg
svm_pixel,metallography_learned,5884-armor-steel,Steel,0.5231498418754474,0.6856255568352747,0.6910858154296875,5884 x 5 (1).jpg
svm_pixel,metallography_learned,5884-armor-steel,Steel,0.755185993192961,0.8604685530934026,0.8608856201171875,5884 x 5 (2).jpg
svm_pixel,metallography_learned,5884-armor-steel,Steel,0.8146747018883058,0.8977384598188703,0.899200439453125,5884 x 5 (3).jpg
svm_pixel,metallography_learned,5884-armor-steel,Steel,0.7073032638784094,0.8284379632852908,0.82928466796875,5884 x 5 (4).jpg
svm_pixel,metallography_learned,5884-armor-steel,Steel,0.7310677256500231,0.8435036238963093,0.8519287109375,5884 x 5 (5).jpg
svm_pixel,metallography_learned,5884-armor-steel,Steel,0.6509234599827332,0.7885434364761718,0.7886199951171875,5884 x 50 (1).jpg
svm_pixel,metallography_learned,5884-armor-steel,Steel,0.640598581802502,0.7794696671529633,0.787567138671875,5884 x 50 (2).jpg
svm_pixel,metallography_learned,5884-armor-steel,Steel,0.7198405177969298,0.836835782030432,0.8387298583984375,5884 x 50 (3).jpg
svm_pixel,metallography_learned,5884-armor-steel,Steel,0.5961381586171761,0.7468937421905724,0.7472991943359375,5884 x 50 (4).jpg
svm_pixel,metallography_learned,6280-cast-iron-high,Cast Iron,0.6560031856246304,0.7702282657667787,0.888214111328125,6280 x 20 (1).jpg
svm_pixel,metallography_learned,6280-cast-iron-high,Cast Iron,0.6197678475189154,0.7362992633774446,0.87506103515625,6280 x 20 (10).jpg
svm_pixel,metallography_learned,6280-cast-iron-high,Cast Iron,0.5140722666110378,0.6269377072491915,0.8187713623046875,6280 x 20 (2).jpg
svm_pixel,metallography_learned,6280-cast-iron-high,Cast Iron,0.5316163673177537,0.6478154767470462,0.82586669921875,6280 x 20 (3).jpg
svm_pixel,metallography_learned,6280-cast-iron-high,Cast Iron,0.6311667640797851,0.7477154683410574,0.8776092529296875,6280 x 20 (4).jpg
svm_pixel,metallography_learned,6280-cast-iron-high,Cast Iron,0.5215822055392643,0.6340375911796927,0.826416015625,6280 x 20 (5).jpg
svm_pixel,metallography_learned,6280-cast-iron-high,Cast Iron,0.652956464828033,0.767530972681322,0.88690185546875,6280 x 20 (6).jpg
svm_pixel,metallography_learned,6280-cast-iron-high,Cast Iron,0.6050706997871191,0.722256088687629,0.8680572509765625,6280 x 20 (7).jpg
svm_pixel,metallography_learned,6280-cast-iron-high,Cast Iron,0.643838564825108,0.7597678548201321,0.881439208984375,6280 x 20 (8).jpg
svm_pixel,metallography_learned,6280-cast-iron-high,Cast Iron,0.5305730710568186,0.6425865163369062,0.8351898193359375,6280 x 20 (9).jpg
svm_pixel,metallography_learned,6280-cast-iron-low,Cast Iron,0.5360968135524887,0.6828361971728844,0.7634124755859375,6280 x 10 (1).jpg
svm_pixel,metallography_learned,6280-cast-iron-low,Cast Iron,0.4884364544903958,0.6349541028306871,0.7306671142578125,6280 x 10 (10).jpg
svm_pixel,metallography_learned,6280-cast-iron-low,Cast Iron,0.45968899029168564,0.6090927211300977,0.7012786865234375,6280 x 10 (11).jpg
svm_pixel,metallography_learned,6280-cast-iron-low,Cast Iron,0.5360861713352055,0.6810455322391048,0.76727294921875,6280 x 10 (2).jpg
svm_pixel,metallography_learned,6280-cast-iron-low,Cast Iron,0.528234664641553,0.6697839450173513,0.7718353271484375,6280 x 10 (3).jpg
svm_pixel,metallography_learned,6280-cast-iron-low,Cast Iron,0.5358491085810405,0.6782741571273818,0.772308349609375,6280 x 10 (4).jpg
svm_pixel,metallography_learned,6280-cast-iron-low,Cast Iron,0.3859894958099194,0.5382019454462931,0.631317138671875,6280 x 10 (5).jpg
svm_pixel,metallography_learned,6280-cast-iron-low,Cast Iron,0.4872715176458371,0.634800326678366,0.729949951171875,6280 x 10 (6).jpg
svm_pixel,metallography_learned,6280-cast-iron-low,Cast Iron,0.5059258291760077,0.6559670141266912,0.73138427734375,6280 x 10 (7).jpg
svm_pixel,metallography_learned,6280-cast-iron-low,Cast Iron,0.5263917838592453,0.6726375214101078,0.75616455078125,6280 x 10 (8).jpg
svm_pixel,metallography_learned,6280-cast-iron-low,Cast Iron,0.3939836634200245,0.5459609186953324,0.63812255859375,6280 x 10 (9).jpg
