subset,subset_name,family,image,miou,dice,pixel_acc,model_id,display_name,group,category,architecture,encoder,input_mode,params_m,train_seconds
4130-steel,4130 Steel,Steel,4130 x 10 (1).jpg,0.6583098516111389,0.7937248921043114,0.7950575086805556,dl_unet_r34,U-Net (ResNet34),general,encoder-decoder,Unet,resnet34,rgb,24.438109,5.8857035636901855
4130-steel,4130 Steel,Steel,4130 x 10 (2).jpg,0.5219093312446506,0.685208780368283,0.6879340277777778,dl_unet_r34,U-Net (ResNet34),general,encoder-decoder,Unet,resnet34,rgb,24.438109,5.8857035636901855
4130-steel,4130 Steel,Steel,4130 x 10 (3).jpg,0.5494146022988174,0.7090760869565218,0.7095811631944444,dl_unet_r34,U-Net (ResNet34),general,encoder-decoder,Unet,resnet34,rgb,24.438109,5.8857035636901855
4130-steel,4130 Steel,Steel,4130 x 10 (4).jpg,0.5314782558436346,0.6940662297257992,0.694091796875,dl_unet_r34,U-Net (ResNet34),general,encoder-decoder,Unet,resnet34,rgb,24.438109,5.8857035636901855
4130-steel,4130 Steel,Steel,4130 x 10 (5).jpg,0.38494692065018965,0.5519236208760862,0.5647786458333334,dl_unet_r34,U-Net (ResNet34),general,encoder-decoder,Unet,resnet34,rgb,24.438109,5.8857035636901855
4130-steel,4130 Steel,Steel,4130 x 10 (6).jpg,0.4582474384845797,0.6248338280254924,0.6382378472222222,dl_unet_r34,U-Net (ResNet34),general,encoder-decoder,Unet,resnet34,rgb,24.438109,5.8857035636901855
4130-steel,4130 Steel,Steel,4130 x 10 (7).jpg,0.5047606386225477,0.668551792729674,0.6779242621527778,dl_unet_r34,U-Net (ResNet34),general,encoder-decoder,Unet,resnet34,rgb,24.438109,5.8857035636901855
4130-steel,4130 Steel,Steel,4130 x 10 (8).jpg,0.5014420976080294,0.6624460167825446,0.6842447916666666,dl_unet_r34,U-Net (ResNet34),general,encoder-decoder,Unet,resnet34,rgb,24.438109,5.8857035636901855
4130-steel,4130 Steel,Steel,4130 x 10 (9).jpg,0.46245262296051315,0.6271451317353627,0.6466200086805556,dl_unet_r34,U-Net (ResNet34),general,encoder-decoder,Unet,resnet34,rgb,24.438109,5.8857035636901855
4130-steel,4130 Steel,Steel,4130 x 10 (10).jpg,0.5024288128668769,0.6623506804431691,0.68798828125,dl_unet_r34,U-Net (ResNet34),general,encoder-decoder,Unet,resnet34,rgb,24.438109,5.8857035636901855
4130-steel,4130 Steel,Steel,4130 x 10 (11).jpg,0.5077397766680076,0.6648777827139137,0.6992730034722222,dl_unet_r34,U-Net (ResNet34),general,encoder-decoder,Unet,resnet34,rgb,24.438109,5.8857035636901855
4130-steel,4130 Steel,Steel,4130 x 10 (12).jpg,0.4978990147221014,0.6557289287415373,0.6911349826388888,dl_unet_r34,U-Net (ResNet34),general,encoder-decoder,Unet,resnet34,rgb,24.438109,5.8857035636901855
4130-steel,4130 Steel,Steel,4130 x 10 (13).jpg,0.4959657054874852,0.6552188014790767,0.6858452690972222,dl_unet_r34,U-Net (ResNet34),general,encoder-decoder,Unet,resnet34,rgb,24.438109,5.8857035636901855
4130-steel,4130 Steel,Steel,4130 x 10 (14).jpg,0.5264236488581645,0.6803470455932707,0.7191569010416666,dl_unet_r34,U-Net (ResNet34),general,encoder-decoder,Unet,resnet34,rgb,24.438109,5.8857035636901855
4130-steel,4130 Steel,Steel,4130 x 10 (15).jpg,0.5022489679665888,0.6602915365983335,0.6933051215277778,dl_unet_r34,U-Net (ResNet34),general,encoder-decoder,Unet,resnet34,rgb,24.438109,5.8857035636901855
4130-steel,4130 Steel,Steel,4130 x 10 (16).jpg,0.4818805312116667,0.6438322619051136,0.668701171875,dl_unet_r34,U-Net (ResNet34),general,encoder-decoder,Unet,resnet34,rgb,24.438109,5.8857035636901855
4130-steel,4130 Steel,Steel,4130 x 10 (17).jpg,0.527156161903002,0.6806569032436838,0.7208116319444444,dl_unet_r34,U-Net (ResNet34),general,encoder-decoder,Unet,resnet34,rgb,24.438109,5.8857035636901855
4130-steel,4130 Steel,Steel,4130 x 10 (18).jpg,0.5034770402299866,0.6619713832616364,0.6927625868055556,dl_unet_r34,U-Net (ResNet34),general,encoder-decoder,Unet,resnet34,rgb,24.438109,5.8857035636901855
4130-steel,4130 Steel,Steel,4130 x 10 (19).jpg,0.46497623658763854,0.6280902765860286,0.6528049045138888,dl_unet_r34,U-Net (ResNet34),general,encoder-decoder,Unet,resnet34,rgb,24.438109,5.8857035636901855
4130-steel,4130 Steel,Steel,4130 x 10 (20).jpg,0.4372638898278729,0.6029474202318904,0.6223687065972222,dl_unet_r34,U-Net (ResNet34),general,encoder-decoder,Unet,resnet34,rgb,24.438109,5.8857035636901855
4130-steel,4130 Steel,Steel,4130 x 20 (1).jpg,0.5511259935467934,0.707808835173372,0.72021484375,dl_unet_r34,U-Net (ResNet34),general,encoder-decoder,Unet,resnet34,rgb,24.438109,5.8857035636901855
4130-steel,4130 Steel,Steel,4130 x 20 (2).jpg,0.5359024407395999,0.6954709437840767,0.7055935329861112,dl_unet_r34,U-Net (ResNet34),general,encoder-decoder,Unet,resnet34,rgb,24.438109,5.8857035636901855
4130-steel,4130 Steel,Steel,4130 x 20 (3).jpg,0.5644240436137197,0.7198652879434468,0.7276746961805556,dl_unet_r34,U-Net (ResNet34),general,encoder-decoder,Unet,resnet34,rgb,24.438109,5.8857035636901855
4130-steel,4130 Steel,Steel,4130 x 20 (4).jpg,0.4715212190426218,0.6342115928866547,0.6590440538194444,dl_unet_r34,U-Net (ResNet34),general,encoder-decoder,Unet,resnet34,rgb,24.438109,5.8857035636901855
4130-steel,4130 Steel,Steel,4130 x 20 (5).jpg,0.6404696838929802,0.7801019056814202,0.7841796875,dl_unet_r34,U-Net (ResNet34),general,encoder-decoder,Unet,resnet34,rgb,24.438109,5.8857035636901855
4130-steel,4130 Steel,Steel,4130 x 20 (6).jpg,0.6871020150556931,0.8141320069333069,0.8167046440972222,dl_unet_r34,U-Net (ResNet34),general,encoder-decoder,Unet,resnet34,rgb,24.438109,5.8857035636901855
4130-steel,4130 Steel,Steel,4130 x 20 (7).jpg,0.691835609517002,0.8173481402665814,0.8206108940972222,dl_unet_r34,U-Net (ResNet34),general,encoder-decoder,Unet,resnet34,rgb,24.438109,5.8857035636901855
4130-steel,4130 Steel,Steel,4130 x 20 (8).jpg,0.6773269355753917,0.8072467292838159,0.8095974392361112,dl_unet_r34,U-Net (ResNet34),general,encoder-decoder,Unet,resnet34,rgb,24.438109,5.8857035636901855
4130-steel,4130 Steel,Steel,4130 x 20 (9).jpg,0.6629743538012282,0.7967123840998862,0.8004014756944444,dl_unet_r34,U-Net (ResNet34),general,encoder-decoder,Unet,resnet34,rgb,24.438109,5.8857035636901855
4130-steel,4130 Steel,Steel,4130 x 20 (10).jpg,0.7071465811529554,0.8277823881308564,0.8323567708333334,dl_unet_r34,U-Net (ResNet34),general,encoder-decoder,Unet,resnet34,rgb,24.438109,5.8857035636901855
4130-steel,4130 Steel,Steel,4130 x 20 (11).jpg,0.7108800000618674,0.829812405236048,0.8380533854166666,dl_unet_r34,U-Net (ResNet34),general,encoder-decoder,Unet,resnet34,rgb,24.438109,5.8857035636901855
4130-steel,4130 Steel,Steel,4130 x 20 (12).jpg,0.7056993107514345,0.8265594083309997,0.8326551649305556,dl_unet_r34,U-Net (ResNet34),general,encoder-decoder,Unet,resnet34,rgb,24.438109,5.8857035636901855
4130-steel,4130 Steel,Steel,4130 x 20 (13).jpg,0.7363655563303972,0.8473859335265786,0.8532986111111112,dl_unet_r34,U-Net (ResNet34),general,encoder-decoder,Unet,resnet34,rgb,24.438109,5.8857035636901855
4130-steel,4130 Steel,Steel,4130 x 20 (14).jpg,0.7314220184726263,0.843998463460365,0.8505316840277778,dl_unet_r34,U-Net (ResNet34),general,encoder-decoder,Unet,resnet34,rgb,24.438109,5.8857035636901855
4130-steel,4130 Steel,Steel,4130 x 20 (15).jpg,0.6822951988745487,0.8105217590526477,0.814453125,dl_unet_r34,U-Net (ResNet34),general,encoder-decoder,Unet,resnet34,rgb,24.438109,5.8857035636901855
4130-steel,4130 Steel,Steel,4130 x 20 (16).jpg,0.642938187979051,0.7821564095477487,0.7850206163194444,dl_unet_r34,U-Net (ResNet34),general,encoder-decoder,Unet,resnet34,rgb,24.438109,5.8857035636901855
4130-steel,4130 Steel,Steel,4130 x 20 (17).jpg,0.6458674594540387,0.7842275810868794,0.7876519097222222,dl_unet_r34,U-Net (ResNet34),general,encoder-decoder,Unet,resnet34,rgb,24.438109,5.8857035636901855
4130-steel,4130 Steel,Steel,4130 x 20 (18).jpg,0.6607243914377763,0.7956337142974705,0.7960611979166666,dl_unet_r34,U-Net (ResNet34),general,encoder-decoder,Unet,resnet34,rgb,24.438109,5.8857035636901855
4130-steel,4130 Steel,Steel,4130 x 20 (19).jpg,0.6606668348648317,0.7955445861161139,0.7962510850694444,dl_unet_r34,U-Net (ResNet34),general,encoder-decoder,Unet,resnet34,rgb,24.438109,5.8857035636901855
4130-steel,4130 Steel,Steel,4130 x 20 (20).jpg,0.6446929152728875,0.7837632684808975,0.784912109375,dl_unet_r34,U-Net (ResNet34),general,encoder-decoder,Unet,resnet34,rgb,24.438109,5.8857035636901855
418-17-4ph-x20,418 Printed 17-4 PH Steel,Steel,x20 (1).jpg,0.536163288193858,0.6816022986426291,0.7497287326388888,dl_unet_r34,U-Net (ResNet34),general,encoder-decoder,Unet,resnet34,rgb,24.438109,5.8857035636901855
418-17-4ph-x20,418 Printed 17-4 PH Steel,Steel,x20 (2).jpg,0.49308032601302454,0.6187951855748515,0.7698567708333334,dl_unet_r34,U-Net (ResNet34),general,encoder-decoder,Unet,resnet34,rgb,24.438109,5.8857035636901855
418-17-4ph-x20,418 Printed 17-4 PH Steel,Steel,x20 (3).jpg,0.5037109011965242,0.6219677993149657,0.7969021267361112,dl_unet_r34,U-Net (ResNet34),general,encoder-decoder,Unet,resnet34,rgb,24.438109,5.8857035636901855
418-17-4ph-x20,418 Printed 17-4 PH Steel,Steel,x20 (4).jpg,0.5041109818674355,0.6208893115588333,0.8006727430555556,dl_unet_r34,U-Net (ResNet34),general,encoder-decoder,Unet,resnet34,rgb,24.438109,5.8857035636901855
418-17-4ph-x20,418 Printed 17-4 PH Steel,Steel,x20 (5).jpg,0.48979734815426795,0.6086531687575037,0.7824435763888888,dl_unet_r34,U-Net (ResNet34),general,encoder-decoder,Unet,resnet34,rgb,24.438109,5.8857035636901855
418-17-4ph-x20,418 Printed 17-4 PH Steel,Steel,x20 (6).jpg,0.5372097716066144,0.6760567110514089,0.7695855034722222,dl_unet_r34,U-Net (ResNet34),general,encoder-decoder,Unet,resnet34,rgb,24.438109,5.8857035636901855
418-17-4ph-x20,418 Printed 17-4 PH Steel,Steel,x20 (7).jpg,0.4190783052966455,0.5687361449396087,0.6414116753472222,dl_unet_r34,U-Net (ResNet34),general,encoder-decoder,Unet,resnet34,rgb,24.438109,5.8857035636901855
418-17-4ph-x20,418 Printed 17-4 PH Steel,Steel,x20 (8).jpg,0.5134875296612291,0.6366599740277991,0.7938368055555556,dl_unet_r34,U-Net (ResNet34),general,encoder-decoder,Unet,resnet34,rgb,24.438109,5.8857035636901855
418-17-4ph-x20,418 Printed 17-4 PH Steel,Steel,x20 (9).jpg,0.47825159563765063,0.6306787735747834,0.6913791232638888,dl_unet_r34,U-Net (ResNet34),general,encoder-decoder,Unet,resnet34,rgb,24.438109,5.8857035636901855
418-17-4ph-x20,418 Printed 17-4 PH Steel,Steel,x20 (10).jpg,0.5250039609723,0.659989953351996,0.7724609375,dl_unet_r34,U-Net (ResNet34),general,encoder-decoder,Unet,resnet34,rgb,24.438109,5.8857035636901855
418-17-4ph-x20,418 Printed 17-4 PH Steel,Steel,x20 (11).jpg,0.2355213049841127,0.33882167211098935,0.4454210069444444,dl_unet_r34,U-Net (ResNet34),general,encoder-decoder,Unet,resnet34,rgb,24.438109,5.8857035636901855
418-17-4ph-x20,418 Printed 17-4 PH Steel,Steel,x20 (12).jpg,0.2328745891316562,0.33284358123422864,0.4451226128472222,dl_unet_r34,U-Net (ResNet34),general,encoder-decoder,Unet,resnet34,rgb,24.438109,5.8857035636901855
418-17-4ph-x20,418 Printed 17-4 PH Steel,Steel,x20 (13).jpg,0.318324228605249,0.39461130771903635,0.6287977430555556,dl_unet_r34,U-Net (ResNet34),general,encoder-decoder,Unet,resnet34,rgb,24.438109,5.8857035636901855
418-17-4ph-x20,418 Printed 17-4 PH Steel,Steel,x20 (14).jpg,0.24881719623527698,0.3420828805451994,0.4842122395833333,dl_unet_r34,U-Net (ResNet34),general,encoder-decoder,Unet,resnet34,rgb,24.438109,5.8857035636901855
418-17-4ph-x20,418 Printed 17-4 PH Steel,Steel,x20 (15).jpg,0.24288947802108435,0.33856472690744854,0.4698893229166667,dl_unet_r34,U-Net (ResNet34),general,encoder-decoder,Unet,resnet34,rgb,24.438109,5.8857035636901855
418-17-4ph-x20,418 Printed 17-4 PH Steel,Steel,x20 (16).jpg,0.2096639867114519,0.30835180057735767,0.4020182291666667,dl_unet_r34,U-Net (ResNet34),general,encoder-decoder,Unet,resnet34,rgb,24.438109,5.8857035636901855
418-17-4ph-x20,418 Printed 17-4 PH Steel,Steel,x20 (17).jpg,0.25150163462695746,0.34367154344243867,0.4906684027777778,dl_unet_r34,U-Net (ResNet34),general,encoder-decoder,Unet,resnet34,rgb,24.438109,5.8857035636901855
418-17-4ph-x20,418 Printed 17-4 PH Steel,Steel,x20 (18).jpg,0.23433475378760288,0.33221582361422947,0.4507921006944444,dl_unet_r34,U-Net (ResNet34),general,encoder-decoder,Unet,resnet34,rgb,24.438109,5.8857035636901855
418-17-4ph-x20,418 Printed 17-4 PH Steel,Steel,x20 (19).jpg,0.24713829953365227,0.3443647239241995,0.4755859375,dl_unet_r34,U-Net (ResNet34),general,encoder-decoder,Unet,resnet34,rgb,24.438109,5.8857035636901855
418-17-4ph-x20,418 Printed 17-4 PH Steel,Steel,x20 (20).jpg,0.28378570290472527,0.3918553920983723,0.5247395833333334,dl_unet_r34,U-Net (ResNet34),general,encoder-decoder,Unet,resnet34,rgb,24.438109,5.8857035636901855
418-17-4ph-x20,418 Printed 17-4 PH Steel,Steel,x20 (21).jpg,0.2529086011293653,0.3649455611178995,0.4647623697916667,dl_unet_r34,U-Net (ResNet34),general,encoder-decoder,Unet,resnet34,rgb,24.438109,5.8857035636901855
418-17-4ph-x5,418 Printed 17-4 PH Steel,Steel,x5 (1).jpg,0.7591896579060968,0.8456808207182471,0.97607421875,dl_unet_r34,U-Net (ResNet34),general,encoder-decoder,Unet,resnet34,rgb,24.438109,5.8857035636901855
418-17-4ph-x5,418 Printed 17-4 PH Steel,Steel,x5 (2).jpg,0.8111600956299458,0.8863757823096233,0.9781087239583334,dl_unet_r34,U-Net (ResNet34),general,encoder-decoder,Unet,resnet34,rgb,24.438109,5.8857035636901855
418-17-4ph-x5,418 Printed 17-4 PH Steel,Steel,x5 (3).jpg,0.7937114221996153,0.8721756301806288,0.9852701822916666,dl_unet_r34,U-Net (ResNet34),general,encoder-decoder,Unet,resnet34,rgb,24.438109,5.8857035636901855
418-17-4ph-x5,418 Printed 17-4 PH Steel,Steel,x5 (4).jpg,0.7971302879748422,0.8759625470214738,0.9770236545138888,dl_unet_r34,U-Net (ResNet34),general,encoder-decoder,Unet,resnet34,rgb,24.438109,5.8857035636901855
418-17-4ph-x5,418 Printed 17-4 PH Steel,Steel,x5 (5).jpg,0.9139836689312595,0.9538346088993346,0.9815809461805556,dl_unet_r34,U-Net (ResNet34),general,encoder-decoder,Unet,resnet34,rgb,24.438109,5.8857035636901855
418-17-4ph-x5,418 Printed 17-4 PH Steel,Steel,x5 (6).jpg,0.8326888888888888,0.9018245443965368,0.9788140190972222,dl_unet_r34,U-Net (ResNet34),general,encoder-decoder,Unet,resnet34,rgb,24.438109,5.8857035636901855
418-17-4ph-x5,418 Printed 17-4 PH Steel,Steel,x5 (7).jpg,0.7527012505631498,0.8402269540244774,0.9758029513888888,dl_unet_r34,U-Net (ResNet34),general,encoder-decoder,Unet,resnet34,rgb,24.438109,5.8857035636901855
418-17-4ph-x5,418 Printed 17-4 PH Steel,Steel,x5 (8).jpg,0.7727700712310137,0.8557375778209151,0.9833170572916666,dl_unet_r34,U-Net (ResNet34),general,encoder-decoder,Unet,resnet34,rgb,24.438109,5.8857035636901855
418-17-4ph-x5,418 Printed 17-4 PH Steel,Steel,x5 (9).jpg,0.7731224867701412,0.8565167891928019,0.9802788628472222,dl_unet_r34,U-Net (ResNet34),general,encoder-decoder,Unet,resnet34,rgb,24.438109,5.8857035636901855
418-17-4ph-x5,418 Printed 17-4 PH Steel,Steel,x5 (10).jpg,0.771720451483336,0.855335856998436,0.9804958767361112,dl_unet_r34,U-Net (ResNet34),general,encoder-decoder,Unet,resnet34,rgb,24.438109,5.8857035636901855
418-17-4ph-x5,418 Printed 17-4 PH Steel,Steel,x5 (11).jpg,0.7403944794673158,0.8298750933300367,0.9740397135416666,dl_unet_r34,U-Net (ResNet34),general,encoder-decoder,Unet,resnet34,rgb,24.438109,5.8857035636901855
418-17-4ph-x5,418 Printed 17-4 PH Steel,Steel,x5 (12).jpg,0.7826811566661396,0.8642689627397484,0.9799533420138888,dl_unet_r34,U-Net (ResNet34),general,encoder-decoder,Unet,resnet34,rgb,24.438109,5.8857035636901855
418-17-4ph-x5,418 Printed 17-4 PH Steel,Steel,x5 (13).jpg,0.7620338649496372,0.8467591872739695,0.983642578125,dl_unet_r34,U-Net (ResNet34),general,encoder-decoder,Unet,resnet34,rgb,24.438109,5.8857035636901855
418-17-4ph-x5,418 Printed 17-4 PH Steel,Steel,x5 (14).jpg,0.7844295866569782,0.8653974623360292,0.981689453125,dl_unet_r34,U-Net (ResNet34),general,encoder-decoder,Unet,resnet34,rgb,24.438109,5.8857035636901855
418-17-4ph-x5,418 Printed 17-4 PH Steel,Steel,x5 (15).jpg,0.8303883737621317,0.9017607907865768,0.9640842013888888,dl_unet_r34,U-Net (ResNet34),general,encoder-decoder,Unet,resnet34,rgb,24.438109,5.8857035636901855
418-17-4ph-x5,418 Printed 17-4 PH Steel,Steel,x5 (16).jpg,0.823656312705755,0.8964099775296346,0.9698350694444444,dl_unet_r34,U-Net (ResNet34),general,encoder-decoder,Unet,resnet34,rgb,24.438109,5.8857035636901855
418-17-4ph-x5,418 Printed 17-4 PH Steel,Steel,x5 (17).jpg,0.8679738928541902,0.9264906389051007,0.9678276909722222,dl_unet_r34,U-Net (ResNet34),general,encoder-decoder,Unet,resnet34,rgb,24.438109,5.8857035636901855
418-17-4ph-x5,418 Printed 17-4 PH Steel,Steel,x5 (18).jpg,0.710309884351777,0.8034632335831606,0.9688042534722222,dl_unet_r34,U-Net (ResNet34),general,encoder-decoder,Unet,resnet34,rgb,24.438109,5.8857035636901855
418-17-4ph-x5,418 Printed 17-4 PH Steel,Steel,x5 (19).jpg,0.7527000766029384,0.8400834949343647,0.9765896267361112,dl_unet_r34,U-Net (ResNet34),general,encoder-decoder,Unet,resnet34,rgb,24.438109,5.8857035636901855
418-17-4ph-x5,418 Printed 17-4 PH Steel,Steel,x5 (20).jpg,0.7445823702794869,0.8334679654653475,0.9744466145833334,dl_unet_r34,U-Net (ResNet34),general,encoder-decoder,Unet,resnet34,rgb,24.438109,5.8857035636901855
418-17-4ph-x5,418 Printed 17-4 PH Steel,Steel,x5 (21).jpg,0.7499275288620662,0.8372003012177638,0.9793023003472222,dl_unet_r34,U-Net (ResNet34),general,encoder-decoder,Unet,resnet34,rgb,24.438109,5.8857035636901855
418-17-4ph-x5,418 Printed 17-4 PH Steel,Steel,x5 (22).jpg,0.7220182414505039,0.8145342286724637,0.9681803385416666,dl_unet_r34,U-Net (ResNet34),general,encoder-decoder,Unet,resnet34,rgb,24.438109,5.8857035636901855
418-17-4ph-x5,418 Printed 17-4 PH Steel,Steel,x5 (23).jpg,0.7423130565085969,0.8313164938926005,0.9753146701388888,dl_unet_r34,U-Net (ResNet34),general,encoder-decoder,Unet,resnet34,rgb,24.438109,5.8857035636901855
418-17-4ph-x5,418 Printed 17-4 PH Steel,Steel,x5 (24).jpg,0.7615513432163397,0.8473720045641044,0.9777560763888888,dl_unet_r34,U-Net (ResNet34),general,encoder-decoder,Unet,resnet34,rgb,24.438109,5.8857035636901855
418-17-4ph-x5,418 Printed 17-4 PH Steel,Steel,x5 (25).jpg,0.7295269416553092,0.8201978207205778,0.9738498263888888,dl_unet_r34,U-Net (ResNet34),general,encoder-decoder,Unet,resnet34,rgb,24.438109,5.8857035636901855
5884-armor-steel,5884 Armor Steel,Steel,5884 x 5 (1).jpg,0.6114183848329944,0.7574792715104772,0.7645399305555556,dl_unet_r34,U-Net (ResNet34),general,encoder-decoder,Unet,resnet34,rgb,24.438109,5.8857035636901855
5884-armor-steel,5884 Armor Steel,Steel,5884 x 5 (2).jpg,0.7104300980930686,0.8305290042511914,0.8317328559027778,dl_unet_r34,U-Net (ResNet34),general,encoder-decoder,Unet,resnet34,rgb,24.438109,5.8857035636901855
5884-armor-steel,5884 Armor Steel,Steel,5884 x 5 (3).jpg,0.7386023161910138,0.8495385253042425,0.8503960503472222,dl_unet_r34,U-Net (ResNet34),general,encoder-decoder,Unet,resnet34,rgb,24.438109,5.8857035636901855
5884-armor-steel,5884 Armor Steel,Steel,5884 x 5 (4).jpg,0.6222267578077825,0.7659353309477108,0.772216796875,dl_unet_r34,U-Net (ResNet34),general,encoder-decoder,Unet,resnet34,rgb,24.438109,5.8857035636901855
5884-armor-steel,5884 Armor Steel,Steel,5884 x 5 (5).jpg,0.7356916467280481,0.8461372613927987,0.8580186631944444,dl_unet_r34,U-Net (ResNet34),general,encoder-decoder,Unet,resnet34,rgb,24.438109,5.8857035636901855
5884-armor-steel,5884 Armor Steel,Steel,5884 x 10 (1).jpg,0.7876822197060191,0.880912373347837,0.8839246961805556,dl_unet_r34,U-Net (ResNet34),general,encoder-decoder,Unet,resnet34,rgb,24.438109,5.8857035636901855
5884-armor-steel,5884 Armor Steel,Steel,5884 x 10 (2).jpg,0.8182582457124079,0.9000199411492007,0.9003092447916666,dl_unet_r34,U-Net (ResNet34),general,encoder-decoder,Unet,resnet34,rgb,24.438109,5.8857035636901855
5884-armor-steel,5884 Armor Steel,Steel,5884 x 10 (3).jpg,0.6827435058295532,0.8095732567146663,0.8213975694444444,dl_unet_r34,U-Net (ResNet34),general,encoder-decoder,Unet,resnet34,rgb,24.438109,5.8857035636901855
5884-armor-steel,5884 Armor Steel,Steel,5884 x 10 (4).jpg,0.7813521230937058,0.8770546274336193,0.87890625,dl_unet_r34,U-Net (ResNet34),general,encoder-decoder,Unet,resnet34,rgb,24.438109,5.8857035636901855
5884-armor-steel,5884 Armor Steel,Steel,5884 x 10 (5).jpg,0.683405802236144,0.8110665627727641,0.8165147569444444,dl_unet_r34,U-Net (ResNet34),general,encoder-decoder,Unet,resnet34,rgb,24.438109,5.8857035636901855
5884-armor-steel,5884 Armor Steel,Steel,5884 x 10 (6).jpg,0.7397734808998315,0.849695508270645,0.8552788628472222,dl_unet_r34,U-Net (ResNet34),general,encoder-decoder,Unet,resnet34,rgb,24.438109,5.8857035636901855
5884-armor-steel,5884 Armor Steel,Steel,5884 x 20 (1).jpg,0.7275932109902578,0.8290795052449782,0.9197862413194444,dl_unet_r34,U-Net (ResNet34),general,encoder-decoder,Unet,resnet34,rgb,24.438109,5.8857035636901855
5884-armor-steel,5884 Armor Steel,Steel,5884 x 20 (2).jpg,0.7508017676078923,0.8482080801727901,0.9199761284722222,dl_unet_r34,U-Net (ResNet34),general,encoder-decoder,Unet,resnet34,rgb,24.438109,5.8857035636901855
5884-armor-steel,5884 Armor Steel,Steel,5884 x 20 (3).jpg,0.8670887818783349,0.9288093851267425,0.9288736979166666,dl_unet_r34,U-Net (ResNet34),general,encoder-decoder,Unet,resnet34,rgb,24.438109,5.8857035636901855
5884-armor-steel,5884 Armor Steel,Steel,5884 x 20 (4).jpg,0.7491520744351372,0.850117222516338,0.8997667100694444,dl_unet_r34,U-Net (ResNet34),general,encoder-decoder,Unet,resnet34,rgb,24.438109,5.8857035636901855
5884-armor-steel,5884 Armor Steel,Steel,5884 x 20 (5).jpg,0.7714523019192832,0.8678347360862961,0.8948025173611112,dl_unet_r34,U-Net (ResNet34),general,encoder-decoder,Unet,resnet34,rgb,24.438109,5.8857035636901855
5884-armor-steel,5884 Armor Steel,Steel,5884 x 20 (6).jpg,0.5600074818855861,0.6940139141658723,0.7961968315972222,dl_unet_r34,U-Net (ResNet34),general,encoder-decoder,Unet,resnet34,rgb,24.438109,5.8857035636901855
5884-armor-steel,5884 Armor Steel,Steel,5884 x 50 (1).jpg,0.7029711584817275,0.8246556785358135,0.8308648003472222,dl_unet_r34,U-Net (ResNet34),general,encoder-decoder,Unet,resnet34,rgb,24.438109,5.8857035636901855
5884-armor-steel,5884 Armor Steel,Steel,5884 x 50 (2).jpg,0.7152765608787097,0.8301783783590904,0.8565538194444444,dl_unet_r34,U-Net (ResNet34),general,encoder-decoder,Unet,resnet34,rgb,24.438109,5.8857035636901855
5884-armor-steel,5884 Armor Steel,Steel,5884 x 50 (3).jpg,0.7512355436310827,0.8578698974585072,0.8585069444444444,dl_unet_r34,U-Net (ResNet34),general,encoder-decoder,Unet,resnet34,rgb,24.438109,5.8857035636901855
5884-armor-steel,5884 Armor Steel,Steel,5884 x 50 (4).jpg,0.6524323343669141,0.7875370803952562,0.7996690538194444,dl_unet_r34,U-Net (ResNet34),general,encoder-decoder,Unet,resnet34,rgb,24.438109,5.8857035636901855
6280-cast-iron-high,6280 Gray Cast Iron,Cast Iron,6280 x 20 (1).jpg,0.5269983413875271,0.6311233560277751,0.8505045572916666,dl_unet_r34,U-Net (ResNet34),general,encoder-decoder,Unet,resnet34,rgb,24.438109,5.8857035636901855
6280-cast-iron-high,6280 Gray Cast Iron,Cast Iron,6280 x 20 (2).jpg,0.5103606983880565,0.6108003919698883,0.8428548177083334,dl_unet_r34,U-Net (ResNet34),general,encoder-decoder,Unet,resnet34,rgb,24.438109,5.8857035636901855
6280-cast-iron-high,6280 Gray Cast Iron,Cast Iron,6280 x 20 (3).jpg,0.5161321298828059,0.6215578458506911,0.8375379774305556,dl_unet_r34,U-Net (ResNet34),general,encoder-decoder,Unet,resnet34,rgb,24.438109,5.8857035636901855
6280-cast-iron-high,6280 Gray Cast Iron,Cast Iron,6280 x 20 (4).jpg,0.540960281514417,0.6472208201226365,0.8576931423611112,dl_unet_r34,U-Net (ResNet34),general,encoder-decoder,Unet,resnet34,rgb,24.438109,5.8857035636901855
6280-cast-iron-high,6280 Gray Cast Iron,Cast Iron,6280 x 20 (5).jpg,0.5124524250755533,0.6096878821613334,0.8517523871527778,dl_unet_r34,U-Net (ResNet34),general,encoder-decoder,Unet,resnet34,rgb,24.438109,5.8857035636901855
6280-cast-iron-high,6280 Gray Cast Iron,Cast Iron,6280 x 20 (6).jpg,0.5281413432521463,0.6307166791501707,0.8550618489583334,dl_unet_r34,U-Net (ResNet34),general,encoder-decoder,Unet,resnet34,rgb,24.438109,5.8857035636901855
6280-cast-iron-high,6280 Gray Cast Iron,Cast Iron,6280 x 20 (7).jpg,0.5365826076190154,0.6311672095821694,0.8807237413194444,dl_unet_r34,U-Net (ResNet34),general,encoder-decoder,Unet,resnet34,rgb,24.438109,5.8857035636901855
6280-cast-iron-high,6280 Gray Cast Iron,Cast Iron,6280 x 20 (8).jpg,0.5468990618425433,0.6562653448994412,0.8549533420138888,dl_unet_r34,U-Net (ResNet34),general,encoder-decoder,Unet,resnet34,rgb,24.438109,5.8857035636901855
6280-cast-iron-high,6280 Gray Cast Iron,Cast Iron,6280 x 20 (9).jpg,0.5118287801740671,0.606700745405518,0.8560926649305556,dl_unet_r34,U-Net (ResNet34),general,encoder-decoder,Unet,resnet34,rgb,24.438109,5.8857035636901855
6280-cast-iron-high,6280 Gray Cast Iron,Cast Iron,6280 x 20 (10).jpg,0.5375301987054439,0.6372219233040962,0.8700900607638888,dl_unet_r34,U-Net (ResNet34),general,encoder-decoder,Unet,resnet34,rgb,24.438109,5.8857035636901855
6280-cast-iron-low,6280 Gray Cast Iron,Cast Iron,6280 x 10 (1).jpg,0.3953142593052114,0.5471966579797306,0.5755208333333334,dl_unet_r34,U-Net (ResNet34),general,encoder-decoder,Unet,resnet34,rgb,24.438109,5.8857035636901855
6280-cast-iron-low,6280 Gray Cast Iron,Cast Iron,6280 x 10 (2).jpg,0.4006158877276254,0.5522353162348894,0.5747612847222222,dl_unet_r34,U-Net (ResNet34),general,encoder-decoder,Unet,resnet34,rgb,24.438109,5.8857035636901855
6280-cast-iron-low,6280 Gray Cast Iron,Cast Iron,6280 x 10 (3).jpg,0.4041314889029133,0.5554309381986419,0.60400390625,dl_unet_r34,U-Net (ResNet34),general,encoder-decoder,Unet,resnet34,rgb,24.438109,5.8857035636901855
6280-cast-iron-low,6280 Gray Cast Iron,Cast Iron,6280 x 10 (4).jpg,0.38613676349195664,0.5370677250850678,0.5655653211805556,dl_unet_r34,U-Net (ResNet34),general,encoder-decoder,Unet,resnet34,rgb,24.438109,5.8857035636901855
6280-cast-iron-low,6280 Gray Cast Iron,Cast Iron,6280 x 10 (5).jpg,0.3358865795131278,0.49085617107591517,0.5413140190972222,dl_unet_r34,U-Net (ResNet34),general,encoder-decoder,Unet,resnet34,rgb,24.438109,5.8857035636901855
6280-cast-iron-low,6280 Gray Cast Iron,Cast Iron,6280 x 10 (6).jpg,0.38597897059819825,0.5393960752413581,0.5704210069444444,dl_unet_r34,U-Net (ResNet34),general,encoder-decoder,Unet,resnet34,rgb,24.438109,5.8857035636901855
6280-cast-iron-low,6280 Gray Cast Iron,Cast Iron,6280 x 10 (7).jpg,0.4300525421853614,0.589913970033853,0.5973307291666666,dl_unet_r34,U-Net (ResNet34),general,encoder-decoder,Unet,resnet34,rgb,24.438109,5.8857035636901855
6280-cast-iron-low,6280 Gray Cast Iron,Cast Iron,6280 x 10 (8).jpg,0.39038827865422915,0.5428853814116396,0.5714789496527778,dl_unet_r34,U-Net (ResNet34),general,encoder-decoder,Unet,resnet34,rgb,24.438109,5.8857035636901855
6280-cast-iron-low,6280 Gray Cast Iron,Cast Iron,6280 x 10 (9).jpg,0.3627929113622818,0.5214455006360901,0.5525444878472222,dl_unet_r34,U-Net (ResNet34),general,encoder-decoder,Unet,resnet34,rgb,24.438109,5.8857035636901855
6280-cast-iron-low,6280 Gray Cast Iron,Cast Iron,6280 x 10 (10).jpg,0.402469556805007,0.5671149213629098,0.5774197048611112,dl_unet_r34,U-Net (ResNet34),general,encoder-decoder,Unet,resnet34,rgb,24.438109,5.8857035636901855
6280-cast-iron-low,6280 Gray Cast Iron,Cast Iron,6280 x 10 (11).jpg,0.40346800952248607,0.5688344600613937,0.5790473090277778,dl_unet_r34,U-Net (ResNet34),general,encoder-decoder,Unet,resnet34,rgb,24.438109,5.8857035636901855
4130-steel,4130 Steel,Steel,4130 x 10 (1).jpg,0.668336620448274,0.8011120330666772,0.8016493055555556,dl_unetpp_r34,U-Net++ (ResNet34),general,encoder-decoder,UnetPlusPlus,resnet34,rgb,26.080349,9.62457799911499
4130-steel,4130 Steel,Steel,4130 x 10 (2).jpg,0.4878764567833128,0.6548708211635306,0.6585015190972222,dl_unetpp_r34,U-Net++ (ResNet34),general,encoder-decoder,UnetPlusPlus,resnet34,rgb,26.080349,9.62457799911499
4130-steel,4130 Steel,Steel,4130 x 10 (3).jpg,0.5338555261601412,0.6960953376117229,0.6960991753472222,dl_unetpp_r34,U-Net++ (ResNet34),general,encoder-decoder,UnetPlusPlus,resnet34,rgb,26.080349,9.62457799911499
4130-steel,4130 Steel,Steel,4130 x 10 (4).jpg,0.5164367663979872,0.6809868958412831,0.6815321180555556,dl_unetpp_r34,U-Net++ (ResNet34),general,encoder-decoder,UnetPlusPlus,resnet34,rgb,26.080349,9.62457799911499
4130-steel,4130 Steel,Steel,4130 x 10 (5).jpg,0.4311541366546577,0.6014511524550654,0.605224609375,dl_unetpp_r34,U-Net++ (ResNet34),general,encoder-decoder,UnetPlusPlus,resnet34,rgb,26.080349,9.62457799911499
4130-steel,4130 Steel,Steel,4130 x 10 (6).jpg,0.5050116484860545,0.6693997749632359,0.67626953125,dl_unetpp_r34,U-Net++ (ResNet34),general,encoder-decoder,UnetPlusPlus,resnet34,rgb,26.080349,9.62457799911499
4130-steel,4130 Steel,Steel,4130 x 10 (7).jpg,0.5705202278030861,0.7258900532288973,0.7288953993055556,dl_unetpp_r34,U-Net++ (ResNet34),general,encoder-decoder,UnetPlusPlus,resnet34,rgb,26.080349,9.62457799911499
4130-steel,4130 Steel,Steel,4130 x 10 (8).jpg,0.5293791684794327,0.6884360094420914,0.7046169704861112,dl_unetpp_r34,U-Net++ (ResNet34),general,encoder-decoder,UnetPlusPlus,resnet34,rgb,26.080349,9.62457799911499
4130-steel,4130 Steel,Steel,4130 x 10 (9).jpg,0.5012080378750584,0.6645782304385366,0.6771647135416666,dl_unetpp_r34,U-Net++ (ResNet34),general,encoder-decoder,UnetPlusPlus,resnet34,rgb,26.080349,9.62457799911499
4130-steel,4130 Steel,Steel,4130 x 10 (10).jpg,0.5162047988849963,0.6756137080831957,0.697265625,dl_unetpp_r34,U-Net++ (ResNet34),general,encoder-decoder,UnetPlusPlus,resnet34,rgb,26.080349,9.62457799911499
4130-steel,4130 Steel,Steel,4130 x 10 (11).jpg,0.49816692582846744,0.6559051516698717,0.6915690104166666,dl_unetpp_r34,U-Net++ (ResNet34),general,encoder-decoder,UnetPlusPlus,resnet34,rgb,26.080349,9.62457799911499
4130-steel,4130 Steel,Steel,4130 x 10 (12).jpg,0.49586630471133814,0.6537701021473065,0.6895887586805556,dl_unetpp_r34,U-Net++ (ResNet34),general,encoder-decoder,UnetPlusPlus,resnet34,rgb,26.080349,9.62457799911499
4130-steel,4130 Steel,Steel,4130 x 10 (13).jpg,0.4844571506849762,0.6436520521840912,0.6781141493055556,dl_unetpp_r34,U-Net++ (ResNet34),general,encoder-decoder,UnetPlusPlus,resnet34,rgb,26.080349,9.62457799911499
4130-steel,4130 Steel,Steel,4130 x 10 (14).jpg,0.5162053206585742,0.6704707264809566,0.7126193576388888,dl_unetpp_r34,U-Net++ (ResNet34),general,encoder-decoder,UnetPlusPlus,resnet34,rgb,26.080349,9.62457799911499
4130-steel,4130 Steel,Steel,4130 x 10 (15).jpg,0.4985073922383434,0.6566490151879938,0.6906467013888888,dl_unetpp_r34,U-Net++ (ResNet34),general,encoder-decoder,UnetPlusPlus,resnet34,rgb,26.080349,9.62457799911499
4130-steel,4130 Steel,Steel,4130 x 10 (16).jpg,0.5008534955699946,0.6625917837274304,0.6817491319444444,dl_unetpp_r34,U-Net++ (ResNet34),general,encoder-decoder,UnetPlusPlus,resnet34,rgb,26.080349,9.62457799911499
4130-steel,4130 Steel,Steel,4130 x 10 (17).jpg,0.5171176302379982,0.6712184556955529,0.713623046875,dl_unetpp_r34,U-Net++ (ResNet34),general,encoder-decoder,UnetPlusPlus,resnet34,rgb,26.080349,9.62457799911499
4130-steel,4130 Steel,Steel,4130 x 10 (18).jpg,0.5018815989990798,0.6603543529530234,0.6918402777777778,dl_unetpp_r34,U-Net++ (ResNet34),general,encoder-decoder,UnetPlusPlus,resnet34,rgb,26.080349,9.62457799911499
4130-steel,4130 Steel,Steel,4130 x 10 (19).jpg,0.46851942502477395,0.6316829935123573,0.6554633246527778,dl_unetpp_r34,U-Net++ (ResNet34),general,encoder-decoder,UnetPlusPlus,resnet34,rgb,26.080349,9.62457799911499
4130-steel,4130 Steel,Steel,4130 x 10 (20).jpg,0.4646953163891219,0.6307647486255591,0.6447211371527778,dl_unetpp_r34,U-Net++ (ResNet34),general,encoder-decoder,UnetPlusPlus,resnet34,rgb,26.080349,9.62457799911499
4130-steel,4130 Steel,Steel,4130 x 20 (1).jpg,0.5788828531012786,0.7300054602292754,0.7454155815972222,dl_unetpp_r34,U-Net++ (ResNet34),general,encoder-decoder,UnetPlusPlus,resnet34,rgb,26.080349,9.62457799911499
4130-steel,4130 Steel,Steel,4130 x 20 (2).jpg,0.5619345860762069,0.7169723125126697,0.7285970052083334,dl_unetpp_r34,U-Net++ (ResNet34),general,encoder-decoder,UnetPlusPlus,resnet34,rgb,26.080349,9.62457799911499
4130-steel,4130 Steel,Steel,4130 x 20 (3).jpg,0.5769062693509412,0.7299588681328335,0.7381184895833334,dl_unetpp_r34,U-Net++ (ResNet34),general,encoder-decoder,UnetPlusPlus,resnet34,rgb,26.080349,9.62457799911499
4130-steel,4130 Steel,Steel,4130 x 20 (4).jpg,0.49110969539156335,0.6511072275307614,0.6805284288194444,dl_unetpp_r34,U-Net++ (ResNet34),general,encoder-decoder,UnetPlusPlus,resnet34,rgb,26.080349,9.62457799911499
4130-steel,4130 Steel,Steel,4130 x 20 (5).jpg,0.6242680717364724,0.7676834572177987,0.77294921875,dl_unetpp_r34,U-Net++ (ResNet34),general,encoder-decoder,UnetPlusPlus,resnet34,rgb,26.080349,9.62457799911499
4130-steel,4130 Steel,Steel,4130 x 20 (6).jpg,0.6797595827761185,0.8088556732591814,0.8119574652777778,dl_unetpp_r34,U-Net++ (ResNet34),general,encoder-decoder,UnetPlusPlus,resnet34,rgb,26.080349,9.62457799911499
4130-steel,4130 Steel,Steel,4130 x 20 (7).jpg,0.6730396442710684,0.8037603615033391,0.8087022569444444,dl_unetpp_r34,U-Net++ (ResNet34),general,encoder-decoder,UnetPlusPlus,resnet34,rgb,26.080349,9.62457799911499
4130-steel,4130 Steel,Steel,4130 x 20 (8).jpg,0.6704398302456721,0.8021799377832302,0.8053927951388888,dl_unetpp_r34,U-Net++ (ResNet34),general,encoder-decoder,UnetPlusPlus,resnet34,rgb,26.080349,9.62457799911499
4130-steel,4130 Steel,Steel,4130 x 20 (9).jpg,0.6399972803974723,0.7794016280276739,0.785400390625,dl_unetpp_r34,U-Net++ (ResNet34),general,encoder-decoder,UnetPlusPlus,resnet34,rgb,26.080349,9.62457799911499
4130-steel,4130 Steel,Steel,4130 x 20 (10).jpg,0.6939804869316147,0.8183855872280513,0.8246527777777778,dl_unetpp_r34,U-Net++ (ResNet34),general,encoder-decoder,UnetPlusPlus,resnet34,rgb,26.080349,9.62457799911499
4130-steel,4130 Steel,Steel,4130 x 20 (11).jpg,0.678833818137268,0.8067297698315629,0.8188747829861112,dl_unetpp_r34,U-Net++ (ResNet34),general,encoder-decoder,UnetPlusPlus,resnet34,rgb,26.080349,9.62457799911499
4130-steel,4130 Steel,Steel,4130 x 20 (12).jpg,0.6783450519337213,0.8068356545861743,0.8161892361111112,dl_unetpp_r34,U-Net++ (ResNet34),general,encoder-decoder,UnetPlusPlus,resnet34,rgb,26.080349,9.62457799911499
4130-steel,4130 Steel,Steel,4130 x 20 (13).jpg,0.7059390464697437,0.8263086049046585,0.835205078125,dl_unetpp_r34,U-Net++ (ResNet34),general,encoder-decoder,UnetPlusPlus,resnet34,rgb,26.080349,9.62457799911499
4130-steel,4130 Steel,Steel,4130 x 20 (14).jpg,0.69322240060874,0.8172186890794515,0.8275824652777778,dl_unetpp_r34,U-Net++ (ResNet34),general,encoder-decoder,UnetPlusPlus,resnet34,rgb,26.080349,9.62457799911499
4130-steel,4130 Steel,Steel,4130 x 20 (15).jpg,0.6700787144086089,0.8014638096582165,0.8074273003472222,dl_unetpp_r34,U-Net++ (ResNet34),general,encoder-decoder,UnetPlusPlus,resnet34,rgb,26.080349,9.62457799911499
4130-steel,4130 Steel,Steel,4130 x 20 (16).jpg,0.6399012110874658,0.7797343411011317,0.7835015190972222,dl_unetpp_r34,U-Net++ (ResNet34),general,encoder-decoder,UnetPlusPlus,resnet34,rgb,26.080349,9.62457799911499
4130-steel,4130 Steel,Steel,4130 x 20 (17).jpg,0.6252657524832022,0.7685299830317812,0.7733289930555556,dl_unetpp_r34,U-Net++ (ResNet34),general,encoder-decoder,UnetPlusPlus,resnet34,rgb,26.080349,9.62457799911499
4130-steel,4130 Steel,Steel,4130 x 20 (18).jpg,0.6769414720361782,0.8073015337235889,0.8076171875,dl_unetpp_r34,U-Net++ (ResNet34),general,encoder-decoder,UnetPlusPlus,resnet34,rgb,26.080349,9.62457799911499
4130-steel,4130 Steel,Steel,4130 x 20 (19).jpg,0.6586622651054879,0.7940174819055383,0.7951388888888888,dl_unetpp_r34,U-Net++ (ResNet34),general,encoder-decoder,UnetPlusPlus,resnet34,rgb,26.080349,9.62457799911499
4130-steel,4130 Steel,Steel,4130 x 20 (20).jpg,0.6600676610213703,0.7950538835340335,0.7960883246527778,dl_unetpp_r34,U-Net++ (ResNet34),general,encoder-decoder,UnetPlusPlus,resnet34,rgb,26.080349,9.62457799911499
418-17-4ph-x20,418 Printed 17-4 PH Steel,Steel,x20 (1).jpg,0.371672884240906,0.509423247812079,0.6081814236111112,dl_unetpp_r34,U-Net++ (ResNet34),general,encoder-decoder,UnetPlusPlus,resnet34,rgb,26.080349,9.62457799911499
418-17-4ph-x20,418 Printed 17-4 PH Steel,Steel,x20 (2).jpg,0.4150822307415713,0.5514462442868909,0.6651475694444444,dl_unetpp_r34,U-Net++ (ResNet34),general,encoder-decoder,UnetPlusPlus,resnet34,rgb,26.080349,9.62457799911499
418-17-4ph-x20,418 Printed 17-4 PH Steel,Steel,x20 (3).jpg,0.4404351603114501,0.5700633112311301,0.7079806857638888,dl_unetpp_r34,U-Net++ (ResNet34),general,encoder-decoder,UnetPlusPlus,resnet34,rgb,26.080349,9.62457799911499
418-17-4ph-x20,418 Printed 17-4 PH Steel,Steel,x20 (4).jpg,0.4384276373637975,0.5660499573187203,0.7099338107638888,dl_unetpp_r34,U-Net++ (ResNet34),general,encoder-decoder,UnetPlusPlus,resnet34,rgb,26.080349,9.62457799911499
418-17-4ph-x20,418 Printed 17-4 PH Steel,Steel,x20 (5).jpg,0.457224917087603,0.5891221888723062,0.7210015190972222,dl_unetpp_r34,U-Net++ (ResNet34),general,encoder-decoder,UnetPlusPlus,resnet34,rgb,26.080349,9.62457799911499
418-17-4ph-x20,418 Printed 17-4 PH Steel,Steel,x20 (6).jpg,0.2916438375157167,0.4228938091694389,0.5013020833333334,dl_unetpp_r34,U-Net++ (ResNet34),general,encoder-decoder,UnetPlusPlus,resnet34,rgb,26.080349,9.62457799911499
418-17-4ph-x20,418 Printed 17-4 PH Steel,Steel,x20 (7).jpg,0.41909292180803104,0.572326794980863,0.6334906684027778,dl_unetpp_r34,U-Net++ (ResNet34),general,encoder-decoder,UnetPlusPlus,resnet34,rgb,26.080349,9.62457799911499
418-17-4ph-x20,418 Printed 17-4 PH Steel,Steel,x20 (8).jpg,0.4504268557104585,0.5775494810239636,0.7241753472222222,dl_unetpp_r34,U-Net++ (ResNet34),general,encoder-decoder,UnetPlusPlus,resnet34,rgb,26.080349,9.62457799911499
418-17-4ph-x20,418 Printed 17-4 PH Steel,Steel,x20 (9).jpg,0.2582692624045159,0.39784321619241736,0.4315592447916667,dl_unetpp_r34,U-Net++ (ResNet34),general,encoder-decoder,UnetPlusPlus,resnet34,rgb,26.080349,9.62457799911499
418-17-4ph-x20,418 Printed 17-4 PH Steel,Steel,x20 (10).jpg,0.39210218277738457,0.528749235356236,0.6366916232638888,dl_unetpp_r34,U-Net++ (ResNet34),general,encoder-decoder,UnetPlusPlus,resnet34,rgb,26.080349,9.62457799911499
418-17-4ph-x20,418 Printed 17-4 PH Steel,Steel,x20 (11).jpg,0.5167022270031921,0.5597883068875705,0.9574924045138888,dl_unetpp_r34,U-Net++ (ResNet34),general,encoder-decoder,UnetPlusPlus,resnet34,rgb,26.080349,9.62457799911499
418-17-4ph-x20,418 Printed 17-4 PH Steel,Steel,x20 (12).jpg,0.5031627489236039,0.5360096444293377,0.9571126302083334,dl_unetpp_r34,U-Net++ (ResNet34),general,encoder-decoder,UnetPlusPlus,resnet34,rgb,26.080349,9.62457799911499
418-17-4ph-x20,418 Printed 17-4 PH Steel,Steel,x20 (13).jpg,0.5024264269924287,0.5241117154186421,0.972900390625,dl_unetpp_r34,U-Net++ (ResNet34),general,encoder-decoder,UnetPlusPlus,resnet34,rgb,26.080349,9.62457799911499
418-17-4ph-x20,418 Printed 17-4 PH Steel,Steel,x20 (14).jpg,0.5083766217143403,0.5400582931035914,0.9654405381944444,dl_unetpp_r34,U-Net++ (ResNet34),general,encoder-decoder,UnetPlusPlus,resnet34,rgb,26.080349,9.62457799911499
418-17-4ph-x20,418 Printed 17-4 PH Steel,Steel,x20 (15).jpg,0.5137486639740161,0.5499454751259084,0.9650336371527778,dl_unetpp_r34,U-Net++ (ResNet34),general,encoder-decoder,UnetPlusPlus,resnet34,rgb,26.080349,9.62457799911499
418-17-4ph-x20,418 Printed 17-4 PH Steel,Steel,x20 (16).jpg,0.5030927461710551,0.5336980042466086,0.96044921875,dl_unetpp_r34,U-Net++ (ResNet34),general,encoder-decoder,UnetPlusPlus,resnet34,rgb,26.080349,9.62457799911499
418-17-4ph-x20,418 Printed 17-4 PH Steel,Steel,x20 (17).jpg,0.503562043748256,0.531149959427593,0.9656032986111112,dl_unetpp_r34,U-Net++ (ResNet34),general,encoder-decoder,UnetPlusPlus,resnet34,rgb,26.080349,9.62457799911499
418-17-4ph-x20,418 Printed 17-4 PH Steel,Steel,x20 (18).jpg,0.5085162523280863,0.5458043898099456,0.9568684895833334,dl_unetpp_r34,U-Net++ (ResNet34),general,encoder-decoder,UnetPlusPlus,resnet34,rgb,26.080349,9.62457799911499
418-17-4ph-x20,418 Printed 17-4 PH Steel,Steel,x20 (19).jpg,0.5145791459671765,0.5548635806279743,0.9594997829861112,dl_unetpp_r34,U-Net++ (ResNet34),general,encoder-decoder,UnetPlusPlus,resnet34,rgb,26.080349,9.62457799911499
418-17-4ph-x20,418 Printed 17-4 PH Steel,Steel,x20 (20).jpg,0.25463200530740965,0.35030975176536844,0.4914822048611111,dl_unetpp_r34,U-Net++ (ResNet34),general,encoder-decoder,UnetPlusPlus,resnet34,rgb,26.080349,9.62457799911499
418-17-4ph-x20,418 Printed 17-4 PH Steel,Steel,x20 (21).jpg,0.2863415469653291,0.3772589848596564,0.5543077256944444,dl_unetpp_r34,U-Net++ (ResNet34),general,encoder-decoder,UnetPlusPlus,resnet34,rgb,26.080349,9.62457799911499
418-17-4ph-x5,418 Printed 17-4 PH Steel,Steel,x5 (1).jpg,0.735742514569365,0.8267829328471191,0.9688313802083334,dl_unetpp_r34,U-Net++ (ResNet34),general,encoder-decoder,UnetPlusPlus,resnet34,rgb,26.080349,9.62457799911499
418-17-4ph-x5,418 Printed 17-4 PH Steel,Steel,x5 (2).jpg,0.7619472332438548,0.8497524876181997,0.9656575520833334,dl_unetpp_r34,U-Net++ (ResNet34),general,encoder-decoder,UnetPlusPlus,resnet34,rgb,26.080349,9.62457799911499
418-17-4ph-x5,418 Printed 17-4 PH Steel,Steel,x5 (3).jpg,0.750363706340057,0.8377628989530748,0.9782986111111112,dl_unetpp_r34,U-Net++ (ResNet34),general,encoder-decoder,UnetPlusPlus,resnet34,rgb,26.080349,9.62457799911499
418-17-4ph-x5,418 Printed 17-4 PH Steel,Steel,x5 (4).jpg,0.7155247306360775,0.8109852419288524,0.9568684895833334,dl_unetpp_r34,U-Net++ (ResNet34),general,encoder-decoder,UnetPlusPlus,resnet34,rgb,26.080349,9.62457799911499
418-17-4ph-x5,418 Printed 17-4 PH Steel,Steel,x5 (5).jpg,0.7844832333528807,0.871357627201705,0.9404025607638888,dl_unetpp_r34,U-Net++ (ResNet34),general,encoder-decoder,UnetPlusPlus,resnet34,rgb,26.080349,9.62457799911499
418-17-4ph-x5,418 Printed 17-4 PH Steel,Steel,x5 (6).jpg,0.6940904522522021,0.7948774560938838,0.9391004774305556,dl_unetpp_r34,U-Net++ (ResNet34),general,encoder-decoder,UnetPlusPlus,resnet34,rgb,26.080349,9.62457799911499
418-17-4ph-x5,418 Printed 17-4 PH Steel,Steel,x5 (7).jpg,0.7447602594811418,0.83428256849598,0.970947265625,dl_unetpp_r34,U-Net++ (ResNet34),general,encoder-decoder,UnetPlusPlus,resnet34,rgb,26.080349,9.62457799911499
418-17-4ph-x5,418 Printed 17-4 PH Steel,Steel,x5 (8).jpg,0.7385212647640038,0.8276382470337433,0.9769965277777778,dl_unetpp_r34,U-Net++ (ResNet34),general,encoder-decoder,UnetPlusPlus,resnet34,rgb,26.080349,9.62457799911499
418-17-4ph-x5,418 Printed 17-4 PH Steel,Steel,x5 (9).jpg,0.7402105136510011,0.8300442562347091,0.9723307291666666,dl_unetpp_r34,U-Net++ (ResNet34),general,encoder-decoder,UnetPlusPlus,resnet34,rgb,26.080349,9.62457799911499
418-17-4ph-x5,418 Printed 17-4 PH Steel,Steel,x5 (10).jpg,0.75782624833061,0.8445559751565233,0.9759385850694444,dl_unetpp_r34,U-Net++ (ResNet34),general,encoder-decoder,UnetPlusPlus,resnet34,rgb,26.080349,9.62457799911499
418-17-4ph-x5,418 Printed 17-4 PH Steel,Steel,x5 (11).jpg,0.7276328230535718,0.8195576621349632,0.9686414930555556,dl_unetpp_r34,U-Net++ (ResNet34),general,encoder-decoder,UnetPlusPlus,resnet34,rgb,26.080349,9.62457799911499
418-17-4ph-x5,418 Printed 17-4 PH Steel,Steel,x5 (12).jpg,0.7510370820178996,0.8393740043576741,0.97265625,dl_unetpp_r34,U-Net++ (ResNet34),general,encoder-decoder,UnetPlusPlus,resnet34,rgb,26.080349,9.62457799911499
418-17-4ph-x5,418 Printed 17-4 PH Steel,Steel,x5 (13).jpg,0.7217265772199022,0.8124892258242363,0.9764268663194444,dl_unetpp_r34,U-Net++ (ResNet34),general,encoder-decoder,UnetPlusPlus,resnet34,rgb,26.080349,9.62457799911499
418-17-4ph-x5,418 Printed 17-4 PH Steel,Steel,x5 (14).jpg,0.7570537571692265,0.844089687540535,0.9748806423611112,dl_unetpp_r34,U-Net++ (ResNet34),general,encoder-decoder,UnetPlusPlus,resnet34,rgb,26.080349,9.62457799911499
418-17-4ph-x5,418 Printed 17-4 PH Steel,Steel,x5 (15).jpg,0.7816235586403486,0.8680833064283542,0.9482693142361112,dl_unetpp_r34,U-Net++ (ResNet34),general,encoder-decoder,UnetPlusPlus,resnet34,rgb,26.080349,9.62457799911499
418-17-4ph-x5,418 Printed 17-4 PH Steel,Steel,x5 (16).jpg,0.7159805135393009,0.8165864438581125,0.9320746527777778,dl_unetpp_r34,U-Net++ (ResNet34),general,encoder-decoder,UnetPlusPlus,resnet34,rgb,26.080349,9.62457799911499
418-17-4ph-x5,418 Printed 17-4 PH Steel,Steel,x5 (17).jpg,0.8015357058806372,0.8836429512096546,0.9430609809027778,dl_unetpp_r34,U-Net++ (ResNet34),general,encoder-decoder,UnetPlusPlus,resnet34,rgb,26.080349,9.62457799911499
418-17-4ph-x5,418 Printed 17-4 PH Steel,Steel,x5 (18).jpg,0.7007606417706406,0.7958188460756821,0.9623480902777778,dl_unetpp_r34,U-Net++ (ResNet34),general,encoder-decoder,UnetPlusPlus,resnet34,rgb,26.080349,9.62457799911499
418-17-4ph-x5,418 Printed 17-4 PH Steel,Steel,x5 (19).jpg,0.7274238176893064,0.8193571710611834,0.9686957465277778,dl_unetpp_r34,U-Net++ (ResNet34),general,encoder-decoder,UnetPlusPlus,resnet34,rgb,26.080349,9.62457799911499
418-17-4ph-x5,418 Printed 17-4 PH Steel,Steel,x5 (20).jpg,0.7328137758319794,0.8240469738236909,0.969482421875,dl_unetpp_r34,U-Net++ (ResNet34),general,encoder-decoder,UnetPlusPlus,resnet34,rgb,26.080349,9.62457799911499
418-17-4ph-x5,418 Printed 17-4 PH Steel,Steel,x5 (21).jpg,0.715420360560559,0.8072776174923961,0.9733072916666666,dl_unetpp_r34,U-Net++ (ResNet34),general,encoder-decoder,UnetPlusPlus,resnet34,rgb,26.080349,9.62457799911499
418-17-4ph-x5,418 Printed 17-4 PH Steel,Steel,x5 (22).jpg,0.7130210083690406,0.8071719294147222,0.9636773003472222,dl_unetpp_r34,U-Net++ (ResNet34),general,encoder-decoder,UnetPlusPlus,resnet34,rgb,26.080349,9.62457799911499
418-17-4ph-x5,418 Printed 17-4 PH Steel,Steel,x5 (23).jpg,0.7226769006350754,0.8148619159483723,0.969482421875,dl_unetpp_r34,U-Net++ (ResNet34),general,encoder-decoder,UnetPlusPlus,resnet34,rgb,26.080349,9.62457799911499
418-17-4ph-x5,418 Printed 17-4 PH Steel,Steel,x5 (24).jpg,0.7390333455445623,0.8292130177479846,0.9712727864583334,dl_unetpp_r34,U-Net++ (ResNet34),general,encoder-decoder,UnetPlusPlus,resnet34,rgb,26.080349,9.62457799911499
418-17-4ph-x5,418 Printed 17-4 PH Steel,Steel,x5 (25).jpg,0.7100350729060255,0.8036165082326896,0.9669867621527778,dl_unetpp_r34,U-Net++ (ResNet34),general,encoder-decoder,UnetPlusPlus,resnet34,rgb,26.080349,9.62457799911499
5884-armor-steel,5884 Armor Steel,Steel,5884 x 5 (1).jpg,0.5896084665371574,0.7415885777021207,0.7427571614583334,dl_unetpp_r34,U-Net++ (ResNet34),general,encoder-decoder,UnetPlusPlus,resnet34,rgb,26.080349,9.62457799911499
5884-armor-steel,5884 Armor Steel,Steel,5884 x 5 (2).jpg,0.6723615594958364,0.8040855074273349,0.8040907118055556,dl_unetpp_r34,U-Net++ (ResNet34),general,encoder-decoder,UnetPlusPlus,resnet34,rgb,26.080349,9.62457799911499
5884-armor-steel,5884 Armor Steel,Steel,5884 x 5 (3).jpg,0.6479875820699039,0.7863742765740097,0.7865125868055556,dl_unetpp_r34,U-Net++ (ResNet34),general,encoder-decoder,UnetPlusPlus,resnet34,rgb,26.080349,9.62457799911499
5884-armor-steel,5884 Armor Steel,Steel,5884 x 5 (4).jpg,0.4976027724041423,0.6577486530201742,0.6843532986111112,dl_unetpp_r34,U-Net++ (ResNet34),general,encoder-decoder,UnetPlusPlus,resnet34,rgb,26.080349,9.62457799911499
5884-armor-steel,5884 Armor Steel,Steel,5884 x 5 (5).jpg,0.6792662271404134,0.8078155480538411,0.815185546875,dl_unetpp_r34,U-Net++ (ResNet34),general,encoder-decoder,UnetPlusPlus,resnet34,rgb,26.080349,9.62457799911499
5884-armor-steel,5884 Armor Steel,Steel,5884 x 10 (1).jpg,0.7761116595234501,0.8738697270426774,0.8745388454861112,dl_unetpp_r34,U-Net++ (ResNet34),general,encoder-decoder,UnetPlusPlus,resnet34,rgb,26.080349,9.62457799911499
5884-armor-steel,5884 Armor Steel,Steel,5884 x 10 (2).jpg,0.781345911026476,0.87724035161149,0.8773600260416666,dl_unetpp_r34,U-Net++ (ResNet34),general,encoder-decoder,UnetPlusPlus,resnet34,rgb,26.080349,9.62457799911499
5884-armor-steel,5884 Armor Steel,Steel,5884 x 10 (3).jpg,0.6969903489947409,0.8185220147911945,0.8375379774305556,dl_unetpp_r34,U-Net++ (ResNet34),general,encoder-decoder,UnetPlusPlus,resnet34,rgb,26.080349,9.62457799911499
5884-armor-steel,5884 Armor Steel,Steel,5884 x 10 (4).jpg,0.7700389382601489,0.8694427309137596,0.8749728732638888,dl_unetpp_r34,U-Net++ (ResNet34),general,encoder-decoder,UnetPlusPlus,resnet34,rgb,26.080349,9.62457799911499
5884-armor-steel,5884 Armor Steel,Steel,5884 x 10 (5).jpg,0.6898399478851586,0.8145230650950859,0.8268771701388888,dl_unetpp_r34,U-Net++ (ResNet34),general,encoder-decoder,UnetPlusPlus,resnet34,rgb,26.080349,9.62457799911499
5884-armor-steel,5884 Armor Steel,Steel,5884 x 10 (6).jpg,0.7183689558818063,0.834122109977528,0.8480631510416666,dl_unetpp_r34,U-Net++ (ResNet34),general,encoder-decoder,UnetPlusPlus,resnet34,rgb,26.080349,9.62457799911499
5884-armor-steel,5884 Armor Steel,Steel,5884 x 20 (1).jpg,0.7879904788060454,0.8759152450475969,0.9258355034722222,dl_unetpp_r34,U-Net++ (ResNet34),general,encoder-decoder,UnetPlusPlus,resnet34,rgb,26.080349,9.62457799911499
5884-armor-steel,5884 Armor Steel,Steel,5884 x 20 (2).jpg,0.7868587349382802,0.8759796566627518,0.9189181857638888,dl_unetpp_r34,U-Net++ (ResNet34),general,encoder-decoder,UnetPlusPlus,resnet34,rgb,26.080349,9.62457799911499
5884-armor-steel,5884 Armor Steel,Steel,5884 x 20 (3).jpg,0.8662414575461782,0.9283017512411834,0.9286838107638888,dl_unetpp_r34,U-Net++ (ResNet34),general,encoder-decoder,UnetPlusPlus,resnet34,rgb,26.080349,9.62457799911499
5884-armor-steel,5884 Armor Steel,Steel,5884 x 20 (4).jpg,0.7786095491075262,0.8727133817978018,0.8976236979166666,dl_unetpp_r34,U-Net++ (ResNet34),general,encoder-decoder,UnetPlusPlus,resnet34,rgb,26.080349,9.62457799911499
5884-armor-steel,5884 Armor Steel,Steel,5884 x 20 (5).jpg,0.7870268027773284,0.8795636322660463,0.8912760416666666,dl_unetpp_r34,U-Net++ (ResNet34),general,encoder-decoder,UnetPlusPlus,resnet34,rgb,26.080349,9.62457799911499
5884-armor-steel,5884 Armor Steel,Steel,5884 x 20 (6).jpg,0.742795317019078,0.849891863534139,0.8692491319444444,dl_unetpp_r34,U-Net++ (ResNet34),general,encoder-decoder,UnetPlusPlus,resnet34,rgb,26.080349,9.62457799911499
5884-armor-steel,5884 Armor Steel,Steel,5884 x 50 (1).jpg,0.7272926109864999,0.841511792673861,0.845947265625,dl_unetpp_r34,U-Net++ (ResNet34),general,encoder-decoder,UnetPlusPlus,resnet34,rgb,26.080349,9.62457799911499
5884-armor-steel,5884 Armor Steel,Steel,5884 x 50 (2).jpg,0.7437935294592417,0.8504288631903147,0.8707682291666666,dl_unetpp_r34,U-Net++ (ResNet34),general,encoder-decoder,UnetPlusPlus,resnet34,rgb,26.080349,9.62457799911499
5884-armor-steel,5884 Armor Steel,Steel,5884 x 50 (3).jpg,0.7768897281154468,0.8744080189553928,0.8746744791666666,dl_unetpp_r34,U-Net++ (ResNet34),general,encoder-decoder,UnetPlusPlus,resnet34,rgb,26.080349,9.62457799911499
5884-armor-steel,5884 Armor Steel,Steel,5884 x 50 (4).jpg,0.6854449673029062,0.8123520003644029,0.8187934027777778,dl_unetpp_r34,U-Net++ (ResNet34),general,encoder-decoder,UnetPlusPlus,resnet34,rgb,26.080349,9.62457799911499
6280-cast-iron-high,6280 Gray Cast Iron,Cast Iron,6280 x 20 (1).jpg,0.6180444393359421,0.7407683996688186,0.8533257378472222,dl_unetpp_r34,U-Net++ (ResNet34),general,encoder-decoder,UnetPlusPlus,resnet34,rgb,26.080349,9.62457799911499
6280-cast-iron-high,6280 Gray Cast Iron,Cast Iron,6280 x 20 (2).jpg,0.5813695698611666,0.7075126064875472,0.8301866319444444,dl_unetpp_r34,U-Net++ (ResNet34),general,encoder-decoder,UnetPlusPlus,resnet34,rgb,26.080349,9.62457799911499
6280-cast-iron-high,6280 Gray Cast Iron,Cast Iron,6280 x 20 (3).jpg,0.5723811000580308,0.7012481598054452,0.8177354600694444,dl_unetpp_r34,U-Net++ (ResNet34),general,encoder-decoder,UnetPlusPlus,resnet34,rgb,26.080349,9.62457799911499
6280-cast-iron-high,6280 Gray Cast Iron,Cast Iron,6280 x 20 (4).jpg,0.6213655497058486,0.7441458515743181,0.8537326388888888,dl_unetpp_r34,U-Net++ (ResNet34),general,encoder-decoder,UnetPlusPlus,resnet34,rgb,26.080349,9.62457799911499
6280-cast-iron-high,6280 Gray Cast Iron,Cast Iron,6280 x 20 (5).jpg,0.5741103468670028,0.6990842996721736,0.830322265625,dl_unetpp_r34,U-Net++ (ResNet34),general,encoder-decoder,UnetPlusPlus,resnet34,rgb,26.080349,9.62457799911499
6280-cast-iron-high,6280 Gray Cast Iron,Cast Iron,6280 x 20 (6).jpg,0.6207350718987633,0.7419120068099622,0.8592936197916666,dl_unetpp_r34,U-Net++ (ResNet34),general,encoder-decoder,UnetPlusPlus,resnet34,rgb,26.080349,9.62457799911499
6280-cast-iron-high,6280 Gray Cast Iron,Cast Iron,6280 x 20 (7).jpg,0.6082161534933996,0.7282433419170917,0.8599446614583334,dl_unetpp_r34,U-Net++ (ResNet34),general,encoder-decoder,UnetPlusPlus,resnet34,rgb,26.080349,9.62457799911499
6280-cast-iron-high,6280 Gray Cast Iron,Cast Iron,6280 x 20 (8).jpg,0.6326422149547327,0.7552774358598331,0.8555501302083334,dl_unetpp_r34,U-Net++ (ResNet34),general,encoder-decoder,UnetPlusPlus,resnet34,rgb,26.080349,9.62457799911499
6280-cast-iron-high,6280 Gray Cast Iron,Cast Iron,6280 x 20 (9).jpg,0.5896018833382293,0.7135684873321118,0.8404676649305556,dl_unetpp_r34,U-Net++ (ResNet34),general,encoder-decoder,UnetPlusPlus,resnet34,rgb,26.080349,9.62457799911499
6280-cast-iron-high,6280 Gray Cast Iron,Cast Iron,6280 x 20 (10).jpg,0.6239040423397914,0.7429743904368966,0.8673231336805556,dl_unetpp_r34,U-Net++ (ResNet34),general,encoder-decoder,UnetPlusPlus,resnet34,rgb,26.080349,9.62457799911499
6280-cast-iron-low,6280 Gray Cast Iron,Cast Iron,6280 x 10 (1).jpg,0.4582935921094375,0.6226321820844375,0.6751030815972222,dl_unetpp_r34,U-Net++ (ResNet34),general,encoder-decoder,UnetPlusPlus,resnet34,rgb,26.080349,9.62457799911499
6280-cast-iron-low,6280 Gray Cast Iron,Cast Iron,6280 x 10 (2).jpg,0.47281129100115954,0.6370124567619336,0.6848958333333334,dl_unetpp_r34,U-Net++ (ResNet34),general,encoder-decoder,UnetPlusPlus,resnet34,rgb,26.080349,9.62457799911499
6280-cast-iron-low,6280 Gray Cast Iron,Cast Iron,6280 x 10 (3).jpg,0.46599386303826223,0.6269995513092073,0.6966417100694444,dl_unetpp_r34,U-Net++ (ResNet34),general,encoder-decoder,UnetPlusPlus,resnet34,rgb,26.080349,9.62457799911499
6280-cast-iron-low,6280 Gray Cast Iron,Cast Iron,6280 x 10 (4).jpg,0.4870708954994705,0.6489327835622882,0.7065158420138888,dl_unetpp_r34,U-Net++ (ResNet34),general,encoder-decoder,UnetPlusPlus,resnet34,rgb,26.080349,9.62457799911499
6280-cast-iron-low,6280 Gray Cast Iron,Cast Iron,6280 x 10 (5).jpg,0.4045359246755657,0.5704902515543092,0.6200086805555556,dl_unetpp_r34,U-Net++ (ResNet34),general,encoder-decoder,UnetPlusPlus,resnet34,rgb,26.080349,9.62457799911499
6280-cast-iron-low,6280 Gray Cast Iron,Cast Iron,6280 x 10 (6).jpg,0.46152465048849506,0.6258505813625269,0.6788465711805556,dl_unetpp_r34,U-Net++ (ResNet34),general,encoder-decoder,UnetPlusPlus,resnet34,rgb,26.080349,9.62457799911499
6280-cast-iron-low,6280 Gray Cast Iron,Cast Iron,6280 x 10 (7).jpg,0.48341526507379956,0.64862823245454,0.6786566840277778,dl_unetpp_r34,U-Net++ (ResNet34),general,encoder-decoder,UnetPlusPlus,resnet34,rgb,26.080349,9.62457799911499
6280-cast-iron-low,6280 Gray Cast Iron,Cast Iron,6280 x 10 (8).jpg,0.4676338177588309,0.6307648321059798,0.6891547309027778,dl_unetpp_r34,U-Net++ (ResNet34),general,encoder-decoder,UnetPlusPlus,resnet34,rgb,26.080349,9.62457799911499
6280-cast-iron-low,6280 Gray Cast Iron,Cast Iron,6280 x 10 (9).jpg,0.4262023326847458,0.5938727574473001,0.6327311197916666,dl_unetpp_r34,U-Net++ (ResNet34),general,encoder-decoder,UnetPlusPlus,resnet34,rgb,26.080349,9.62457799911499
6280-cast-iron-low,6280 Gray Cast Iron,Cast Iron,6280 x 10 (10).jpg,0.46108187045059856,0.6238877473773597,0.6844889322916666,dl_unetpp_r34,U-Net++ (ResNet34),general,encoder-decoder,UnetPlusPlus,resnet34,rgb,26.080349,9.62457799911499
6280-cast-iron-low,6280 Gray Cast Iron,Cast Iron,6280 x 10 (11).jpg,0.45911573199409417,0.6230102073400244,0.677490234375,dl_unetpp_r34,U-Net++ (ResNet34),general,encoder-decoder,UnetPlusPlus,resnet34,rgb,26.080349,9.62457799911499
4130-steel,4130 Steel,Steel,4130 x 10 (1).jpg,0.2550394813449625,0.3378140537518417,0.5100368923611112,dl_deeplabv3_r34,DeepLabV3 (ResNet34),general,context-atrous,DeepLabV3,resnet34,rgb,26.010189,8.687752962112427
4130-steel,4130 Steel,Steel,4130 x 10 (2).jpg,0.2644538201503771,0.3459711941443183,0.5288628472222222,dl_deeplabv3_r34,DeepLabV3 (ResNet34),general,context-atrous,DeepLabV3,resnet34,rgb,26.010189,8.687752962112427
4130-steel,4130 Steel,Steel,4130 x 10 (3).jpg,0.26543052896965974,0.3468059937417515,0.5308159722222222,dl_deeplabv3_r34,DeepLabV3 (ResNet34),general,context-atrous,DeepLabV3,resnet34,rgb,26.010189,8.687752962112427
4130-steel,4130 Steel,Steel,4130 x 10 (4).jpg,0.2714979383680556,0.35191012816230377,0.5429958767361112,dl_deeplabv3_r34,DeepLabV3 (ResNet34),general,context-atrous,DeepLabV3,resnet34,rgb,26.010189,8.687752962112427
4130-steel,4130 Steel,Steel,4130 x 10 (5).jpg,0.2978651258680556,0.3733276668083298,0.5957302517361112,dl_deeplabv3_r34,DeepLabV3 (ResNet34),general,context-atrous,DeepLabV3,resnet34,rgb,26.010189,8.687752962112427
4130-steel,4130 Steel,Steel,4130 x 10 (6).jpg,0.2872157993521271,0.36492615273319623,0.5743272569444444,dl_deeplabv3_r34,DeepLabV3 (ResNet34),general,context-atrous,DeepLabV3,resnet34,rgb,26.010189,8.687752962112427
4130-steel,4130 Steel,Steel,4130 x 10 (7).jpg,0.27987780440937604,0.35891019843770333,0.5597059461805556,dl_deeplabv3_r34,DeepLabV3 (ResNet34),general,context-atrous,DeepLabV3,resnet34,rgb,26.010189,8.687752962112427
4130-steel,4130 Steel,Steel,4130 x 10 (8).jpg,0.2584986303977972,0.3408347776113531,0.5169542100694444,dl_deeplabv3_r34,DeepLabV3 (ResNet34),general,context-atrous,DeepLabV3,resnet34,rgb,26.010189,8.687752962112427
4130-steel,4130 Steel,Steel,4130 x 10 (9).jpg,0.2753468955365922,0.3551626159925587,0.5506456163194444,dl_deeplabv3_r34,DeepLabV3 (ResNet34),general,context-atrous,DeepLabV3,resnet34,rgb,26.010189,8.687752962112427
4130-steel,4130 Steel,Steel,4130 x 10 (10).jpg,0.25296399724002694,0.3359883123822533,0.5058865017361112,dl_deeplabv3_r34,DeepLabV3 (ResNet34),general,context-atrous,DeepLabV3,resnet34,rgb,26.010189,8.687752962112427
4130-steel,4130 Steel,Steel,4130 x 10 (11).jpg,0.23842740324209227,0.32294149782299275,0.4767795138888889,dl_deeplabv3_r34,DeepLabV3 (ResNet34),general,context-atrous,DeepLabV3,resnet34,rgb,26.010189,8.687752962112427
4130-steel,4130 Steel,Steel,4130 x 10 (12).jpg,0.2402860562940469,0.3246421864710866,0.4804958767361111,dl_deeplabv3_r34,DeepLabV3 (ResNet34),general,context-atrous,DeepLabV3,resnet34,rgb,26.010189,8.687752962112427
4130-steel,4130 Steel,Steel,4130 x 10 (13).jpg,0.24566591985645636,0.32948776875381636,0.4912923177083333,dl_deeplabv3_r34,DeepLabV3 (ResNet34),general,context-atrous,DeepLabV3,resnet34,rgb,26.010189,8.687752962112427
4130-steel,4130 Steel,Steel,4130 x 10 (14).jpg,0.22468078862112004,0.31006685066059164,0.4493272569444444,dl_deeplabv3_r34,DeepLabV3 (ResNet34),general,context-atrous,DeepLabV3,resnet34,rgb,26.010189,8.687752962112427
4130-steel,4130 Steel,Steel,4130 x 10 (15).jpg,0.2404976055912392,0.324806800315236,0.48095703125,dl_deeplabv3_r34,DeepLabV3 (ResNet34),general,context-atrous,DeepLabV3,resnet34,rgb,26.010189,8.687752962112427
4130-steel,4130 Steel,Steel,4130 x 10 (16).jpg,0.2595512648061492,0.3417804798196335,0.5190158420138888,dl_deeplabv3_r34,DeepLabV3 (ResNet34),general,context-atrous,DeepLabV3,resnet34,rgb,26.010189,8.687752962112427
4130-steel,4130 Steel,Steel,4130 x 10 (17).jpg,0.22407036602772898,0.30948508892161214,0.4481065538194444,dl_deeplabv3_r34,DeepLabV3 (ResNet34),general,context-atrous,DeepLabV3,resnet34,rgb,26.010189,8.687752962112427
4130-steel,4130 Steel,Steel,4130 x 10 (18).jpg,0.24423401605040665,0.32822646533051053,0.4883897569444444,dl_deeplabv3_r34,DeepLabV3 (ResNet34),general,context-atrous,DeepLabV3,resnet34,rgb,26.010189,8.687752962112427
4130-steel,4130 Steel,Steel,4130 x 10 (19).jpg,0.26642080421198794,0.3476502184003639,0.5327962239583334,dl_deeplabv3_r34,DeepLabV3 (ResNet34),general,context-atrous,DeepLabV3,resnet34,rgb,26.010189,8.687752962112427
4130-steel,4130 Steel,Steel,4130 x 10 (20).jpg,0.28364738981468723,0.36203222622291314,0.5671929253472222,dl_deeplabv3_r34,DeepLabV3 (ResNet34),general,context-atrous,DeepLabV3,resnet34,rgb,26.010189,8.687752962112427
4130-steel,4130 Steel,Steel,4130 x 20 (1).jpg,0.3567941766930859,0.42696746332472374,0.6986490885416666,dl_deeplabv3_r34,DeepLabV3 (ResNet34),general,context-atrous,DeepLabV3,resnet34,rgb,26.010189,8.687752962112427
4130-steel,4130 Steel,Steel,4130 x 20 (2).jpg,0.3440483940972222,0.4076169050297284,0.6880967881944444,dl_deeplabv3_r34,DeepLabV3 (ResNet34),general,context-atrous,DeepLabV3,resnet34,rgb,26.010189,8.687752962112427
4130-steel,4130 Steel,Steel,4130 x 20 (3).jpg,0.33104954164369577,0.39840234873756386,0.6620279947916666,dl_deeplabv3_r34,DeepLabV3 (ResNet34),general,context-atrous,DeepLabV3,resnet34,rgb,26.010189,8.687752962112427
4130-steel,4130 Steel,Steel,4130 x 20 (4).jpg,0.39860207277208565,0.4829995664721063,0.73828125,dl_deeplabv3_r34,DeepLabV3 (ResNet34),general,context-atrous,DeepLabV3,resnet34,rgb,26.010189,8.687752962112427
4130-steel,4130 Steel,Steel,4130 x 20 (5).jpg,0.2625868055555556,0.344336937962436,0.5251736111111112,dl_deeplabv3_r34,DeepLabV3 (ResNet34),general,context-atrous,DeepLabV3,resnet34,rgb,26.010189,8.687752962112427
4130-steel,4130 Steel,Steel,4130 x 20 (6).jpg,0.2589869817685865,0.34125901733284997,0.5179307725694444,dl_deeplabv3_r34,DeepLabV3 (ResNet34),general,context-atrous,DeepLabV3,resnet34,rgb,26.010189,8.687752962112427
4130-steel,4130 Steel,Steel,4130 x 20 (7).jpg,0.2515055338541667,0.3346689046510369,0.5030110677083334,dl_deeplabv3_r34,DeepLabV3 (ResNet34),general,context-atrous,DeepLabV3,resnet34,rgb,26.010189,8.687752962112427
4130-steel,4130 Steel,Steel,4130 x 20 (8).jpg,0.26195779096722377,0.3438281067461902,0.5238715277777778,dl_deeplabv3_r34,DeepLabV3 (ResNet34),general,context-atrous,DeepLabV3,resnet34,rgb,26.010189,8.687752962112427
4130-steel,4130 Steel,Steel,4130 x 20 (9).jpg,0.2567487065272147,0.3393100942320875,0.5134548611111112,dl_deeplabv3_r34,DeepLabV3 (ResNet34),general,context-atrous,DeepLabV3,resnet34,rgb,26.010189,8.687752962112427
4130-steel,4130 Steel,Steel,4130 x 20 (10).jpg,0.24194907228009127,0.32612798236404533,0.4838595920138889,dl_deeplabv3_r34,DeepLabV3 (ResNet34),general,context-atrous,DeepLabV3,resnet34,rgb,26.010189,8.687752962112427
4130-steel,4130 Steel,Steel,4130 x 20 (11).jpg,0.22713604640232282,0.3123969673997804,0.4542371961805556,dl_deeplabv3_r34,DeepLabV3 (ResNet34),general,context-atrous,DeepLabV3,resnet34,rgb,26.010189,8.687752962112427
4130-steel,4130 Steel,Steel,4130 x 20 (12).jpg,0.2348952305613359,0.3196583814044145,0.4697536892361111,dl_deeplabv3_r34,DeepLabV3 (ResNet34),general,context-atrous,DeepLabV3,resnet34,rgb,26.010189,8.687752962112427
4130-steel,4130 Steel,Steel,4130 x 20 (13).jpg,0.2262641059027778,0.31154521346132297,0.4525282118055556,dl_deeplabv3_r34,DeepLabV3 (ResNet34),general,context-atrous,DeepLabV3,resnet34,rgb,26.010189,8.687752962112427
4130-steel,4130 Steel,Steel,4130 x 20 (14).jpg,0.2263085833911669,0.31161343809580305,0.4525824652777778,dl_deeplabv3_r34,DeepLabV3 (ResNet34),general,context-atrous,DeepLabV3,resnet34,rgb,26.010189,8.687752962112427
4130-steel,4130 Steel,Steel,4130 x 20 (15).jpg,0.2485622829861111,0.3320529081355318,0.4971245659722222,dl_deeplabv3_r34,DeepLabV3 (ResNet34),general,context-atrous,DeepLabV3,resnet34,rgb,26.010189,8.687752962112427
4130-steel,4130 Steel,Steel,4130 x 20 (16).jpg,0.2648383246527778,0.34626706862918954,0.5296766493055556,dl_deeplabv3_r34,DeepLabV3 (ResNet34),general,context-atrous,DeepLabV3,resnet34,rgb,26.010189,8.687752962112427
4130-steel,4130 Steel,Steel,4130 x 20 (17).jpg,0.2642957899305556,0.34580301685891746,0.5285915798611112,dl_deeplabv3_r34,DeepLabV3 (ResNet34),general,context-atrous,DeepLabV3,resnet34,rgb,26.010189,8.687752962112427
4130-steel,4130 Steel,Steel,4130 x 20 (18).jpg,0.28324208886612245,0.36166483078561557,0.5664333767361112,dl_deeplabv3_r34,DeepLabV3 (ResNet34),general,context-atrous,DeepLabV3,resnet34,rgb,26.010189,8.687752962112427
4130-steel,4130 Steel,Steel,4130 x 20 (19).jpg,0.2777642144097222,0.3571316464084544,0.5555284288194444,dl_deeplabv3_r34,DeepLabV3 (ResNet34),general,context-atrous,DeepLabV3,resnet34,rgb,26.010189,8.687752962112427
4130-steel,4130 Steel,Steel,4130 x 20 (20).jpg,0.2778972243607269,0.35727739583445633,0.5557454427083334,dl_deeplabv3_r34,DeepLabV3 (ResNet34),general,context-atrous,DeepLabV3,resnet34,rgb,26.010189,8.687752962112427
418-17-4ph-x20,418 Printed 17-4 PH Steel,Steel,x20 (1).jpg,0.16663953993055555,0.24996948118006104,0.3332790798611111,dl_deeplabv3_r34,DeepLabV3 (ResNet34),general,context-atrous,DeepLabV3,resnet34,rgb,26.010189,8.687752962112427
418-17-4ph-x20,418 Printed 17-4 PH Steel,Steel,x20 (2).jpg,0.10704210069444445,0.17633389936544822,0.2140842013888889,dl_deeplabv3_r34,DeepLabV3 (ResNet34),general,context-atrous,DeepLabV3,resnet34,rgb,26.010189,8.687752962112427
418-17-4ph-x20,418 Printed 17-4 PH Steel,Steel,x20 (3).jpg,0.0844455295138889,0.14448828034346717,0.1688910590277778,dl_deeplabv3_r34,DeepLabV3 (ResNet34),general,context-atrous,DeepLabV3,resnet34,rgb,26.010189,8.687752962112427
418-17-4ph-x20,418 Printed 17-4 PH Steel,Steel,x20 (4).jpg,0.07774522569444445,0.13456662597426988,0.1554904513888889,dl_deeplabv3_r34,DeepLabV3 (ResNet34),general,context-atrous,DeepLabV3,resnet34,rgb,26.010189,8.687752962112427
418-17-4ph-x20,418 Printed 17-4 PH Steel,Steel,x20 (5).jpg,0.08782280815972222,0.14940353953713745,0.17564561631944445,dl_deeplabv3_r34,DeepLabV3 (ResNet34),general,context-atrous,DeepLabV3,resnet34,rgb,26.010189,8.687752962112427
418-17-4ph-x20,418 Printed 17-4 PH Steel,Steel,x20 (6).jpg,0.1608208550347222,0.24336528396379384,0.3216417100694444,dl_deeplabv3_r34,DeepLabV3 (ResNet34),general,context-atrous,DeepLabV3,resnet34,rgb,26.010189,8.687752962112427
418-17-4ph-x20,418 Printed 17-4 PH Steel,Steel,x20 (7).jpg,0.19642469618055555,0.28204728703306975,0.3928493923611111,dl_deeplabv3_r34,DeepLabV3 (ResNet34),general,context-atrous,DeepLabV3,resnet34,rgb,26.010189,8.687752962112427
418-17-4ph-x20,418 Printed 17-4 PH Steel,Steel,x20 (8).jpg,0.09525553385416667,0.16002460865404333,0.19051106770833334,dl_deeplabv3_r34,DeepLabV3 (ResNet34),general,context-atrous,DeepLabV3,resnet34,rgb,26.010189,8.687752962112427
418-17-4ph-x20,418 Printed 17-4 PH Steel,Steel,x20 (9).jpg,0.2177734375,0.3034013605442177,0.435546875,dl_deeplabv3_r34,DeepLabV3 (ResNet34),general,context-atrous,DeepLabV3,resnet34,rgb,26.010189,8.687752962112427
418-17-4ph-x20,418 Printed 17-4 PH Steel,Steel,x20 (10).jpg,0.12491861979166667,0.19989581976819898,0.24983723958333334,dl_deeplabv3_r34,DeepLabV3 (ResNet34),general,context-atrous,DeepLabV3,resnet34,rgb,26.010189,8.687752962112427
418-17-4ph-x20,418 Printed 17-4 PH Steel,Steel,x20 (11).jpg,0.4852566189236111,0.49251799947687946,0.9705132378472222,dl_deeplabv3_r34,DeepLabV3 (ResNet34),general,context-atrous,DeepLabV3,resnet34,rgb,26.010189,8.687752962112427
418-17-4ph-x20,418 Printed 17-4 PH Steel,Steel,x20 (12).jpg,0.4870876736111111,0.49345938221391666,0.9741753472222222,dl_deeplabv3_r34,DeepLabV3 (ResNet34),general,context-atrous,DeepLabV3,resnet34,rgb,26.010189,8.687752962112427
418-17-4ph-x20,418 Printed 17-4 PH Steel,Steel,x20 (13).jpg,0.4949137369791667,0.4974438673264897,0.9898274739583334,dl_deeplabv3_r34,DeepLabV3 (ResNet34),general,context-atrous,DeepLabV3,resnet34,rgb,26.010189,8.687752962112427
418-17-4ph-x20,418 Printed 17-4 PH Steel,Steel,x20 (14).jpg,0.4920518663194444,0.49599409368078534,0.9841037326388888,dl_deeplabv3_r34,DeepLabV3 (ResNet34),general,context-atrous,DeepLabV3,resnet34,rgb,26.010189,8.687752962112427
418-17-4ph-x20,418 Printed 17-4 PH Steel,Steel,x20 (15).jpg,0.4913601345486111,0.49564241835520106,0.9827202690972222,dl_deeplabv3_r34,DeepLabV3 (ResNet34),general,context-atrous,DeepLabV3,resnet34,rgb,26.010189,8.687752962112427
418-17-4ph-x20,418 Printed 17-4 PH Steel,Steel,x20 (16).jpg,0.4878065321180556,0.4938280080737069,0.9756130642361112,dl_deeplabv3_r34,DeepLabV3 (ResNet34),general,context-atrous,DeepLabV3,resnet34,rgb,26.010189,8.687752962112427
418-17-4ph-x20,418 Printed 17-4 PH Steel,Steel,x20 (17).jpg,0.4913330078125,0.4956286171653737,0.982666015625,dl_deeplabv3_r34,DeepLabV3 (ResNet34),general,context-atrous,DeepLabV3,resnet34,rgb,26.010189,8.687752962112427
418-17-4ph-x20,418 Printed 17-4 PH Steel,Steel,x20 (18).jpg,0.4891221788194444,0.4945012752653375,0.9782443576388888,dl_deeplabv3_r34,DeepLabV3 (ResNet34),general,context-atrous,DeepLabV3,resnet34,rgb,26.010189,8.687752962112427
418-17-4ph-x20,418 Printed 17-4 PH Steel,Steel,x20 (19).jpg,0.4912245008680556,0.49557340485215035,0.9824490017361112,dl_deeplabv3_r34,DeepLabV3 (ResNet34),general,context-atrous,DeepLabV3,resnet34,rgb,26.010189,8.687752962112427
418-17-4ph-x20,418 Printed 17-4 PH Steel,Steel,x20 (20).jpg,0.2472466362847222,0.33087688091046047,0.4944932725694444,dl_deeplabv3_r34,DeepLabV3 (ResNet34),general,context-atrous,DeepLabV3,resnet34,rgb,26.010189,8.687752962112427
418-17-4ph-x20,418 Printed 17-4 PH Steel,Steel,x20 (21).jpg,0.2800157335069444,0.358987288946078,0.5600314670138888,dl_deeplabv3_r34,DeepLabV3 (ResNet34),general,context-atrous,DeepLabV3,resnet34,rgb,26.010189,8.687752962112427
418-17-4ph-x5,418 Printed 17-4 PH Steel,Steel,x5 (1).jpg,0.4793294270833333,0.48944656805717135,0.9586588541666666,dl_deeplabv3_r34,DeepLabV3 (ResNet34),general,context-atrous,DeepLabV3,resnet34,rgb,26.010189,8.687752962112427
418-17-4ph-x5,418 Printed 17-4 PH Steel,Steel,x5 (2).jpg,0.4742567274305556,0.4867882500348044,0.9485134548611112,dl_deeplabv3_r34,DeepLabV3 (ResNet34),general,context-atrous,DeepLabV3,resnet34,rgb,26.010189,8.687752962112427
418-17-4ph-x5,418 Printed 17-4 PH Steel,Steel,x5 (3).jpg,0.4844835069444444,0.49211947536647194,0.9689670138888888,dl_deeplabv3_r34,DeepLabV3 (ResNet34),general,context-atrous,DeepLabV3,resnet34,rgb,26.010189,8.687752962112427
418-17-4ph-x5,418 Printed 17-4 PH Steel,Steel,x5 (4).jpg,0.4753282335069444,0.48735206997733244,0.9506564670138888,dl_deeplabv3_r34,DeepLabV3 (ResNet34),general,context-atrous,DeepLabV3,resnet34,rgb,26.010189,8.687752962112427
418-17-4ph-x5,418 Printed 17-4 PH Steel,Steel,x5 (5).jpg,0.4440782335069444,0.47038287479347746,0.8881564670138888,dl_deeplabv3_r34,DeepLabV3 (ResNet34),general,context-atrous,DeepLabV3,resnet34,rgb,26.010189,8.687752962112427
418-17-4ph-x5,418 Printed 17-4 PH Steel,Steel,x5 (6).jpg,0.4711100260416667,0.4851252828291293,0.9422200520833334,dl_deeplabv3_r34,DeepLabV3 (ResNet34),general,context-atrous,DeepLabV3,resnet34,rgb,26.010189,8.687752962112427
418-17-4ph-x5,418 Printed 17-4 PH Steel,Steel,x5 (7).jpg,0.4795057508680556,0.4895384743204509,0.9590115017361112,dl_deeplabv3_r34,DeepLabV3 (ResNet34),general,context-atrous,DeepLabV3,resnet34,rgb,26.010189,8.687752962112427
418-17-4ph-x5,418 Printed 17-4 PH Steel,Steel,x5 (8).jpg,0.4844292534722222,0.49209148525764673,0.9688585069444444,dl_deeplabv3_r34,DeepLabV3 (ResNet34),general,context-atrous,DeepLabV3,resnet34,rgb,26.010189,8.687752962112427
418-17-4ph-x5,418 Printed 17-4 PH Steel,Steel,x5 (9).jpg,0.4823133680555556,0.49099745940572187,0.9646267361111112,dl_deeplabv3_r34,DeepLabV3 (ResNet34),general,context-atrous,DeepLabV3,resnet34,rgb,26.010189,8.687752962112427
418-17-4ph-x5,418 Printed 17-4 PH Steel,Steel,x5 (10).jpg,0.4829915364583333,0.49134862157463366,0.9659830729166666,dl_deeplabv3_r34,DeepLabV3 (ResNet34),general,context-atrous,DeepLabV3,resnet34,rgb,26.010189,8.687752962112427
418-17-4ph-x5,418 Printed 17-4 PH Steel,Steel,x5 (11).jpg,0.4801839192708333,0.48989165179127403,0.9603678385416666,dl_deeplabv3_r34,DeepLabV3 (ResNet34),general,context-atrous,DeepLabV3,resnet34,rgb,26.010189,8.687752962112427
418-17-4ph-x5,418 Printed 17-4 PH Steel,Steel,x5 (12).jpg,0.4811197916666667,0.49037823490378235,0.9622395833333334,dl_deeplabv3_r34,DeepLabV3 (ResNet34),general,context-atrous,DeepLabV3,resnet34,rgb,26.010189,8.687752962112427
418-17-4ph-x5,418 Printed 17-4 PH Steel,Steel,x5 (13).jpg,0.48583984375,0.4928182268449728,0.9716796875,dl_deeplabv3_r34,DeepLabV3 (ResNet34),general,context-atrous,DeepLabV3,resnet34,rgb,26.010189,8.687752962112427
418-17-4ph-x5,418 Printed 17-4 PH Steel,Steel,x5 (14).jpg,0.4823947482638889,0.4910396244650007,0.9647894965277778,dl_deeplabv3_r34,DeepLabV3 (ResNet34),general,context-atrous,DeepLabV3,resnet34,rgb,26.010189,8.687752962112427
418-17-4ph-x5,418 Printed 17-4 PH Steel,Steel,x5 (15).jpg,0.4553765190972222,0.4766461285101792,0.9107530381944444,dl_deeplabv3_r34,DeepLabV3 (ResNet34),general,context-atrous,DeepLabV3,resnet34,rgb,26.010189,8.687752962112427
418-17-4ph-x5,418 Printed 17-4 PH Steel,Steel,x5 (16).jpg,0.4592963324652778,0.47878462256281196,0.9185926649305556,dl_deeplabv3_r34,DeepLabV3 (ResNet34),general,context-atrous,DeepLabV3,resnet34,rgb,26.010189,8.687752962112427
418-17-4ph-x5,418 Printed 17-4 PH Steel,Steel,x5 (17).jpg,0.4375678168402778,0.46670524412296566,0.8751356336805556,dl_deeplabv3_r34,DeepLabV3 (ResNet34),general,context-atrous,DeepLabV3,resnet34,rgb,26.010189,8.687752962112427
418-17-4ph-x5,418 Printed 17-4 PH Steel,Steel,x5 (18).jpg,0.4794921875,0.48953140578265203,0.958984375,dl_deeplabv3_r34,DeepLabV3 (ResNet34),general,context-atrous,DeepLabV3,resnet34,rgb,26.010189,8.687752962112427
418-17-4ph-x5,418 Printed 17-4 PH Steel,Steel,x5 (19).jpg,0.4806586371527778,0.4901385853779978,0.9613172743055556,dl_deeplabv3_r34,DeepLabV3 (ResNet34),general,context-atrous,DeepLabV3,resnet34,rgb,26.010189,8.687752962112427
418-17-4ph-x5,418 Printed 17-4 PH Steel,Steel,x5 (20).jpg,0.4797905815972222,0.4896868684072095,0.9595811631944444,dl_deeplabv3_r34,DeepLabV3 (ResNet34),general,context-atrous,DeepLabV3,resnet34,rgb,26.010189,8.687752962112427
418-17-4ph-x5,418 Printed 17-4 PH Steel,Steel,x5 (21).jpg,0.4830050998263889,0.49135563987581926,0.9660101996527778,dl_deeplabv3_r34,DeepLabV3 (ResNet34),general,context-atrous,DeepLabV3,resnet34,rgb,26.010189,8.687752962112427
418-17-4ph-x5,418 Printed 17-4 PH Steel,Steel,x5 (22).jpg,0.4774848090277778,0.4884830992951102,0.9549696180555556,dl_deeplabv3_r34,DeepLabV3 (ResNet34),general,context-atrous,DeepLabV3,resnet34,rgb,26.010189,8.687752962112427
418-17-4ph-x5,418 Printed 17-4 PH Steel,Steel,x5 (23).jpg,0.4811333550347222,0.49038528000884746,0.9622667100694444,dl_deeplabv3_r34,DeepLabV3 (ResNet34),general,context-atrous,DeepLabV3,resnet34,rgb,26.010189,8.687752962112427
418-17-4ph-x5,418 Printed 17-4 PH Steel,Steel,x5 (24).jpg,0.4805365668402778,0.4900751110065982,0.9610731336805556,dl_deeplabv3_r34,DeepLabV3 (ResNet34),general,context-atrous,DeepLabV3,resnet34,rgb,26.010189,8.687752962112427
418-17-4ph-x5,418 Printed 17-4 PH Steel,Steel,x5 (25).jpg,0.4814181857638889,0.49053318223278697,0.9628363715277778,dl_deeplabv3_r34,DeepLabV3 (ResNet34),general,context-atrous,DeepLabV3,resnet34,rgb,26.010189,8.687752962112427
5884-armor-steel,5884 Armor Steel,Steel,5884 x 5 (1).jpg,0.2053900824652778,0.2911723421847059,0.4107801649305556,dl_deeplabv3_r34,DeepLabV3 (ResNet34),general,context-atrous,DeepLabV3,resnet34,rgb,26.010189,8.687752962112427
5884-armor-steel,5884 Armor Steel,Steel,5884 x 5 (2).jpg,0.2265082465277778,0.31177656635053397,0.4530164930555556,dl_deeplabv3_r34,DeepLabV3 (ResNet34),general,context-atrous,DeepLabV3,resnet34,rgb,26.010189,8.687752962112427
5884-armor-steel,5884 Armor Steel,Steel,5884 x 5 (3).jpg,0.2147894965277778,0.3004933586337761,0.4295789930555556,dl_deeplabv3_r34,DeepLabV3 (ResNet34),general,context-atrous,DeepLabV3,resnet34,rgb,26.010189,8.687752962112427
5884-armor-steel,5884 Armor Steel,Steel,5884 x 5 (4).jpg,0.24796549479166666,0.33151996518333154,0.4959309895833333,dl_deeplabv3_r34,DeepLabV3 (ResNet34),general,context-atrous,DeepLabV3,resnet34,rgb,26.010189,8.687752962112427
5884-armor-steel,5884 Armor Steel,Steel,5884 x 5 (5).jpg,0.17530653211805555,0.2595954929803772,0.3506130642361111,dl_deeplabv3_r34,DeepLabV3 (ResNet34),general,context-atrous,DeepLabV3,resnet34,rgb,26.010189,8.687752962112427
5884-armor-steel,5884 Armor Steel,Steel,5884 x 10 (1).jpg,0.2204318576388889,0.30597183522855637,0.4408637152777778,dl_deeplabv3_r34,DeepLabV3 (ResNet34),general,context-atrous,DeepLabV3,resnet34,rgb,26.010189,8.687752962112427
5884-armor-steel,5884 Armor Steel,Steel,5884 x 10 (2).jpg,0.24173990885416666,0.3259092654561413,0.4834798177083333,dl_deeplabv3_r34,DeepLabV3 (ResNet34),general,context-atrous,DeepLabV3,resnet34,rgb,26.010189,8.687752962112427
5884-armor-steel,5884 Armor Steel,Steel,5884 x 10 (3).jpg,0.3234320746527778,0.39278537308515893,0.6468641493055556,dl_deeplabv3_r34,DeepLabV3 (ResNet34),general,context-atrous,DeepLabV3,resnet34,rgb,26.010189,8.687752962112427
5884-armor-steel,5884 Armor Steel,Steel,5884 x 10 (4).jpg,0.2877197265625,0.3652564698589803,0.575439453125,dl_deeplabv3_r34,DeepLabV3 (ResNet34),general,context-atrous,DeepLabV3,resnet34,rgb,26.010189,8.687752962112427
5884-armor-steel,5884 Armor Steel,Steel,5884 x 10 (5).jpg,0.2982855902777778,0.37365774092700826,0.5965711805555556,dl_deeplabv3_r34,DeepLabV3 (ResNet34),general,context-atrous,DeepLabV3,resnet34,rgb,26.010189,8.687752962112427
5884-armor-steel,5884 Armor Steel,Steel,5884 x 10 (6).jpg,0.3079833984375,0.3811754041395981,0.615966796875,dl_deeplabv3_r34,DeepLabV3 (ResNet34),general,context-atrous,DeepLabV3,resnet34,rgb,26.010189,8.687752962112427
5884-armor-steel,5884 Armor Steel,Steel,5884 x 20 (1).jpg,0.4164496527777778,0.4544162917357329,0.8328993055555556,dl_deeplabv3_r34,DeepLabV3 (ResNet34),general,context-atrous,DeepLabV3,resnet34,rgb,26.010189,8.687752962112427
5884-armor-steel,5884 Armor Steel,Steel,5884 x 20 (2).jpg,0.4065483940972222,0.4484574643167061,0.8130967881944444,dl_deeplabv3_r34,DeepLabV3 (ResNet34),general,context-atrous,DeepLabV3,resnet34,rgb,26.010189,8.687752962112427
5884-armor-steel,5884 Armor Steel,Steel,5884 x 20 (3).jpg,0.2579627117221595,0.3407784011141236,0.5153266059027778,dl_deeplabv3_r34,DeepLabV3 (ResNet34),general,context-atrous,DeepLabV3,resnet34,rgb,26.010189,8.687752962112427
5884-armor-steel,5884 Armor Steel,Steel,5884 x 20 (4).jpg,0.3995510737205079,0.49255230178889786,0.7255045572916666,dl_deeplabv3_r34,DeepLabV3 (ResNet34),general,context-atrous,DeepLabV3,resnet34,rgb,26.010189,8.687752962112427
5884-armor-steel,5884 Armor Steel,Steel,5884 x 20 (5).jpg,0.1770840472275357,0.2774206004659562,0.3333604600694444,dl_deeplabv3_r34,DeepLabV3 (ResNet34),general,context-atrous,DeepLabV3,resnet34,rgb,26.010189,8.687752962112427
5884-armor-steel,5884 Armor Steel,Steel,5884 x 20 (6).jpg,0.15311935693728143,0.23468517244896198,0.3059353298611111,dl_deeplabv3_r34,DeepLabV3 (ResNet34),general,context-atrous,DeepLabV3,resnet34,rgb,26.010189,8.687752962112427
5884-armor-steel,5884 Armor Steel,Steel,5884 x 50 (1).jpg,0.2769097222222222,0.3564245810055866,0.5538194444444444,dl_deeplabv3_r34,DeepLabV3 (ResNet34),general,context-atrous,DeepLabV3,resnet34,rgb,26.010189,8.687752962112427
5884-armor-steel,5884 Armor Steel,Steel,5884 x 50 (2).jpg,0.3306884765625,0.39808963997060987,0.661376953125,dl_deeplabv3_r34,DeepLabV3 (ResNet34),general,context-atrous,DeepLabV3,resnet34,rgb,26.010189,8.687752962112427
5884-armor-steel,5884 Armor Steel,Steel,5884 x 50 (3).jpg,0.2483588324652778,0.3318713185319438,0.4967176649305556,dl_deeplabv3_r34,DeepLabV3 (ResNet34),general,context-atrous,DeepLabV3,resnet34,rgb,26.010189,8.687752962112427
5884-armor-steel,5884 Armor Steel,Steel,5884 x 50 (4).jpg,0.2869873046875,0.3646657360012409,0.573974609375,dl_deeplabv3_r34,DeepLabV3 (ResNet34),general,context-atrous,DeepLabV3,resnet34,rgb,26.010189,8.687752962112427
6280-cast-iron-high,6280 Gray Cast Iron,Cast Iron,6280 x 20 (1).jpg,0.4097086588541667,0.45037348481459943,0.8194173177083334,dl_deeplabv3_r34,DeepLabV3 (ResNet34),general,context-atrous,DeepLabV3,resnet34,rgb,26.010189,8.687752962112427
6280-cast-iron-high,6280 Gray Cast Iron,Cast Iron,6280 x 20 (2).jpg,0.4111056857638889,0.4512162443802662,0.8222113715277778,dl_deeplabv3_r34,DeepLabV3 (ResNet34),general,context-atrous,DeepLabV3,resnet34,rgb,26.010189,8.687752962112427
6280-cast-iron-high,6280 Gray Cast Iron,Cast Iron,6280 x 20 (3).jpg,0.4054226345486111,0.4477717024941952,0.8108452690972222,dl_deeplabv3_r34,DeepLabV3 (ResNet34),general,context-atrous,DeepLabV3,resnet34,rgb,26.010189,8.687752962112427
6280-cast-iron-high,6280 Gray Cast Iron,Cast Iron,6280 x 20 (4).jpg,0.41259765625,0.4521134296415195,0.8251953125,dl_deeplabv3_r34,DeepLabV3 (ResNet34),general,context-atrous,DeepLabV3,resnet34,rgb,26.010189,8.687752962112427
6280-cast-iron-high,6280 Gray Cast Iron,Cast Iron,6280 x 20 (5).jpg,0.4171413845486111,0.4548277850899895,0.8342827690972222,dl_deeplabv3_r34,DeepLabV3 (ResNet34),general,context-atrous,DeepLabV3,resnet34,rgb,26.010189,8.687752962112427
6280-cast-iron-high,6280 Gray Cast Iron,Cast Iron,6280 x 20 (6).jpg,0.4124755859375,0.4520401337792642,0.824951171875,dl_deeplabv3_r34,DeepLabV3 (ResNet34),general,context-atrous,DeepLabV3,resnet34,rgb,26.010189,8.687752962112427
6280-cast-iron-high,6280 Gray Cast Iron,Cast Iron,6280 x 20 (7).jpg,0.4287109375,0.4616193480546793,0.857421875,dl_deeplabv3_r34,DeepLabV3 (ResNet34),general,context-atrous,DeepLabV3,resnet34,rgb,26.010189,8.687752962112427
6280-cast-iron-high,6280 Gray Cast Iron,Cast Iron,6280 x 20 (8).jpg,0.4105495876736111,0.45088108679784905,0.8210991753472222,dl_deeplabv3_r34,DeepLabV3 (ResNet34),general,context-atrous,DeepLabV3,resnet34,rgb,26.010189,8.687752962112427
6280-cast-iron-high,6280 Gray Cast Iron,Cast Iron,6280 x 20 (9).jpg,0.4184163411458333,0.4555845997075894,0.8368326822916666,dl_deeplabv3_r34,DeepLabV3 (ResNet34),general,context-atrous,DeepLabV3,resnet34,rgb,26.010189,8.687752962112427
6280-cast-iron-high,6280 Gray Cast Iron,Cast Iron,6280 x 20 (10).jpg,0.4213460286458333,0.457315726714658,0.8426920572916666,dl_deeplabv3_r34,DeepLabV3 (ResNet34),general,context-atrous,DeepLabV3,resnet34,rgb,26.010189,8.687752962112427
6280-cast-iron-low,6280 Gray Cast Iron,Cast Iron,6280 x 10 (1).jpg,0.16230396694931418,0.2298105975990151,0.4609646267361111,dl_deeplabv3_r34,DeepLabV3 (ResNet34),general,context-atrous,DeepLabV3,resnet34,rgb,26.010189,8.687752962112427
6280-cast-iron-low,6280 Gray Cast Iron,Cast Iron,6280 x 10 (2).jpg,0.16800191554188762,0.23858403180307322,0.4697265625,dl_deeplabv3_r34,DeepLabV3 (ResNet34),general,context-atrous,DeepLabV3,resnet34,rgb,26.010189,8.687752962112427
6280-cast-iron-low,6280 Gray Cast Iron,Cast Iron,6280 x 10 (3).jpg,0.1750451753709065,0.2421101522635568,0.4965549045138889,dl_deeplabv3_r34,DeepLabV3 (ResNet34),general,context-atrous,DeepLabV3,resnet34,rgb,26.010189,8.687752962112427
6280-cast-iron-low,6280 Gray Cast Iron,Cast Iron,6280 x 10 (4).jpg,0.16710664625385374,0.2365155082611724,0.4702690972222222,dl_deeplabv3_r34,DeepLabV3 (ResNet34),general,context-atrous,DeepLabV3,resnet34,rgb,26.010189,8.687752962112427
6280-cast-iron-low,6280 Gray Cast Iron,Cast Iron,6280 x 10 (5).jpg,0.16062429397366232,0.23166641430241774,0.4475640190972222,dl_deeplabv3_r34,DeepLabV3 (ResNet34),general,context-atrous,DeepLabV3,resnet34,rgb,26.010189,8.687752962112427
6280-cast-iron-low,6280 Gray Cast Iron,Cast Iron,6280 x 10 (6).jpg,0.1620434030601913,0.23204389406227732,0.4548611111111111,dl_deeplabv3_r34,DeepLabV3 (ResNet34),general,context-atrous,DeepLabV3,resnet34,rgb,26.010189,8.687752962112427
6280-cast-iron-low,6280 Gray Cast Iron,Cast Iron,6280 x 10 (7).jpg,0.18902609089457714,0.2910714604117009,0.4386393229166667,dl_deeplabv3_r34,DeepLabV3 (ResNet34),general,context-atrous,DeepLabV3,resnet34,rgb,26.010189,8.687752962112427
6280-cast-iron-low,6280 Gray Cast Iron,Cast Iron,6280 x 10 (8).jpg,0.16884737746532075,0.2398337973943244,0.4710015190972222,dl_deeplabv3_r34,DeepLabV3 (ResNet34),general,context-atrous,DeepLabV3,resnet34,rgb,26.010189,8.687752962112427
6280-cast-iron-low,6280 Gray Cast Iron,Cast Iron,6280 x 10 (9).jpg,0.16008560375554562,0.2319885135769877,0.4430338541666667,dl_deeplabv3_r34,DeepLabV3 (ResNet34),general,context-atrous,DeepLabV3,resnet34,rgb,26.010189,8.687752962112427
6280-cast-iron-low,6280 Gray Cast Iron,Cast Iron,6280 x 10 (10).jpg,0.1937914013453845,0.2972354832527091,0.4483506944444444,dl_deeplabv3_r34,DeepLabV3 (ResNet34),general,context-atrous,DeepLabV3,resnet34,rgb,26.010189,8.687752962112427
6280-cast-iron-low,6280 Gray Cast Iron,Cast Iron,6280 x 10 (11).jpg,0.19571678319727073,0.29992961297513204,0.4485948350694444,dl_deeplabv3_r34,DeepLabV3 (ResNet34),general,context-atrous,DeepLabV3,resnet34,rgb,26.010189,8.687752962112427
4130-steel,4130 Steel,Steel,4130 x 10 (1).jpg,0.4900426177773761,0.6569892050403079,0.6599934895833334,dl_deeplabv3p_r34,DeepLabV3+ (ResNet34),general,context-atrous,DeepLabV3Plus,resnet34,rgb,22.440541,4.440073728561401
4130-steel,4130 Steel,Steel,4130 x 10 (2).jpg,0.4602186629704837,0.6295676904718349,0.6324327256944444,dl_deeplabv3p_r34,DeepLabV3+ (ResNet34),general,context-atrous,DeepLabV3Plus,resnet34,rgb,22.440541,4.440073728561401
4130-steel,4130 Steel,Steel,4130 x 10 (3).jpg,0.48039665970772444,0.6487737952323787,0.6496853298611112,dl_deeplabv3p_r34,DeepLabV3+ (ResNet34),general,context-atrous,DeepLabV3Plus,resnet34,rgb,22.440541,4.440073728561401
4130-steel,4130 Steel,Steel,4130 x 10 (4).jpg,0.4776091541733466,0.6464446260198207,0.6465115017361112,dl_deeplabv3p_r34,DeepLabV3+ (ResNet34),general,context-atrous,DeepLabV3Plus,resnet34,rgb,22.440541,4.440073728561401
4130-steel,4130 Steel,Steel,4130 x 10 (5).jpg,0.47008049183569167,0.6383003183863367,0.6429307725694444,dl_deeplabv3p_r34,DeepLabV3+ (ResNet34),general,context-atrous,DeepLabV3Plus,resnet34,rgb,22.440541,4.440073728561401
4130-steel,4130 Steel,Steel,4130 x 10 (6).jpg,0.5096037867435432,0.6749259114104571,0.6758355034722222,dl_deeplabv3p_r34,DeepLabV3+ (ResNet34),general,context-atrous,DeepLabV3Plus,resnet34,rgb,22.440541,4.440073728561401
4130-steel,4130 Steel,Steel,4130 x 10 (7).jpg,0.4997707520741392,0.6663767645871912,0.6667209201388888,dl_deeplabv3p_r34,DeepLabV3+ (ResNet34),general,context-atrous,DeepLabV3Plus,resnet34,rgb,22.440541,4.440073728561401
4130-steel,4130 Steel,Steel,4130 x 10 (8).jpg,0.49817632793522093,0.6648724621241506,0.6655544704861112,dl_deeplabv3p_r34,DeepLabV3+ (ResNet34),general,context-atrous,DeepLabV3Plus,resnet34,rgb,22.440541,4.440073728561401
4130-steel,4130 Steel,Steel,4130 x 10 (9).jpg,0.4963614774710741,0.6634015776845381,0.6634928385416666,dl_deeplabv3p_r34,DeepLabV3+ (ResNet34),general,context-atrous,DeepLabV3Plus,resnet34,rgb,22.440541,4.440073728561401
4130-steel,4130 Steel,Steel,4130 x 10 (10).jpg,0.4996824256221023,0.6660454314793848,0.6673990885416666,dl_deeplabv3p_r34,DeepLabV3+ (ResNet34),general,context-atrous,DeepLabV3Plus,resnet34,rgb,22.440541,4.440073728561401
4130-steel,4130 Steel,Steel,4130 x 10 (11).jpg,0.49360505588864134,0.6598928226663839,0.6640896267361112,dl_deeplabv3p_r34,DeepLabV3+ (ResNet34),general,context-atrous,DeepLabV3Plus,resnet34,rgb,22.440541,4.440073728561401
4130-steel,4130 Steel,Steel,4130 x 10 (12).jpg,0.5010937255673487,0.6668683438751339,0.6699490017361112,dl_deeplabv3p_r34,DeepLabV3+ (ResNet34),general,context-atrous,DeepLabV3Plus,resnet34,rgb,22.440541,4.440073728561401
4130-steel,4130 Steel,Steel,4130 x 10 (13).jpg,0.4995305861935093,0.6657561593515822,0.667724609375,dl_deeplabv3p_r34,DeepLabV3+ (ResNet34),general,context-atrous,DeepLabV3Plus,resnet34,rgb,22.440541,4.440073728561401
4130-steel,4130 Steel,Steel,4130 x 10 (14).jpg,0.4888463736291683,0.6537075568297728,0.6652560763888888,dl_deeplabv3p_r34,DeepLabV3+ (ResNet34),general,context-atrous,DeepLabV3Plus,resnet34,rgb,22.440541,4.440073728561401
4130-steel,4130 Steel,Steel,4130 x 10 (15).jpg,0.48717663658878174,0.6538852459067189,0.6588812934027778,dl_deeplabv3p_r34,DeepLabV3+ (ResNet34),general,context-atrous,DeepLabV3Plus,resnet34,rgb,22.440541,4.440073728561401
4130-steel,4130 Steel,Steel,4130 x 10 (16).jpg,0.4938768043255264,0.6610041065719547,0.6617838541666666,dl_deeplabv3p_r34,DeepLabV3+ (ResNet34),general,context-atrous,DeepLabV3Plus,resnet34,rgb,22.440541,4.440073728561401
4130-steel,4130 Steel,Steel,4130 x 10 (17).jpg,0.4829262820906659,0.6484744700512335,0.6593967013888888,dl_deeplabv3p_r34,DeepLabV3+ (ResNet34),general,context-atrous,DeepLabV3Plus,resnet34,rgb,22.440541,4.440073728561401
4130-steel,4130 Steel,Steel,4130 x 10 (18).jpg,0.4976407962585226,0.663979020634514,0.6663140190972222,dl_deeplabv3p_r34,DeepLabV3+ (ResNet34),general,context-atrous,DeepLabV3Plus,resnet34,rgb,22.440541,4.440073728561401
4130-steel,4130 Steel,Steel,4130 x 10 (19).jpg,0.5042985958962705,0.6704718404899731,0.6704915364583334,dl_deeplabv3p_r34,DeepLabV3+ (ResNet34),general,context-atrous,DeepLabV3Plus,resnet34,rgb,22.440541,4.440073728561401
4130-steel,4130 Steel,Steel,4130 x 10 (20).jpg,0.4931477581914975,0.660376799320401,0.6610514322916666,dl_deeplabv3p_r34,DeepLabV3+ (ResNet34),general,context-atrous,DeepLabV3Plus,resnet34,rgb,22.440541,4.440073728561401
4130-steel,4130 Steel,Steel,4130 x 20 (1).jpg,0.5106680155900496,0.6703512748006095,0.6934678819444444,dl_deeplabv3p_r34,DeepLabV3+ (ResNet34),general,context-atrous,DeepLabV3Plus,resnet34,rgb,22.440541,4.440073728561401
4130-steel,4130 Steel,Steel,4130 x 20 (2).jpg,0.49465816637507043,0.6569349716216792,0.6763780381944444,dl_deeplabv3p_r34,DeepLabV3+ (ResNet34),general,context-atrous,DeepLabV3Plus,resnet34,rgb,22.440541,4.440073728561401
4130-steel,4130 Steel,Steel,4130 x 20 (3).jpg,0.5039732705675097,0.6659560620428373,0.682861328125,dl_deeplabv3p_r34,DeepLabV3+ (ResNet34),general,context-atrous,DeepLabV3Plus,resnet34,rgb,22.440541,4.440073728561401
4130-steel,4130 Steel,Steel,4130 x 20 (4).jpg,0.43015767784216785,0.5890752688595341,0.6319173177083334,dl_deeplabv3p_r34,DeepLabV3+ (ResNet34),general,context-atrous,DeepLabV3Plus,resnet34,rgb,22.440541,4.440073728561401
4130-steel,4130 Steel,Steel,4130 x 20 (5).jpg,0.6181685969992978,0.7633503985674188,0.7669270833333334,dl_deeplabv3p_r34,DeepLabV3+ (ResNet34),general,context-atrous,DeepLabV3Plus,resnet34,rgb,22.440541,4.440073728561401
4130-steel,4130 Steel,Steel,4130 x 20 (6).jpg,0.6400906922855836,0.780241605272511,0.781982421875,dl_deeplabv3p_r34,DeepLabV3+ (ResNet34),general,context-atrous,DeepLabV3Plus,resnet34,rgb,22.440541,4.440073728561401
4130-steel,4130 Steel,Steel,4130 x 20 (7).jpg,0.6263011905937828,0.7700110140037337,0.7711046006944444,dl_deeplabv3p_r34,DeepLabV3+ (ResNet34),general,context-atrous,DeepLabV3Plus,resnet34,rgb,22.440541,4.440073728561401
4130-steel,4130 Steel,Steel,4130 x 20 (8).jpg,0.6279935339684797,0.7710551236338611,0.7734103732638888,dl_deeplabv3p_r34,DeepLabV3+ (ResNet34),general,context-atrous,DeepLabV3Plus,resnet34,rgb,22.440541,4.440073728561401
4130-steel,4130 Steel,Steel,4130 x 20 (9).jpg,0.6414102103037271,0.7811587348012299,0.7832573784722222,dl_deeplabv3p_r34,DeepLabV3+ (ResNet34),general,context-atrous,DeepLabV3Plus,resnet34,rgb,22.440541,4.440073728561401
4130-steel,4130 Steel,Steel,4130 x 20 (10).jpg,0.6037328549666316,0.7528106398928026,0.7533094618055556,dl_deeplabv3p_r34,DeepLabV3+ (ResNet34),general,context-atrous,DeepLabV3Plus,resnet34,rgb,22.440541,4.440073728561401
4130-steel,4130 Steel,Steel,4130 x 20 (11).jpg,0.6025604511368993,0.7519811652971307,0.7520616319444444,dl_deeplabv3p_r34,DeepLabV3+ (ResNet34),general,context-atrous,DeepLabV3Plus,resnet34,rgb,22.440541,4.440073728561401
4130-steel,4130 Steel,Steel,4130 x 20 (12).jpg,0.6173094980776554,0.763340937766195,0.7635362413194444,dl_deeplabv3p_r34,DeepLabV3+ (ResNet34),general,context-atrous,DeepLabV3Plus,resnet34,rgb,22.440541,4.440073728561401
4130-steel,4130 Steel,Steel,4130 x 20 (13).jpg,0.6090391805865017,0.7570213044540366,0.7570258246527778,dl_deeplabv3p_r34,DeepLabV3+ (ResNet34),general,context-atrous,DeepLabV3Plus,resnet34,rgb,22.440541,4.440073728561401
4130-steel,4130 Steel,Steel,4130 x 20 (14).jpg,0.6086048181678643,0.7566832082281914,0.7567003038194444,dl_deeplabv3p_r34,DeepLabV3+ (ResNet34),general,context-atrous,DeepLabV3Plus,resnet34,rgb,22.440541,4.440073728561401
4130-steel,4130 Steel,Steel,4130 x 20 (15).jpg,0.6304113762634411,0.7731034435566949,0.7742513020833334,dl_deeplabv3p_r34,DeepLabV3+ (ResNet34),general,context-atrous,DeepLabV3Plus,resnet34,rgb,22.440541,4.440073728561401
4130-steel,4130 Steel,Steel,4130 x 20 (16).jpg,0.628294923042823,0.7712977598256578,0.7735731336805556,dl_deeplabv3p_r34,DeepLabV3+ (ResNet34),general,context-atrous,DeepLabV3Plus,resnet34,rgb,22.440541,4.440073728561401
4130-steel,4130 Steel,Steel,4130 x 20 (17).jpg,0.6452186031830953,0.7838430210460373,0.7867296006944444,dl_deeplabv3p_r34,DeepLabV3+ (ResNet34),general,context-atrous,DeepLabV3Plus,resnet34,rgb,22.440541,4.440073728561401
4130-steel,4130 Steel,Steel,4130 x 20 (18).jpg,0.6256193090248421,0.7685646252535425,0.7746039496527778,dl_deeplabv3p_r34,DeepLabV3+ (ResNet34),general,context-atrous,DeepLabV3Plus,resnet34,rgb,22.440541,4.440073728561401
4130-steel,4130 Steel,Steel,4130 x 20 (19).jpg,0.638434332140361,0.7784265367778531,0.7833658854166666,dl_deeplabv3p_r34,DeepLabV3+ (ResNet34),general,context-atrous,DeepLabV3Plus,resnet34,rgb,22.440541,4.440073728561401
4130-steel,4130 Steel,Steel,4130 x 20 (20).jpg,0.637287996899,0.7774865659660881,0.7828776041666666,dl_deeplabv3p_r34,DeepLabV3+ (ResNet34),general,context-atrous,DeepLabV3Plus,resnet34,rgb,22.440541,4.440073728561401
418-17-4ph-x20,418 Printed 17-4 PH Steel,Steel,x20 (1).jpg,0.33743947162627347,0.5031599740170539,0.5075141059027778,dl_deeplabv3p_r34,DeepLabV3+ (ResNet34),general,context-atrous,DeepLabV3Plus,resnet34,rgb,22.440541,4.440073728561401
418-17-4ph-x20,418 Printed 17-4 PH Steel,Steel,x20 (2).jpg,0.26897990109104597,0.4232078686236578,0.4251844618055556,dl_deeplabv3p_r34,DeepLabV3+ (ResNet34),general,context-atrous,DeepLabV3Plus,resnet34,rgb,22.440541,4.440073728561401
418-17-4ph-x20,418 Printed 17-4 PH Steel,Steel,x20 (3).jpg,0.25714700958819986,0.4045072153695174,0.4168023003472222,dl_deeplabv3p_r34,DeepLabV3+ (ResNet34),general,context-atrous,DeepLabV3Plus,resnet34,rgb,22.440541,4.440073728561401
418-17-4ph-x20,418 Printed 17-4 PH Steel,Steel,x20 (4).jpg,0.2686446463007337,0.41557874014238405,0.4370930989583333,dl_deeplabv3p_r34,DeepLabV3+ (ResNet34),general,context-atrous,DeepLabV3Plus,resnet34,rgb,22.440541,4.440073728561401
418-17-4ph-x20,418 Printed 17-4 PH Steel,Steel,x20 (5).jpg,0.27072413865439193,0.41907442823998964,0.4381781684027778,dl_deeplabv3p_r34,DeepLabV3+ (ResNet34),general,context-atrous,DeepLabV3Plus,resnet34,rgb,22.440541,4.440073728561401
418-17-4ph-x20,418 Printed 17-4 PH Steel,Steel,x20 (6).jpg,0.41585594687112365,0.5874258634534026,0.5874294704861112,dl_deeplabv3p_r34,DeepLabV3+ (ResNet34),general,context-atrous,DeepLabV3Plus,resnet34,rgb,22.440541,4.440073728561401
418-17-4ph-x20,418 Printed 17-4 PH Steel,Steel,x20 (7).jpg,0.3604945045248,0.529460478245172,0.5309787326388888,dl_deeplabv3p_r34,DeepLabV3+ (ResNet34),general,context-atrous,DeepLabV3Plus,resnet34,rgb,22.440541,4.440073728561401
418-17-4ph-x20,418 Printed 17-4 PH Steel,Steel,x20 (8).jpg,0.27008987166605936,0.4230320361487637,0.4292534722222222,dl_deeplabv3p_r34,DeepLabV3+ (ResNet34),general,context-atrous,DeepLabV3Plus,resnet34,rgb,22.440541,4.440073728561401
418-17-4ph-x20,418 Printed 17-4 PH Steel,Steel,x20 (9).jpg,0.48919498364347513,0.6550214375820946,0.6627061631944444,dl_deeplabv3p_r34,DeepLabV3+ (ResNet34),general,context-atrous,DeepLabV3Plus,resnet34,rgb,22.440541,4.440073728561401
418-17-4ph-x20,418 Printed 17-4 PH Steel,Steel,x20 (10).jpg,0.3034255414925425,0.46554116436730064,0.4656575520833333,dl_deeplabv3p_r34,DeepLabV3+ (ResNet34),general,context-atrous,DeepLabV3Plus,resnet34,rgb,22.440541,4.440073728561401
418-17-4ph-x20,418 Printed 17-4 PH Steel,Steel,x20 (11).jpg,0.4852566189236111,0.49251799947687946,0.9705132378472222,dl_deeplabv3p_r34,DeepLabV3+ (ResNet34),general,context-atrous,DeepLabV3Plus,resnet34,rgb,22.440541,4.440073728561401
418-17-4ph-x20,418 Printed 17-4 PH Steel,Steel,x20 (12).jpg,0.4870876736111111,0.49345938221391666,0.9741753472222222,dl_deeplabv3p_r34,DeepLabV3+ (ResNet34),general,context-atrous,DeepLabV3Plus,resnet34,rgb,22.440541,4.440073728561401
418-17-4ph-x20,418 Printed 17-4 PH Steel,Steel,x20 (13).jpg,0.4949137369791667,0.4974438673264897,0.9898274739583334,dl_deeplabv3p_r34,DeepLabV3+ (ResNet34),general,context-atrous,DeepLabV3Plus,resnet34,rgb,22.440541,4.440073728561401
418-17-4ph-x20,418 Printed 17-4 PH Steel,Steel,x20 (14).jpg,0.4920518663194444,0.49599409368078534,0.9841037326388888,dl_deeplabv3p_r34,DeepLabV3+ (ResNet34),general,context-atrous,DeepLabV3Plus,resnet34,rgb,22.440541,4.440073728561401
418-17-4ph-x20,418 Printed 17-4 PH Steel,Steel,x20 (15).jpg,0.4913601345486111,0.49564241835520106,0.9827202690972222,dl_deeplabv3p_r34,DeepLabV3+ (ResNet34),general,context-atrous,DeepLabV3Plus,resnet34,rgb,22.440541,4.440073728561401
418-17-4ph-x20,418 Printed 17-4 PH Steel,Steel,x20 (16).jpg,0.4878065321180556,0.4938280080737069,0.9756130642361112,dl_deeplabv3p_r34,DeepLabV3+ (ResNet34),general,context-atrous,DeepLabV3Plus,resnet34,rgb,22.440541,4.440073728561401
418-17-4ph-x20,418 Printed 17-4 PH Steel,Steel,x20 (17).jpg,0.4913330078125,0.4956286171653737,0.982666015625,dl_deeplabv3p_r34,DeepLabV3+ (ResNet34),general,context-atrous,DeepLabV3Plus,resnet34,rgb,22.440541,4.440073728561401
418-17-4ph-x20,418 Printed 17-4 PH Steel,Steel,x20 (18).jpg,0.4897445487378817,0.4957449055528676,0.9782443576388888,dl_deeplabv3p_r34,DeepLabV3+ (ResNet34),general,context-atrous,DeepLabV3Plus,resnet34,rgb,22.440541,4.440073728561401
418-17-4ph-x20,418 Printed 17-4 PH Steel,Steel,x20 (19).jpg,0.4912245008680556,0.49557340485215035,0.9824490017361112,dl_deeplabv3p_r34,DeepLabV3+ (ResNet34),general,context-atrous,DeepLabV3Plus,resnet34,rgb,22.440541,4.440073728561401
418-17-4ph-x20,418 Printed 17-4 PH Steel,Steel,x20 (20).jpg,0.26792045116643687,0.37502987855468284,0.4987521701388889,dl_deeplabv3p_r34,DeepLabV3+ (ResNet34),general,context-atrous,DeepLabV3Plus,resnet34,rgb,22.440541,4.440073728561401
418-17-4ph-x20,418 Printed 17-4 PH Steel,Steel,x20 (21).jpg,0.2941077690459561,0.39268757196873694,0.5563693576388888,dl_deeplabv3p_r34,DeepLabV3+ (ResNet34),general,context-atrous,DeepLabV3Plus,resnet34,rgb,22.440541,4.440073728561401
418-17-4ph-x5,418 Printed 17-4 PH Steel,Steel,x5 (1).jpg,0.8096913944960835,0.8848064839593582,0.98193359375,dl_deeplabv3p_r34,DeepLabV3+ (ResNet34),general,context-atrous,DeepLabV3Plus,resnet34,rgb,22.440541,4.440073728561401
418-17-4ph-x5,418 Printed 17-4 PH Steel,Steel,x5 (2).jpg,0.8331866123565801,0.902022911859629,0.9802517361111112,dl_deeplabv3p_r34,DeepLabV3+ (ResNet34),general,context-atrous,DeepLabV3Plus,resnet34,rgb,22.440541,4.440073728561401
418-17-4ph-x5,418 Printed 17-4 PH Steel,Steel,x5 (3).jpg,0.7984474032063993,0.8758256291310571,0.9854058159722222,dl_deeplabv3p_r34,DeepLabV3+ (ResNet34),general,context-atrous,DeepLabV3Plus,resnet34,rgb,22.440541,4.440073728561401
418-17-4ph-x5,418 Printed 17-4 PH Steel,Steel,x5 (4).jpg,0.7693949660352822,0.8546146218617281,0.9732259114583334,dl_deeplabv3p_r34,DeepLabV3+ (ResNet34),general,context-atrous,DeepLabV3Plus,resnet34,rgb,22.440541,4.440073728561401
418-17-4ph-x5,418 Printed 17-4 PH Steel,Steel,x5 (5).jpg,0.8974600230995722,0.944209610662015,0.9773220486111112,dl_deeplabv3p_r34,DeepLabV3+ (ResNet34),general,context-atrous,DeepLabV3Plus,resnet34,rgb,22.440541,4.440073728561401
418-17-4ph-x5,418 Printed 17-4 PH Steel,Steel,x5 (6).jpg,0.8435008077908822,0.9092946486379972,0.9791937934027778,dl_deeplabv3p_r34,DeepLabV3+ (ResNet34),general,context-atrous,DeepLabV3Plus,resnet34,rgb,22.440541,4.440073728561401
418-17-4ph-x5,418 Printed 17-4 PH Steel,Steel,x5 (7).jpg,0.7958689997490632,0.8745096889327295,0.9805501302083334,dl_deeplabv3p_r34,DeepLabV3+ (ResNet34),general,context-atrous,DeepLabV3Plus,resnet34,rgb,22.440541,4.440073728561401
418-17-4ph-x5,418 Printed 17-4 PH Steel,Steel,x5 (8).jpg,0.7900993483472231,0.869482427588921,0.9843478732638888,dl_deeplabv3p_r34,DeepLabV3+ (ResNet34),general,context-atrous,DeepLabV3Plus,resnet34,rgb,22.440541,4.440073728561401
418-17-4ph-x5,418 Printed 17-4 PH Steel,Steel,x5 (9).jpg,0.8071880438361319,0.8827587460245343,0.9832899305555556,dl_deeplabv3p_r34,DeepLabV3+ (ResNet34),general,context-atrous,DeepLabV3Plus,resnet34,rgb,22.440541,4.440073728561401
418-17-4ph-x5,418 Printed 17-4 PH Steel,Steel,x5 (10).jpg,0.7967454685860823,0.8750047382560016,0.9818522135416666,dl_deeplabv3p_r34,DeepLabV3+ (ResNet34),general,context-atrous,DeepLabV3Plus,resnet34,rgb,22.440541,4.440073728561401
418-17-4ph-x5,418 Printed 17-4 PH Steel,Steel,x5 (11).jpg,0.7911299754300043,0.8709914920130968,0.9794650607638888,dl_deeplabv3p_r34,DeepLabV3+ (ResNet34),general,context-atrous,DeepLabV3Plus,resnet34,rgb,22.440541,4.440073728561401
418-17-4ph-x5,418 Printed 17-4 PH Steel,Steel,x5 (12).jpg,0.7932476790635112,0.8724870729395076,0.9805230034722222,dl_deeplabv3p_r34,DeepLabV3+ (ResNet34),general,context-atrous,DeepLabV3Plus,resnet34,rgb,22.440541,4.440073728561401
418-17-4ph-x5,418 Printed 17-4 PH Steel,Steel,x5 (13).jpg,0.7734506881562531,0.8561983704301247,0.9839138454861112,dl_deeplabv3p_r34,DeepLabV3+ (ResNet34),general,context-atrous,DeepLabV3Plus,resnet34,rgb,22.440541,4.440073728561401
418-17-4ph-x5,418 Printed 17-4 PH Steel,Steel,x5 (14).jpg,0.8305554538526577,0.8995782886934751,0.9856770833333334,dl_deeplabv3p_r34,DeepLabV3+ (ResNet34),general,context-atrous,DeepLabV3Plus,resnet34,rgb,22.440541,4.440073728561401
418-17-4ph-x5,418 Printed 17-4 PH Steel,Steel,x5 (15).jpg,0.8341491677938986,0.9042807837647806,0.9648980034722222,dl_deeplabv3p_r34,DeepLabV3+ (ResNet34),general,context-atrous,DeepLabV3Plus,resnet34,rgb,22.440541,4.440073728561401
418-17-4ph-x5,418 Printed 17-4 PH Steel,Steel,x5 (16).jpg,0.840652402141959,0.9080342254150613,0.9720865885416666,dl_deeplabv3p_r34,DeepLabV3+ (ResNet34),general,context-atrous,DeepLabV3Plus,resnet34,rgb,22.440541,4.440073728561401
418-17-4ph-x5,418 Printed 17-4 PH Steel,Steel,x5 (17).jpg,0.8888146959286578,0.939201949436491,0.9729275173611112,dl_deeplabv3p_r34,DeepLabV3+ (ResNet34),general,context-atrous,DeepLabV3Plus,resnet34,rgb,22.440541,4.440073728561401
418-17-4ph-x5,418 Printed 17-4 PH Steel,Steel,x5 (18).jpg,0.7547830037361682,0.8422488179320506,0.9744194878472222,dl_deeplabv3p_r34,DeepLabV3+ (ResNet34),general,context-atrous,DeepLabV3Plus,resnet34,rgb,22.440541,4.440073728561401
418-17-4ph-x5,418 Printed 17-4 PH Steel,Steel,x5 (19).jpg,0.7910345399751633,0.870762024541345,0.9805501302083334,dl_deeplabv3p_r34,DeepLabV3+ (ResNet34),general,context-atrous,DeepLabV3Plus,resnet34,rgb,22.440541,4.440073728561401
418-17-4ph-x5,418 Printed 17-4 PH Steel,Steel,x5 (20).jpg,0.7877836903533115,0.8683670610405407,0.9795193142361112,dl_deeplabv3p_r34,DeepLabV3+ (ResNet34),general,context-atrous,DeepLabV3Plus,resnet34,rgb,22.440541,4.440073728561401
418-17-4ph-x5,418 Printed 17-4 PH Steel,Steel,x5 (21).jpg,0.7634084534122538,0.8483727325753393,0.9809841579861112,dl_deeplabv3p_r34,DeepLabV3+ (ResNet34),general,context-atrous,DeepLabV3Plus,resnet34,rgb,22.440541,4.440073728561401
418-17-4ph-x5,418 Printed 17-4 PH Steel,Steel,x5 (22).jpg,0.7594615501962786,0.8461399079979844,0.9747450086805556,dl_deeplabv3p_r34,DeepLabV3+ (ResNet34),general,context-atrous,DeepLabV3Plus,resnet34,rgb,22.440541,4.440073728561401
418-17-4ph-x5,418 Printed 17-4 PH Steel,Steel,x5 (23).jpg,0.7812014851415463,0.8631264563456528,0.9797092013888888,dl_deeplabv3p_r34,DeepLabV3+ (ResNet34),general,context-atrous,DeepLabV3Plus,resnet34,rgb,22.440541,4.440073728561401
418-17-4ph-x5,418 Printed 17-4 PH Steel,Steel,x5 (24).jpg,0.8033559285824134,0.8800361336946703,0.9819878472222222,dl_deeplabv3p_r34,DeepLabV3+ (ResNet34),general,context-atrous,DeepLabV3Plus,resnet34,rgb,22.440541,4.440073728561401
418-17-4ph-x5,418 Printed 17-4 PH Steel,Steel,x5 (25).jpg,0.764122812326135,0.8496015018412746,0.9772677951388888,dl_deeplabv3p_r34,DeepLabV3+ (ResNet34),general,context-atrous,DeepLabV3Plus,resnet34,rgb,22.440541,4.440073728561401
5884-armor-steel,5884 Armor Steel,Steel,5884 x 5 (1).jpg,0.43508348623751053,0.603227148967808,0.6142306857638888,dl_deeplabv3p_r34,DeepLabV3+ (ResNet34),general,context-atrous,DeepLabV3Plus,resnet34,rgb,22.440541,4.440073728561401
5884-armor-steel,5884 Armor Steel,Steel,5884 x 5 (2).jpg,0.5205446681170857,0.682746449329737,0.6907823350694444,dl_deeplabv3p_r34,DeepLabV3+ (ResNet34),general,context-atrous,DeepLabV3Plus,resnet34,rgb,22.440541,4.440073728561401
5884-armor-steel,5884 Armor Steel,Steel,5884 x 5 (3).jpg,0.5121693679023676,0.6756419733393217,0.6828070746527778,dl_deeplabv3p_r34,DeepLabV3+ (ResNet34),general,context-atrous,DeepLabV3Plus,resnet34,rgb,22.440541,4.440073728561401
5884-armor-steel,5884 Armor Steel,Steel,5884 x 5 (4).jpg,0.37302086174482896,0.5193727558427326,0.59326171875,dl_deeplabv3p_r34,DeepLabV3+ (ResNet34),general,context-atrous,DeepLabV3Plus,resnet34,rgb,22.440541,4.440073728561401
5884-armor-steel,5884 Armor Steel,Steel,5884 x 5 (5).jpg,0.5366325535009882,0.6981805128675114,0.6993543836805556,dl_deeplabv3p_r34,DeepLabV3+ (ResNet34),general,context-atrous,DeepLabV3Plus,resnet34,rgb,22.440541,4.440073728561401
5884-armor-steel,5884 Armor Steel,Steel,5884 x 10 (1).jpg,0.5617536415304574,0.7184376050944962,0.7227647569444444,dl_deeplabv3p_r34,DeepLabV3+ (ResNet34),general,context-atrous,DeepLabV3Plus,resnet34,rgb,22.440541,4.440073728561401
5884-armor-steel,5884 Armor Steel,Steel,5884 x 10 (2).jpg,0.5728309449844674,0.725999423523702,0.7371961805555556,dl_deeplabv3p_r34,DeepLabV3+ (ResNet34),general,context-atrous,DeepLabV3Plus,resnet34,rgb,22.440541,4.440073728561401
5884-armor-steel,5884 Armor Steel,Steel,5884 x 10 (3).jpg,0.5088791548522824,0.6496430080564572,0.7454969618055556,dl_deeplabv3p_r34,DeepLabV3+ (ResNet34),general,context-atrous,DeepLabV3Plus,resnet34,rgb,22.440541,4.440073728561401
5884-armor-steel,5884 Armor Steel,Steel,5884 x 10 (4).jpg,0.5521351787022141,0.7013246900767924,0.745361328125,dl_deeplabv3p_r34,DeepLabV3+ (ResNet34),general,context-atrous,DeepLabV3Plus,resnet34,rgb,22.440541,4.440073728561401
5884-armor-steel,5884 Armor Steel,Steel,5884 x 10 (5).jpg,0.532283479793868,0.6808147173259617,0.7384440104166666,dl_deeplabv3p_r34,DeepLabV3+ (ResNet34),general,context-atrous,DeepLabV3Plus,resnet34,rgb,22.440541,4.440073728561401
5884-armor-steel,5884 Armor Steel,Steel,5884 x 10 (6).jpg,0.4472854126166442,0.5853568817757799,0.6970757378472222,dl_deeplabv3p_r34,DeepLabV3+ (ResNet34),general,context-atrous,DeepLabV3Plus,resnet34,rgb,22.440541,4.440073728561401
5884-armor-steel,5884 Armor Steel,Steel,5884 x 20 (1).jpg,0.6361656105885347,0.7657773284210924,0.8282335069444444,dl_deeplabv3p_r34,DeepLabV3+ (ResNet34),general,context-atrous,DeepLabV3Plus,resnet34,rgb,22.440541,4.440073728561401
5884-armor-steel,5884 Armor Steel,Steel,5884 x 20 (2).jpg,0.6384165486257574,0.769801622649737,0.8206108940972222,dl_deeplabv3p_r34,DeepLabV3+ (ResNet34),general,context-atrous,DeepLabV3Plus,resnet34,rgb,22.440541,4.440073728561401
5884-armor-steel,5884 Armor Steel,Steel,5884 x 20 (3).jpg,0.7611740524061007,0.8640583834411004,0.8668619791666666,dl_deeplabv3p_r34,DeepLabV3+ (ResNet34),general,context-atrous,DeepLabV3Plus,resnet34,rgb,22.440541,4.440073728561401
5884-armor-steel,5884 Armor Steel,Steel,5884 x 20 (4).jpg,0.6303334392532602,0.7689598578263327,0.7918565538194444,dl_deeplabv3p_r34,DeepLabV3+ (ResNet34),general,context-atrous,DeepLabV3Plus,resnet34,rgb,22.440541,4.440073728561401
5884-armor-steel,5884 Armor Steel,Steel,5884 x 20 (5).jpg,0.6526674966241313,0.7884954457449225,0.7961697048611112,dl_deeplabv3p_r34,DeepLabV3+ (ResNet34),general,context-atrous,DeepLabV3Plus,resnet34,rgb,22.440541,4.440073728561401
5884-armor-steel,5884 Armor Steel,Steel,5884 x 20 (6).jpg,0.5735844206029149,0.7272663864901208,0.7354329427083334,dl_deeplabv3p_r34,DeepLabV3+ (ResNet34),general,context-atrous,DeepLabV3Plus,resnet34,rgb,22.440541,4.440073728561401
5884-armor-steel,5884 Armor Steel,Steel,5884 x 50 (1).jpg,0.39099859742612586,0.5285815506277749,0.6334635416666666,dl_deeplabv3p_r34,DeepLabV3+ (ResNet34),general,context-atrous,DeepLabV3Plus,resnet34,rgb,22.440541,4.440073728561401
5884-armor-steel,5884 Armor Steel,Steel,5884 x 50 (2).jpg,0.4039224916300014,0.5142277006801257,0.7013888888888888,dl_deeplabv3p_r34,DeepLabV3+ (ResNet34),general,context-atrous,DeepLabV3Plus,resnet34,rgb,22.440541,4.440073728561401
5884-armor-steel,5884 Armor Steel,Steel,5884 x 50 (3).jpg,0.3349418621754894,0.46814256631467127,0.5651041666666666,dl_deeplabv3p_r34,DeepLabV3+ (ResNet34),general,context-atrous,DeepLabV3Plus,resnet34,rgb,22.440541,4.440073728561401
5884-armor-steel,5884 Armor Steel,Steel,5884 x 50 (4).jpg,0.33259393939441356,0.44036063280221527,0.604248046875,dl_deeplabv3p_r34,DeepLabV3+ (ResNet34),general,context-atrous,DeepLabV3Plus,resnet34,rgb,22.440541,4.440073728561401
6280-cast-iron-high,6280 Gray Cast Iron,Cast Iron,6280 x 20 (1).jpg,0.5491829998540741,0.6640975254346075,0.8426649305555556,dl_deeplabv3p_r34,DeepLabV3+ (ResNet34),general,context-atrous,DeepLabV3Plus,resnet34,rgb,22.440541,4.440073728561401
6280-cast-iron-high,6280 Gray Cast Iron,Cast Iron,6280 x 20 (2).jpg,0.5502364294201251,0.6642094950908606,0.8458658854166666,dl_deeplabv3p_r34,DeepLabV3+ (ResNet34),general,context-atrous,DeepLabV3Plus,resnet34,rgb,22.440541,4.440073728561401
6280-cast-iron-high,6280 Gray Cast Iron,Cast Iron,6280 x 20 (3).jpg,0.5452005017800577,0.6629306489391539,0.8324652777777778,dl_deeplabv3p_r34,DeepLabV3+ (ResNet34),general,context-atrous,DeepLabV3Plus,resnet34,rgb,22.440541,4.440073728561401
6280-cast-iron-high,6280 Gray Cast Iron,Cast Iron,6280 x 20 (4).jpg,0.5610824283486768,0.6757588402046243,0.8516981336805556,dl_deeplabv3p_r34,DeepLabV3+ (ResNet34),general,context-atrous,DeepLabV3Plus,resnet34,rgb,22.440541,4.440073728561401
6280-cast-iron-high,6280 Gray Cast Iron,Cast Iron,6280 x 20 (5).jpg,0.5546749298811532,0.6674155013767344,0.852294921875,dl_deeplabv3p_r34,DeepLabV3+ (ResNet34),general,context-atrous,DeepLabV3Plus,resnet34,rgb,22.440541,4.440073728561401
6280-cast-iron-high,6280 Gray Cast Iron,Cast Iron,6280 x 20 (6).jpg,0.5410701062292236,0.6521622118308805,0.8460557725694444,dl_deeplabv3p_r34,DeepLabV3+ (ResNet34),general,context-atrous,DeepLabV3Plus,resnet34,rgb,22.440541,4.440073728561401
6280-cast-iron-high,6280 Gray Cast Iron,Cast Iron,6280 x 20 (7).jpg,0.5630118364930263,0.6701880797520924,0.8727213541666666,dl_deeplabv3p_r34,DeepLabV3+ (ResNet34),general,context-atrous,DeepLabV3Plus,resnet34,rgb,22.440541,4.440073728561401
6280-cast-iron-high,6280 Gray Cast Iron,Cast Iron,6280 x 20 (8).jpg,0.5513798384845715,0.6663998424927258,0.843994140625,dl_deeplabv3p_r34,DeepLabV3+ (ResNet34),general,context-atrous,DeepLabV3Plus,resnet34,rgb,22.440541,4.440073728561401
6280-cast-iron-high,6280 Gray Cast Iron,Cast Iron,6280 x 20 (9).jpg,0.5437172606921439,0.6521943451798002,0.8546006944444444,dl_deeplabv3p_r34,DeepLabV3+ (ResNet34),general,context-atrous,DeepLabV3Plus,resnet34,rgb,22.440541,4.440073728561401
6280-cast-iron-high,6280 Gray Cast Iron,Cast Iron,6280 x 20 (10).jpg,0.5669208223999787,0.6784876769944869,0.8639594184027778,dl_deeplabv3p_r34,DeepLabV3+ (ResNet34),general,context-atrous,DeepLabV3Plus,resnet34,rgb,22.440541,4.440073728561401
6280-cast-iron-low,6280 Gray Cast Iron,Cast Iron,6280 x 10 (1).jpg,0.4895624266703904,0.6535141852763121,0.6976182725694444,dl_deeplabv3p_r34,DeepLabV3+ (ResNet34),general,context-atrous,DeepLabV3Plus,resnet34,rgb,22.440541,4.440073728561401
6280-cast-iron-low,6280 Gray Cast Iron,Cast Iron,6280 x 10 (2).jpg,0.49542850482829487,0.6600686987234484,0.696044921875,dl_deeplabv3p_r34,DeepLabV3+ (ResNet34),general,context-atrous,DeepLabV3Plus,resnet34,rgb,22.440541,4.440073728561401
6280-cast-iron-low,6280 Gray Cast Iron,Cast Iron,6280 x 10 (3).jpg,0.49487360797812935,0.6563364987601936,0.7113986545138888,dl_deeplabv3p_r34,DeepLabV3+ (ResNet34),general,context-atrous,DeepLabV3Plus,resnet34,rgb,22.440541,4.440073728561401
6280-cast-iron-low,6280 Gray Cast Iron,Cast Iron,6280 x 10 (4).jpg,0.5114029718720919,0.673660720923956,0.7144097222222222,dl_deeplabv3p_r34,DeepLabV3+ (ResNet34),general,context-atrous,DeepLabV3Plus,resnet34,rgb,22.440541,4.440073728561401
6280-cast-iron-low,6280 Gray Cast Iron,Cast Iron,6280 x 10 (5).jpg,0.4368837694230175,0.6029390834384626,0.6550021701388888,dl_deeplabv3p_r34,DeepLabV3+ (ResNet34),general,context-atrous,DeepLabV3Plus,resnet34,rgb,22.440541,4.440073728561401
6280-cast-iron-low,6280 Gray Cast Iron,Cast Iron,6280 x 10 (6).jpg,0.5035944570381651,0.6650913174052256,0.7151421440972222,dl_deeplabv3p_r34,DeepLabV3+ (ResNet34),general,context-atrous,DeepLabV3Plus,resnet34,rgb,22.440541,4.440073728561401
6280-cast-iron-low,6280 Gray Cast Iron,Cast Iron,6280 x 10 (7).jpg,0.4826580043656148,0.6496752252090336,0.6752387152777778,dl_deeplabv3p_r34,DeepLabV3+ (ResNet34),general,context-atrous,DeepLabV3Plus,resnet34,rgb,22.440541,4.440073728561401
6280-cast-iron-low,6280 Gray Cast Iron,Cast Iron,6280 x 10 (8).jpg,0.5097744776847821,0.6702303135322971,0.7218967013888888,dl_deeplabv3p_r34,DeepLabV3+ (ResNet34),general,context-atrous,DeepLabV3Plus,resnet34,rgb,22.440541,4.440073728561401
6280-cast-iron-low,6280 Gray Cast Iron,Cast Iron,6280 x 10 (9).jpg,0.5065844583394427,0.6692348609176456,0.70947265625,dl_deeplabv3p_r34,DeepLabV3+ (ResNet34),general,context-atrous,DeepLabV3Plus,resnet34,rgb,22.440541,4.440073728561401
6280-cast-iron-low,6280 Gray Cast Iron,Cast Iron,6280 x 10 (10).jpg,0.4958678960958811,0.6540368782606454,0.7239583333333334,dl_deeplabv3p_r34,DeepLabV3+ (ResNet34),general,context-atrous,DeepLabV3Plus,resnet34,rgb,22.440541,4.440073728561401
6280-cast-iron-low,6280 Gray Cast Iron,Cast Iron,6280 x 10 (11).jpg,0.4872979115951995,0.6465263530108468,0.7143283420138888,dl_deeplabv3p_r34,DeepLabV3+ (ResNet34),general,context-atrous,DeepLabV3Plus,resnet34,rgb,22.440541,4.440073728561401
4130-steel,4130 Steel,Steel,4130 x 10 (1).jpg,0.4037613578003356,0.5711175734092834,0.5849066840277778,dl_fpn_r34,FPN (ResNet34),general,pyramid,FPN,resnet34,rgb,23.156941,4.519625425338745
4130-steel,4130 Steel,Steel,4130 x 10 (2).jpg,0.41533803100612676,0.5861336847635912,0.5887858072916666,dl_fpn_r34,FPN (ResNet34),general,pyramid,FPN,resnet34,rgb,23.156941,4.519625425338745
4130-steel,4130 Steel,Steel,4130 x 10 (3).jpg,0.41219579615897517,0.5797063015333614,0.5934244791666666,dl_fpn_r34,FPN (ResNet34),general,pyramid,FPN,resnet34,rgb,23.156941,4.519625425338745
4130-steel,4130 Steel,Steel,4130 x 10 (4).jpg,0.4024462484689926,0.5660690600619566,0.5920138888888888,dl_fpn_r34,FPN (ResNet34),general,pyramid,FPN,resnet34,rgb,23.156941,4.519625425338745
4130-steel,4130 Steel,Steel,4130 x 10 (5).jpg,0.4164111377778454,0.5875701983001709,0.5889756944444444,dl_fpn_r34,FPN (ResNet34),general,pyramid,FPN,resnet34,rgb,23.156941,4.519625425338745
4130-steel,4130 Steel,Steel,4130 x 10 (6).jpg,0.43270718971814714,0.6038519999708079,0.6045193142361112,dl_fpn_r34,FPN (ResNet34),general,pyramid,FPN,resnet34,rgb,23.156941,4.519625425338745
4130-steel,4130 Steel,Steel,4130 x 10 (7).jpg,0.444886383620383,0.6148170608368491,0.6183810763888888,dl_fpn_r34,FPN (ResNet34),general,pyramid,FPN,resnet34,rgb,23.156941,4.519625425338745
4130-steel,4130 Steel,Steel,4130 x 10 (8).jpg,0.4336337217449412,0.6049396528162423,0.6049533420138888,dl_fpn_r34,FPN (ResNet34),general,pyramid,FPN,resnet34,rgb,23.156941,4.519625425338745
4130-steel,4130 Steel,Steel,4130 x 10 (9).jpg,0.41927839836069036,0.5908162726519913,0.5908745659722222,dl_fpn_r34,FPN (ResNet34),general,pyramid,FPN,resnet34,rgb,23.156941,4.519625425338745
4130-steel,4130 Steel,Steel,4130 x 10 (10).jpg,0.4384915631472899,0.6096156170035044,0.6097547743055556,dl_fpn_r34,FPN (ResNet34),general,pyramid,FPN,resnet34,rgb,23.156941,4.519625425338745
4130-steel,4130 Steel,Steel,4130 x 10 (11).jpg,0.43292986077224926,0.6034016537508411,0.6064181857638888,dl_fpn_r34,FPN (ResNet34),general,pyramid,FPN,resnet34,rgb,23.156941,4.519625425338745
4130-steel,4130 Steel,Steel,4130 x 10 (12).jpg,0.4293654357406018,0.6002145089015704,0.6021864149305556,dl_fpn_r34,FPN (ResNet34),general,pyramid,FPN,resnet34,rgb,23.156941,4.519625425338745
4130-steel,4130 Steel,Steel,4130 x 10 (13).jpg,0.4279988597776142,0.5986188517761879,0.6014811197916666,dl_fpn_r34,FPN (ResNet34),general,pyramid,FPN,resnet34,rgb,23.156941,4.519625425338745
4130-steel,4130 Steel,Steel,4130 x 10 (14).jpg,0.43684319730337945,0.6061849371238989,0.6128200954861112,dl_fpn_r34,FPN (ResNet34),general,pyramid,FPN,resnet34,rgb,23.156941,4.519625425338745
4130-steel,4130 Steel,Steel,4130 x 10 (15).jpg,0.4337026487145714,0.6044001003122256,0.6065538194444444,dl_fpn_r34,FPN (ResNet34),general,pyramid,FPN,resnet34,rgb,23.156941,4.519625425338745
4130-steel,4130 Steel,Steel,4130 x 10 (16).jpg,0.4417881739172739,0.6128179293138395,0.6128743489583334,dl_fpn_r34,FPN (ResNet34),general,pyramid,FPN,resnet34,rgb,23.156941,4.519625425338745
4130-steel,4130 Steel,Steel,4130 x 10 (17).jpg,0.4347517401838971,0.6051277632852085,0.6083170572916666,dl_fpn_r34,FPN (ResNet34),general,pyramid,FPN,resnet34,rgb,23.156941,4.519625425338745
4130-steel,4130 Steel,Steel,4130 x 10 (18).jpg,0.42571113512594577,0.5965221055551461,0.5988498263888888,dl_fpn_r34,FPN (ResNet34),general,pyramid,FPN,resnet34,rgb,23.156941,4.519625425338745
4130-steel,4130 Steel,Steel,4130 x 10 (19).jpg,0.4340613040445711,0.6053377697625426,0.6054144965277778,dl_fpn_r34,FPN (ResNet34),general,pyramid,FPN,resnet34,rgb,23.156941,4.519625425338745
4130-steel,4130 Steel,Steel,4130 x 10 (20).jpg,0.40771809692871036,0.5792367752975052,0.5793185763888888,dl_fpn_r34,FPN (ResNet34),general,pyramid,FPN,resnet34,rgb,23.156941,4.519625425338745
4130-steel,4130 Steel,Steel,4130 x 20 (1).jpg,0.49773366245991146,0.6563679999906411,0.6887478298611112,dl_fpn_r34,FPN (ResNet34),general,pyramid,FPN,resnet34,rgb,23.156941,4.519625425338745
4130-steel,4130 Steel,Steel,4130 x 20 (2).jpg,0.47482064846611577,0.6354359323390137,0.6671278211805556,dl_fpn_r34,FPN (ResNet34),general,pyramid,FPN,resnet34,rgb,23.156941,4.519625425338745
4130-steel,4130 Steel,Steel,4130 x 20 (3).jpg,0.5038699740637966,0.6641159963111551,0.6879069010416666,dl_fpn_r34,FPN (ResNet34),general,pyramid,FPN,resnet34,rgb,23.156941,4.519625425338745
4130-steel,4130 Steel,Steel,4130 x 20 (4).jpg,0.4336107132438046,0.589102440696954,0.6434190538194444,dl_fpn_r34,FPN (ResNet34),general,pyramid,FPN,resnet34,rgb,23.156941,4.519625425338745
4130-steel,4130 Steel,Steel,4130 x 20 (5).jpg,0.4929683897372405,0.6603362593463725,0.6605360243055556,dl_fpn_r34,FPN (ResNet34),general,pyramid,FPN,resnet34,rgb,23.156941,4.519625425338745
4130-steel,4130 Steel,Steel,4130 x 20 (6).jpg,0.5099041616190798,0.6743296191053437,0.6787380642361112,dl_fpn_r34,FPN (ResNet34),general,pyramid,FPN,resnet34,rgb,23.156941,4.519625425338745
4130-steel,4130 Steel,Steel,4130 x 20 (7).jpg,0.5105383642038474,0.6752544211961227,0.6781684027777778,dl_fpn_r34,FPN (ResNet34),general,pyramid,FPN,resnet34,rgb,23.156941,4.519625425338745
4130-steel,4130 Steel,Steel,4130 x 20 (8).jpg,0.5190217799599843,0.6824630514666588,0.6861979166666666,dl_fpn_r34,FPN (ResNet34),general,pyramid,FPN,resnet34,rgb,23.156941,4.519625425338745
4130-steel,4130 Steel,Steel,4130 x 20 (9).jpg,0.5262733255214671,0.6893330644766668,0.6905381944444444,dl_fpn_r34,FPN (ResNet34),general,pyramid,FPN,resnet34,rgb,23.156941,4.519625425338745
4130-steel,4130 Steel,Steel,4130 x 20 (10).jpg,0.5004082805885655,0.6666983423012338,0.6680230034722222,dl_fpn_r34,FPN (ResNet34),general,pyramid,FPN,resnet34,rgb,23.156941,4.519625425338745
4130-steel,4130 Steel,Steel,4130 x 20 (11).jpg,0.47829321365695165,0.6470335392059785,0.6472439236111112,dl_fpn_r34,FPN (ResNet34),general,pyramid,FPN,resnet34,rgb,23.156941,4.519625425338745
4130-steel,4130 Steel,Steel,4130 x 20 (12).jpg,0.49213843174514116,0.6593741486541422,0.6604275173611112,dl_fpn_r34,FPN (ResNet34),general,pyramid,FPN,resnet34,rgb,23.156941,4.519625425338745
4130-steel,4130 Steel,Steel,4130 x 20 (13).jpg,0.4997219830795757,0.6663641806351139,0.6665852864583334,dl_fpn_r34,FPN (ResNet34),general,pyramid,FPN,resnet34,rgb,23.156941,4.519625425338745
4130-steel,4130 Steel,Steel,4130 x 20 (14).jpg,0.492427585333476,0.659722479795822,0.6604275173611112,dl_fpn_r34,FPN (ResNet34),general,pyramid,FPN,resnet34,rgb,23.156941,4.519625425338745
4130-steel,4130 Steel,Steel,4130 x 20 (15).jpg,0.49464712160091495,0.6613584224756575,0.6634657118055556,dl_fpn_r34,FPN (ResNet34),general,pyramid,FPN,resnet34,rgb,23.156941,4.519625425338745
4130-steel,4130 Steel,Steel,4130 x 20 (16).jpg,0.5064593727483029,0.6715886365504204,0.6748046875,dl_fpn_r34,FPN (ResNet34),general,pyramid,FPN,resnet34,rgb,23.156941,4.519625425338745
4130-steel,4130 Steel,Steel,4130 x 20 (17).jpg,0.4885241614239805,0.6561733250299473,0.6570095486111112,dl_fpn_r34,FPN (ResNet34),general,pyramid,FPN,resnet34,rgb,23.156941,4.519625425338745
4130-steel,4130 Steel,Steel,4130 x 20 (18).jpg,0.542321839229345,0.7022421019303193,0.7066514756944444,dl_fpn_r34,FPN (ResNet34),general,pyramid,FPN,resnet34,rgb,23.156941,4.519625425338745
4130-steel,4130 Steel,Steel,4130 x 20 (19).jpg,0.4998891540344349,0.6648349116385606,0.6717393663194444,dl_fpn_r34,FPN (ResNet34),general,pyramid,FPN,resnet34,rgb,23.156941,4.519625425338745
4130-steel,4130 Steel,Steel,4130 x 20 (20).jpg,0.5272045641227118,0.6887167611103521,0.6958821614583334,dl_fpn_r34,FPN (ResNet34),general,pyramid,FPN,resnet34,rgb,23.156941,4.519625425338745
418-17-4ph-x20,418 Printed 17-4 PH Steel,Steel,x20 (1).jpg,0.3333604600694444,0.40001953061423784,0.6667209201388888,dl_fpn_r34,FPN (ResNet34),general,pyramid,FPN,resnet34,rgb,23.156941,4.519625425338745
418-17-4ph-x20,418 Printed 17-4 PH Steel,Steel,x20 (2).jpg,0.3929578993055556,0.44006318731393157,0.7859157986111112,dl_fpn_r34,FPN (ResNet34),general,pyramid,FPN,resnet34,rgb,23.156941,4.519625425338745
418-17-4ph-x20,418 Printed 17-4 PH Steel,Steel,x20 (3).jpg,0.4155544704861111,0.45388284791561734,0.8311089409722222,dl_fpn_r34,FPN (ResNet34),general,pyramid,FPN,resnet34,rgb,23.156941,4.519625425338745
418-17-4ph-x20,418 Printed 17-4 PH Steel,Steel,x20 (4).jpg,0.4222547743055556,0.4578504617918701,0.8445095486111112,dl_fpn_r34,FPN (ResNet34),general,pyramid,FPN,resnet34,rgb,23.156941,4.519625425338745
418-17-4ph-x20,418 Printed 17-4 PH Steel,Steel,x20 (5).jpg,0.4121771918402778,0.45186088352935927,0.8243543836805556,dl_fpn_r34,FPN (ResNet34),general,pyramid,FPN,resnet34,rgb,23.156941,4.519625425338745
418-17-4ph-x20,418 Printed 17-4 PH Steel,Steel,x20 (6).jpg,0.3391791449652778,0.40417966413990397,0.6783582899305556,dl_fpn_r34,FPN (ResNet34),general,pyramid,FPN,resnet34,rgb,23.156941,4.519625425338745
418-17-4ph-x20,418 Printed 17-4 PH Steel,Steel,x20 (7).jpg,0.3035753038194444,0.377780778449178,0.6071506076388888,dl_fpn_r34,FPN (ResNet34),general,pyramid,FPN,resnet34,rgb,23.156941,4.519625425338745
418-17-4ph-x20,418 Printed 17-4 PH Steel,Steel,x20 (8).jpg,0.4047444661458333,0.44735776928266247,0.8094889322916666,dl_fpn_r34,FPN (ResNet34),general,pyramid,FPN,resnet34,rgb,23.156941,4.519625425338745
418-17-4ph-x20,418 Printed 17-4 PH Steel,Steel,x20 (9).jpg,0.2822265625,0.36079900124843944,0.564453125,dl_fpn_r34,FPN (ResNet34),general,pyramid,FPN,resnet34,rgb,23.156941,4.519625425338745
418-17-4ph-x20,418 Printed 17-4 PH Steel,Steel,x20 (10).jpg,0.3750813802083333,0.4286245698874733,0.7501627604166666,dl_fpn_r34,FPN (ResNet34),general,pyramid,FPN,resnet34,rgb,23.156941,4.519625425338745
418-17-4ph-x20,418 Printed 17-4 PH Steel,Steel,x20 (11).jpg,0.014743381076388888,0.028642196516560827,0.029486762152777776,dl_fpn_r34,FPN (ResNet34),general,pyramid,FPN,resnet34,rgb,23.156941,4.519625425338745
418-17-4ph-x20,418 Printed 17-4 PH Steel,Steel,x20 (12).jpg,0.012912326388888888,0.025174529299767295,0.025824652777777776,dl_fpn_r34,FPN (ResNet34),general,pyramid,FPN,resnet34,rgb,23.156941,4.519625425338745
418-17-4ph-x20,418 Printed 17-4 PH Steel,Steel,x20 (13).jpg,0.3700436586926855,0.4315714725758691,0.7312825520833334,dl_fpn_r34,FPN (ResNet34),general,pyramid,FPN,resnet34,rgb,23.156941,4.519625425338745
418-17-4ph-x20,418 Printed 17-4 PH Steel,Steel,x20 (14).jpg,0.007948133680555556,0.015647530040053405,0.015896267361111112,dl_fpn_r34,FPN (ResNet34),general,pyramid,FPN,resnet34,rgb,23.156941,4.519625425338745
418-17-4ph-x20,418 Printed 17-4 PH Steel,Steel,x20 (15).jpg,0.008639865451388888,0.016986213700967975,0.017279730902777776,dl_fpn_r34,FPN (ResNet34),general,pyramid,FPN,resnet34,rgb,23.156941,4.519625425338745
418-17-4ph-x20,418 Printed 17-4 PH Steel,Steel,x20 (16).jpg,0.012193467881944444,0.023806371315838255,0.024386935763888888,dl_fpn_r34,FPN (ResNet34),general,pyramid,FPN,resnet34,rgb,23.156941,4.519625425338745
418-17-4ph-x20,418 Printed 17-4 PH Steel,Steel,x20 (17).jpg,0.0086669921875,0.017038636909047278,0.017333984375,dl_fpn_r34,FPN (ResNet34),general,pyramid,FPN,resnet34,rgb,23.156941,4.519625425338745
418-17-4ph-x20,418 Printed 17-4 PH Steel,Steel,x20 (18).jpg,0.010877821180555556,0.021292412255084162,0.021755642361111112,dl_fpn_r34,FPN (ResNet34),general,pyramid,FPN,resnet34,rgb,23.156941,4.519625425338745
418-17-4ph-x20,418 Printed 17-4 PH Steel,Steel,x20 (19).jpg,0.008775499131944444,0.017248273839673697,0.017550998263888888,dl_fpn_r34,FPN (ResNet34),general,pyramid,FPN,resnet34,rgb,23.156941,4.519625425338745
418-17-4ph-x20,418 Printed 17-4 PH Steel,Steel,x20 (20).jpg,0.2527533637152778,0.33577181570839115,0.5055067274305556,dl_fpn_r34,FPN (ResNet34),general,pyramid,FPN,resnet34,rgb,23.156941,4.519625425338745
418-17-4ph-x20,418 Printed 17-4 PH Steel,Steel,x20 (21).jpg,0.21998426649305555,0.30554038015937307,0.4399685329861111,dl_fpn_r34,FPN (ResNet34),general,pyramid,FPN,resnet34,rgb,23.156941,4.519625425338745
418-17-4ph-x5,418 Printed 17-4 PH Steel,Steel,x5 (1).jpg,0.6926212800652263,0.785526505850065,0.9716796875,dl_fpn_r34,FPN (ResNet34),general,pyramid,FPN,resnet34,rgb,23.156941,4.519625425338745
418-17-4ph-x5,418 Printed 17-4 PH Steel,Steel,x5 (2).jpg,0.4742567274305556,0.4867882500348044,0.9485134548611112,dl_fpn_r34,FPN (ResNet34),general,pyramid,FPN,resnet34,rgb,23.156941,4.519625425338745
418-17-4ph-x5,418 Printed 17-4 PH Steel,Steel,x5 (3).jpg,0.4844835069444444,0.49211947536647194,0.9689670138888888,dl_fpn_r34,FPN (ResNet34),general,pyramid,FPN,resnet34,rgb,23.156941,4.519625425338745
418-17-4ph-x5,418 Printed 17-4 PH Steel,Steel,x5 (4).jpg,0.5522189679975068,0.6175007538069452,0.9573296440972222,dl_fpn_r34,FPN (ResNet34),general,pyramid,FPN,resnet34,rgb,23.156941,4.519625425338745
418-17-4ph-x5,418 Printed 17-4 PH Steel,Steel,x5 (5).jpg,0.4440782335069444,0.47038287479347746,0.8881564670138888,dl_fpn_r34,FPN (ResNet34),general,pyramid,FPN,resnet34,rgb,23.156941,4.519625425338745
418-17-4ph-x5,418 Printed 17-4 PH Steel,Steel,x5 (6).jpg,0.706063036379449,0.8006671823980356,0.96337890625,dl_fpn_r34,FPN (ResNet34),general,pyramid,FPN,resnet34,rgb,23.156941,4.519625425338745
418-17-4ph-x5,418 Printed 17-4 PH Steel,Steel,x5 (7).jpg,0.4795057508680556,0.4895384743204509,0.9590115017361112,dl_fpn_r34,FPN (ResNet34),general,pyramid,FPN,resnet34,rgb,23.156941,4.519625425338745
418-17-4ph-x5,418 Printed 17-4 PH Steel,Steel,x5 (8).jpg,0.4844292534722222,0.49209148525764673,0.9688585069444444,dl_fpn_r34,FPN (ResNet34),general,pyramid,FPN,resnet34,rgb,23.156941,4.519625425338745
418-17-4ph-x5,418 Printed 17-4 PH Steel,Steel,x5 (9).jpg,0.4823133680555556,0.49099745940572187,0.9646267361111112,dl_fpn_r34,FPN (ResNet34),general,pyramid,FPN,resnet34,rgb,23.156941,4.519625425338745
418-17-4ph-x5,418 Printed 17-4 PH Steel,Steel,x5 (10).jpg,0.4829915364583333,0.49134862157463366,0.9659830729166666,dl_fpn_r34,FPN (ResNet34),general,pyramid,FPN,resnet34,rgb,23.156941,4.519625425338745
418-17-4ph-x5,418 Printed 17-4 PH Steel,Steel,x5 (11).jpg,0.4801839192708333,0.48989165179127403,0.9603678385416666,dl_fpn_r34,FPN (ResNet34),general,pyramid,FPN,resnet34,rgb,23.156941,4.519625425338745
418-17-4ph-x5,418 Printed 17-4 PH Steel,Steel,x5 (12).jpg,0.4811197916666667,0.49037823490378235,0.9622395833333334,dl_fpn_r34,FPN (ResNet34),general,pyramid,FPN,resnet34,rgb,23.156941,4.519625425338745
418-17-4ph-x5,418 Printed 17-4 PH Steel,Steel,x5 (13).jpg,0.48583984375,0.4928182268449728,0.9716796875,dl_fpn_r34,FPN (ResNet34),general,pyramid,FPN,resnet34,rgb,23.156941,4.519625425338745
418-17-4ph-x5,418 Printed 17-4 PH Steel,Steel,x5 (14).jpg,0.4823947482638889,0.4910396244650007,0.9647894965277778,dl_fpn_r34,FPN (ResNet34),general,pyramid,FPN,resnet34,rgb,23.156941,4.519625425338745
418-17-4ph-x5,418 Printed 17-4 PH Steel,Steel,x5 (15).jpg,0.4553765190972222,0.4766461285101792,0.9107530381944444,dl_fpn_r34,FPN (ResNet34),general,pyramid,FPN,resnet34,rgb,23.156941,4.519625425338745
418-17-4ph-x5,418 Printed 17-4 PH Steel,Steel,x5 (16).jpg,0.694626475568332,0.7994227125211768,0.92138671875,dl_fpn_r34,FPN (ResNet34),general,pyramid,FPN,resnet34,rgb,23.156941,4.519625425338745
418-17-4ph-x5,418 Printed 17-4 PH Steel,Steel,x5 (17).jpg,0.8546746039871757,0.9181569443396328,0.9642469618055556,dl_fpn_r34,FPN (ResNet34),general,pyramid,FPN,resnet34,rgb,23.156941,4.519625425338745
418-17-4ph-x5,418 Printed 17-4 PH Steel,Steel,x5 (18).jpg,0.5876904166222556,0.6872068423851333,0.9100748697916666,dl_fpn_r34,FPN (ResNet34),general,pyramid,FPN,resnet34,rgb,23.156941,4.519625425338745
418-17-4ph-x5,418 Printed 17-4 PH Steel,Steel,x5 (19).jpg,0.7417259501177942,0.8308528656613394,0.9750434027777778,dl_fpn_r34,FPN (ResNet34),general,pyramid,FPN,resnet34,rgb,23.156941,4.519625425338745
418-17-4ph-x5,418 Printed 17-4 PH Steel,Steel,x5 (20).jpg,0.7129107168419924,0.8048505791959166,0.9735514322916666,dl_fpn_r34,FPN (ResNet34),general,pyramid,FPN,resnet34,rgb,23.156941,4.519625425338745
418-17-4ph-x5,418 Printed 17-4 PH Steel,Steel,x5 (21).jpg,0.6079415165382109,0.7034660635684788,0.9339192708333334,dl_fpn_r34,FPN (ResNet34),general,pyramid,FPN,resnet34,rgb,23.156941,4.519625425338745
418-17-4ph-x5,418 Printed 17-4 PH Steel,Steel,x5 (22).jpg,0.6300076177375856,0.7306679837490553,0.9302300347222222,dl_fpn_r34,FPN (ResNet34),general,pyramid,FPN,resnet34,rgb,23.156941,4.519625425338745
418-17-4ph-x5,418 Printed 17-4 PH Steel,Steel,x5 (23).jpg,0.6084253913924657,0.6905344087199683,0.9698621961805556,dl_fpn_r34,FPN (ResNet34),general,pyramid,FPN,resnet34,rgb,23.156941,4.519625425338745
418-17-4ph-x5,418 Printed 17-4 PH Steel,Steel,x5 (24).jpg,0.7074563873227744,0.8004100704139736,0.9702419704861112,dl_fpn_r34,FPN (ResNet34),general,pyramid,FPN,resnet34,rgb,23.156941,4.519625425338745
418-17-4ph-x5,418 Printed 17-4 PH Steel,Steel,x5 (25).jpg,0.6676928782699627,0.7644547122438095,0.9547797309027778,dl_fpn_r34,FPN (ResNet34),general,pyramid,FPN,resnet34,rgb,23.156941,4.519625425338745
5884-armor-steel,5884 Armor Steel,Steel,5884 x 5 (1).jpg,0.4884670836796581,0.6557770022990006,0.657958984375,dl_fpn_r34,FPN (ResNet34),general,pyramid,FPN,resnet34,rgb,23.156941,4.519625425338745
5884-armor-steel,5884 Armor Steel,Steel,5884 x 5 (2).jpg,0.5190447392373652,0.6828086047501534,0.6851942274305556,dl_fpn_r34,FPN (ResNet34),general,pyramid,FPN,resnet34,rgb,23.156941,4.519625425338745
5884-armor-steel,5884 Armor Steel,Steel,5884 x 5 (3).jpg,0.5317016899155569,0.6939331131108827,0.6953396267361112,dl_fpn_r34,FPN (ResNet34),general,pyramid,FPN,resnet34,rgb,23.156941,4.519625425338745
5884-armor-steel,5884 Armor Steel,Steel,5884 x 5 (4).jpg,0.6096634670885137,0.7569017710150814,0.7599826388888888,dl_fpn_r34,FPN (ResNet34),general,pyramid,FPN,resnet34,rgb,23.156941,4.519625425338745
5884-armor-steel,5884 Armor Steel,Steel,5884 x 5 (5).jpg,0.5735657836401211,0.7260128229509645,0.7399088541666666,dl_fpn_r34,FPN (ResNet34),general,pyramid,FPN,resnet34,rgb,23.156941,4.519625425338745
5884-armor-steel,5884 Armor Steel,Steel,5884 x 10 (1).jpg,0.5737245085777438,0.7290680267265482,0.7293565538194444,dl_fpn_r34,FPN (ResNet34),general,pyramid,FPN,resnet34,rgb,23.156941,4.519625425338745
5884-armor-steel,5884 Armor Steel,Steel,5884 x 10 (2).jpg,0.5795944488044362,0.7333873891439623,0.735595703125,dl_fpn_r34,FPN (ResNet34),general,pyramid,FPN,resnet34,rgb,23.156941,4.519625425338745
5884-armor-steel,5884 Armor Steel,Steel,5884 x 10 (3).jpg,0.5438837393101064,0.6939050618301668,0.7393934461805556,dl_fpn_r34,FPN (ResNet34),general,pyramid,FPN,resnet34,rgb,23.156941,4.519625425338745
5884-armor-steel,5884 Armor Steel,Steel,5884 x 10 (4).jpg,0.5713650136435222,0.7227866479790721,0.7432183159722222,dl_fpn_r34,FPN (ResNet34),general,pyramid,FPN,resnet34,rgb,23.156941,4.519625425338745
5884-armor-steel,5884 Armor Steel,Steel,5884 x 10 (5).jpg,0.552820294545556,0.7042051513431753,0.7384440104166666,dl_fpn_r34,FPN (ResNet34),general,pyramid,FPN,resnet34,rgb,23.156941,4.519625425338745
5884-armor-steel,5884 Armor Steel,Steel,5884 x 10 (6).jpg,0.4947425387809419,0.6487133192481229,0.6997341579861112,dl_fpn_r34,FPN (ResNet34),general,pyramid,FPN,resnet34,rgb,23.156941,4.519625425338745
5884-armor-steel,5884 Armor Steel,Steel,5884 x 20 (1).jpg,0.6312372835252724,0.760483533815289,0.8301052517361112,dl_fpn_r34,FPN (ResNet34),general,pyramid,FPN,resnet34,rgb,23.156941,4.519625425338745
5884-armor-steel,5884 Armor Steel,Steel,5884 x 20 (2).jpg,0.6307066555052582,0.7628168567175191,0.8187391493055556,dl_fpn_r34,FPN (ResNet34),general,pyramid,FPN,resnet34,rgb,23.156941,4.519625425338745
5884-armor-steel,5884 Armor Steel,Steel,5884 x 20 (3).jpg,0.7991208317892481,0.888345879600225,0.8883463541666666,dl_fpn_r34,FPN (ResNet34),general,pyramid,FPN,resnet34,rgb,23.156941,4.519625425338745
5884-armor-steel,5884 Armor Steel,Steel,5884 x 20 (4).jpg,0.6597978577842312,0.7894605736495687,0.8215060763888888,dl_fpn_r34,FPN (ResNet34),general,pyramid,FPN,resnet34,rgb,23.156941,4.519625425338745
5884-armor-steel,5884 Armor Steel,Steel,5884 x 20 (5).jpg,0.7149358488466324,0.8297640286444139,0.8573404947916666,dl_fpn_r34,FPN (ResNet34),general,pyramid,FPN,resnet34,rgb,23.156941,4.519625425338745
5884-armor-steel,5884 Armor Steel,Steel,5884 x 20 (6).jpg,0.586727580363005,0.7360903755083525,0.7526312934027778,dl_fpn_r34,FPN (ResNet34),general,pyramid,FPN,resnet34,rgb,23.156941,4.519625425338745
5884-armor-steel,5884 Armor Steel,Steel,5884 x 50 (1).jpg,0.58178423033579,0.7318910882637628,0.7494574652777778,dl_fpn_r34,FPN (ResNet34),general,pyramid,FPN,resnet34,rgb,23.156941,4.519625425338745
5884-armor-steel,5884 Armor Steel,Steel,5884 x 50 (2).jpg,0.568889453587512,0.7109769811847891,0.7744683159722222,dl_fpn_r34,FPN (ResNet34),general,pyramid,FPN,resnet34,rgb,23.156941,4.519625425338745
5884-armor-steel,5884 Armor Steel,Steel,5884 x 50 (3).jpg,0.6785321234591992,0.8083574906115933,0.8091362847222222,dl_fpn_r34,FPN (ResNet34),general,pyramid,FPN,resnet34,rgb,23.156941,4.519625425338745
5884-armor-steel,5884 Armor Steel,Steel,5884 x 50 (4).jpg,0.6473573222700976,0.7852567300178679,0.7890896267361112,dl_fpn_r34,FPN (ResNet34),general,pyramid,FPN,resnet34,rgb,23.156941,4.519625425338745
6280-cast-iron-high,6280 Gray Cast Iron,Cast Iron,6280 x 20 (1).jpg,0.5234859561705711,0.6318525623291694,0.8376193576388888,dl_fpn_r34,FPN (ResNet34),general,pyramid,FPN,resnet34,rgb,23.156941,4.519625425338745
6280-cast-iron-high,6280 Gray Cast Iron,Cast Iron,6280 x 20 (2).jpg,0.5415485203757111,0.6538484016773738,0.8434516059027778,dl_fpn_r34,FPN (ResNet34),general,pyramid,FPN,resnet34,rgb,23.156941,4.519625425338745
6280-cast-iron-high,6280 Gray Cast Iron,Cast Iron,6280 x 20 (3).jpg,0.5200896192795403,0.6319825476163451,0.826416015625,dl_fpn_r34,FPN (ResNet34),general,pyramid,FPN,resnet34,rgb,23.156941,4.519625425338745
6280-cast-iron-high,6280 Gray Cast Iron,Cast Iron,6280 x 20 (4).jpg,0.5313026883837849,0.6381112740200923,0.84814453125,dl_fpn_r34,FPN (ResNet34),general,pyramid,FPN,resnet34,rgb,23.156941,4.519625425338745
6280-cast-iron-high,6280 Gray Cast Iron,Cast Iron,6280 x 20 (5).jpg,0.5384297988069161,0.6490145040375997,0.8451605902777778,dl_fpn_r34,FPN (ResNet34),general,pyramid,FPN,resnet34,rgb,23.156941,4.519625425338745
6280-cast-iron-high,6280 Gray Cast Iron,Cast Iron,6280 x 20 (6).jpg,0.5169398822965813,0.6207058031221855,0.8419867621527778,dl_fpn_r34,FPN (ResNet34),general,pyramid,FPN,resnet34,rgb,23.156941,4.519625425338745
6280-cast-iron-high,6280 Gray Cast Iron,Cast Iron,6280 x 20 (7).jpg,0.5516986058088426,0.6624350833046064,0.855224609375,dl_fpn_r34,FPN (ResNet34),general,pyramid,FPN,resnet34,rgb,23.156941,4.519625425338745
6280-cast-iron-high,6280 Gray Cast Iron,Cast Iron,6280 x 20 (8).jpg,0.5297188298895538,0.6395889366018178,0.8395724826388888,dl_fpn_r34,FPN (ResNet34),general,pyramid,FPN,resnet34,rgb,23.156941,4.519625425338745
6280-cast-iron-high,6280 Gray Cast Iron,Cast Iron,6280 x 20 (9).jpg,0.5418845189940342,0.6518959871988822,0.849365234375,dl_fpn_r34,FPN (ResNet34),general,pyramid,FPN,resnet34,rgb,23.156941,4.519625425338745
6280-cast-iron-high,6280 Gray Cast Iron,Cast Iron,6280 x 20 (10).jpg,0.5597787577453518,0.6715911222540185,0.8583713107638888,dl_fpn_r34,FPN (ResNet34),general,pyramid,FPN,resnet34,rgb,23.156941,4.519625425338745
6280-cast-iron-low,6280 Gray Cast Iron,Cast Iron,6280 x 10 (1).jpg,0.4010598038727551,0.5699230499038704,0.6082899305555556,dl_fpn_r34,FPN (ResNet34),general,pyramid,FPN,resnet34,rgb,23.156941,4.519625425338745
6280-cast-iron-low,6280 Gray Cast Iron,Cast Iron,6280 x 10 (2).jpg,0.40701019817815354,0.5751811455811037,0.6151529947916666,dl_fpn_r34,FPN (ResNet34),general,pyramid,FPN,resnet34,rgb,23.156941,4.519625425338745
6280-cast-iron-low,6280 Gray Cast Iron,Cast Iron,6280 x 10 (3).jpg,0.40178142503016373,0.5700529972822892,0.6127115885416666,dl_fpn_r34,FPN (ResNet34),general,pyramid,FPN,resnet34,rgb,23.156941,4.519625425338745
6280-cast-iron-low,6280 Gray Cast Iron,Cast Iron,6280 x 10 (4).jpg,0.3875300395189469,0.5533589455939026,0.59912109375,dl_fpn_r34,FPN (ResNet34),general,pyramid,FPN,resnet34,rgb,23.156941,4.519625425338745
6280-cast-iron-low,6280 Gray Cast Iron,Cast Iron,6280 x 10 (5).jpg,0.33536635882073423,0.4938078622082856,0.5577799479166666,dl_fpn_r34,FPN (ResNet34),general,pyramid,FPN,resnet34,rgb,23.156941,4.519625425338745
6280-cast-iron-low,6280 Gray Cast Iron,Cast Iron,6280 x 10 (6).jpg,0.40799356223207184,0.576330041156729,0.6189507378472222,dl_fpn_r34,FPN (ResNet34),general,pyramid,FPN,resnet34,rgb,23.156941,4.519625425338745
6280-cast-iron-low,6280 Gray Cast Iron,Cast Iron,6280 x 10 (7).jpg,0.3644309963010007,0.5299410320705088,0.5539008246527778,dl_fpn_r34,FPN (ResNet34),general,pyramid,FPN,resnet34,rgb,23.156941,4.519625425338745
6280-cast-iron-low,6280 Gray Cast Iron,Cast Iron,6280 x 10 (8).jpg,0.40252718523416503,0.569703828268647,0.6185167100694444,dl_fpn_r34,FPN (ResNet34),general,pyramid,FPN,resnet34,rgb,23.156941,4.519625425338745
6280-cast-iron-low,6280 Gray Cast Iron,Cast Iron,6280 x 10 (9).jpg,0.4328564307363317,0.6005874581459232,0.6435275607638888,dl_fpn_r34,FPN (ResNet34),general,pyramid,FPN,resnet34,rgb,23.156941,4.519625425338745
6280-cast-iron-low,6280 Gray Cast Iron,Cast Iron,6280 x 10 (10).jpg,0.3901429985543275,0.5500643892369824,0.6371527777777778,dl_fpn_r34,FPN (ResNet34),general,pyramid,FPN,resnet34,rgb,23.156941,4.519625425338745
6280-cast-iron-low,6280 Gray Cast Iron,Cast Iron,6280 x 10 (11).jpg,0.3766870298496368,0.5392946237058455,0.6083441840277778,dl_fpn_r34,FPN (ResNet34),general,pyramid,FPN,resnet34,rgb,23.156941,4.519625425338745
4130-steel,4130 Steel,Steel,4130 x 10 (1).jpg,0.2675130756627627,0.3684977106420458,0.5069986979166666,dl_pspnet_r34,PSPNet (ResNet34),general,pyramid,PSPNet,resnet34,rgb,21.493293,2.3646092414855957
4130-steel,4130 Steel,Steel,4130 x 10 (2).jpg,0.25205428906785693,0.35038254061998697,0.4830457899305556,dl_pspnet_r34,PSPNet (ResNet34),general,pyramid,PSPNet,resnet34,rgb,21.493293,2.3646092414855957
4130-steel,4130 Steel,Steel,4130 x 10 (3).jpg,0.2549540659642237,0.35616386897635066,0.4842122395833333,dl_pspnet_r34,PSPNet (ResNet34),general,pyramid,PSPNet,resnet34,rgb,21.493293,2.3646092414855957
4130-steel,4130 Steel,Steel,4130 x 10 (4).jpg,0.2508860819692989,0.35426544357886663,0.4737141927083333,dl_pspnet_r34,PSPNet (ResNet34),general,pyramid,PSPNet,resnet34,rgb,21.493293,2.3646092414855957
4130-steel,4130 Steel,Steel,4130 x 10 (5).jpg,0.21837129583472248,0.31846451011278804,0.4171549479166667,dl_pspnet_r34,PSPNet (ResNet34),general,pyramid,PSPNet,resnet34,rgb,21.493293,2.3646092414855957
4130-steel,4130 Steel,Steel,4130 x 10 (6).jpg,0.23137035781943147,0.332465159102392,0.4407009548611111,dl_pspnet_r34,PSPNet (ResNet34),general,pyramid,PSPNet,resnet34,rgb,21.493293,2.3646092414855957
4130-steel,4130 Steel,Steel,4130 x 10 (7).jpg,0.23889835147783403,0.339817715974694,0.4551052517361111,dl_pspnet_r34,PSPNet (ResNet34),general,pyramid,PSPNet,resnet34,rgb,21.493293,2.3646092414855957
4130-steel,4130 Steel,Steel,4130 x 10 (8).jpg,0.26203998272352874,0.36275313409802334,0.4976671006944444,dl_pspnet_r34,PSPNet (ResNet34),general,pyramid,PSPNet,resnet34,rgb,21.493293,2.3646092414855957
4130-steel,4130 Steel,Steel,4130 x 10 (9).jpg,0.24354129368016023,0.34434903601606415,0.4638943142361111,dl_pspnet_r34,PSPNet (ResNet34),general,pyramid,PSPNet,resnet34,rgb,21.493293,2.3646092414855957
4130-steel,4130 Steel,Steel,4130 x 10 (10).jpg,0.26755732549836714,0.36771504493564394,0.5082736545138888,dl_pspnet_r34,PSPNet (ResNet34),general,pyramid,PSPNet,resnet34,rgb,21.493293,2.3646092414855957
4130-steel,4130 Steel,Steel,4130 x 10 (11).jpg,0.28194186374613067,0.38025713929143373,0.5360514322916666,dl_pspnet_r34,PSPNet (ResNet34),general,pyramid,PSPNet,resnet34,rgb,21.493293,2.3646092414855957
4130-steel,4130 Steel,Steel,4130 x 10 (12).jpg,0.2816689777886903,0.3810553919490865,0.5340169270833334,dl_pspnet_r34,PSPNet (ResNet34),general,pyramid,PSPNet,resnet34,rgb,21.493293,2.3646092414855957
4130-steel,4130 Steel,Steel,4130 x 10 (13).jpg,0.27455208175736967,0.373624332043244,0.5221354166666666,dl_pspnet_r34,PSPNet (ResNet34),general,pyramid,PSPNet,resnet34,rgb,21.493293,2.3646092414855957
4130-steel,4130 Steel,Steel,4130 x 10 (14).jpg,0.29742690810207656,0.3946165925731134,0.5639919704861112,dl_pspnet_r34,PSPNet (ResNet34),general,pyramid,PSPNet,resnet34,rgb,21.493293,2.3646092414855957
4130-steel,4130 Steel,Steel,4130 x 10 (15).jpg,0.2815819486781211,0.38084736401249775,0.5340440538194444,dl_pspnet_r34,PSPNet (ResNet34),general,pyramid,PSPNet,resnet34,rgb,21.493293,2.3646092414855957
4130-steel,4130 Steel,Steel,4130 x 10 (16).jpg,0.2613200123829602,0.3620813868848551,0.4963107638888889,dl_pspnet_r34,PSPNet (ResNet34),general,pyramid,PSPNet,resnet34,rgb,21.493293,2.3646092414855957
4130-steel,4130 Steel,Steel,4130 x 10 (17).jpg,0.29788853793369363,0.394811309139544,0.5651584201388888,dl_pspnet_r34,PSPNet (ResNet34),general,pyramid,PSPNet,resnet34,rgb,21.493293,2.3646092414855957
4130-steel,4130 Steel,Steel,4130 x 10 (18).jpg,0.27715427202777704,0.37671226465102925,0.5259602864583334,dl_pspnet_r34,PSPNet (ResNet34),general,pyramid,PSPNet,resnet34,rgb,21.493293,2.3646092414855957
4130-steel,4130 Steel,Steel,4130 x 10 (19).jpg,0.25663755426810625,0.3594723903441767,0.4849175347222222,dl_pspnet_r34,PSPNet (ResNet34),general,pyramid,PSPNet,resnet34,rgb,21.493293,2.3646092414855957
4130-steel,4130 Steel,Steel,4130 x 10 (20).jpg,0.23479558668421904,0.33570479474244286,0.4474283854166667,dl_pspnet_r34,PSPNet (ResNet34),general,pyramid,PSPNet,resnet34,rgb,21.493293,2.3646092414855957
4130-steel,4130 Steel,Steel,4130 x 20 (1).jpg,0.1756979898826132,0.27640837387628486,0.3299424913194444,dl_pspnet_r34,PSPNet (ResNet34),general,pyramid,PSPNet,resnet34,rgb,21.493293,2.3646092414855957
4130-steel,4130 Steel,Steel,4130 x 20 (2).jpg,0.18871993446833224,0.2969391176611474,0.3467881944444444,dl_pspnet_r34,PSPNet (ResNet34),general,pyramid,PSPNet,resnet34,rgb,21.493293,2.3646092414855957
4130-steel,4130 Steel,Steel,4130 x 20 (3).jpg,0.19067654548690213,0.2932285388568223,0.3585611979166667,dl_pspnet_r34,PSPNet (ResNet34),general,pyramid,PSPNet,resnet34,rgb,21.493293,2.3646092414855957
4130-steel,4130 Steel,Steel,4130 x 20 (4).jpg,0.17319198901339253,0.28372841021660355,0.3113335503472222,dl_pspnet_r34,PSPNet (ResNet34),general,pyramid,PSPNet,resnet34,rgb,21.493293,2.3646092414855957
4130-steel,4130 Steel,Steel,4130 x 20 (5).jpg,0.2534084528660623,0.35087325193931906,0.4867350260416667,dl_pspnet_r34,PSPNet (ResNet34),general,pyramid,PSPNet,resnet34,rgb,21.493293,2.3646092414855957
4130-steel,4130 Steel,Steel,4130 x 20 (6).jpg,0.2601945135499554,0.3590197354287189,0.4970703125,dl_pspnet_r34,PSPNet (ResNet34),general,pyramid,PSPNet,resnet34,rgb,21.493293,2.3646092414855957
4130-steel,4130 Steel,Steel,4130 x 20 (7).jpg,0.26462976614164746,0.3611268834452253,0.5083279079861112,dl_pspnet_r34,PSPNet (ResNet34),general,pyramid,PSPNet,resnet34,rgb,21.493293,2.3646092414855957
4130-steel,4130 Steel,Steel,4130 x 20 (8).jpg,0.25619643406868475,0.3546857878311611,0.4903428819444444,dl_pspnet_r34,PSPNet (ResNet34),general,pyramid,PSPNet,resnet34,rgb,21.493293,2.3646092414855957
4130-steel,4130 Steel,Steel,4130 x 20 (9).jpg,0.25943244477800864,0.3561710657444875,0.4986707899305556,dl_pspnet_r34,PSPNet (ResNet34),general,pyramid,PSPNet,resnet34,rgb,21.493293,2.3646092414855957
4130-steel,4130 Steel,Steel,4130 x 20 (10).jpg,0.27686067954041593,0.37365364510762217,0.5294596354166666,dl_pspnet_r34,PSPNet (ResNet34),general,pyramid,PSPNet,resnet34,rgb,21.493293,2.3646092414855957
4130-steel,4130 Steel,Steel,4130 x 20 (11).jpg,0.2926723599793184,0.38773936928543623,0.5591091579861112,dl_pspnet_r34,PSPNet (ResNet34),general,pyramid,PSPNet,resnet34,rgb,21.493293,2.3646092414855957
4130-steel,4130 Steel,Steel,4130 x 20 (12).jpg,0.2848533458204588,0.3811284249059678,0.5440266927083334,dl_pspnet_r34,PSPNet (ResNet34),general,pyramid,PSPNet,resnet34,rgb,21.493293,2.3646092414855957
4130-steel,4130 Steel,Steel,4130 x 20 (13).jpg,0.29003898906412123,0.38344890853223057,0.5570475260416666,dl_pspnet_r34,PSPNet (ResNet34),general,pyramid,PSPNet,resnet34,rgb,21.493293,2.3646092414855957
4130-steel,4130 Steel,Steel,4130 x 20 (14).jpg,0.29091709085185546,0.3848149761037192,0.5578342013888888,dl_pspnet_r34,PSPNet (ResNet34),general,pyramid,PSPNet,resnet34,rgb,21.493293,2.3646092414855957
4130-steel,4130 Steel,Steel,4130 x 20 (15).jpg,0.26839410817802256,0.36511087275409704,0.5147026909722222,dl_pspnet_r34,PSPNet (ResNet34),general,pyramid,PSPNet,resnet34,rgb,21.493293,2.3646092414855957
4130-steel,4130 Steel,Steel,4130 x 20 (16).jpg,0.2508389328745579,0.34844074375639944,0.4818522135416667,dl_pspnet_r34,PSPNet (ResNet34),general,pyramid,PSPNet,resnet34,rgb,21.493293,2.3646092414855957
4130-steel,4130 Steel,Steel,4130 x 20 (17).jpg,0.24970710775801758,0.3464336822193055,0.4810112847222222,dl_pspnet_r34,PSPNet (ResNet34),general,pyramid,PSPNet,resnet34,rgb,21.493293,2.3646092414855957
4130-steel,4130 Steel,Steel,4130 x 20 (18).jpg,0.23398069597594354,0.3333091350597519,0.4481065538194444,dl_pspnet_r34,PSPNet (ResNet34),general,pyramid,PSPNet,resnet34,rgb,21.493293,2.3646092414855957
4130-steel,4130 Steel,Steel,4130 x 20 (19).jpg,0.23763933432249515,0.335796489869576,0.4566243489583333,dl_pspnet_r34,PSPNet (ResNet34),general,pyramid,PSPNet,resnet34,rgb,21.493293,2.3646092414855957
4130-steel,4130 Steel,Steel,4130 x 20 (20).jpg,0.23843299749612643,0.33716866193108963,0.4573025173611111,dl_pspnet_r34,PSPNet (ResNet34),general,pyramid,PSPNet,resnet34,rgb,21.493293,2.3646092414855957
418-17-4ph-x20,418 Printed 17-4 PH Steel,Steel,x20 (1).jpg,0.4025062840541683,0.5279358646748179,0.6715223524305556,dl_pspnet_r34,PSPNet (ResNet34),general,pyramid,PSPNet,resnet34,rgb,21.493293,2.3646092414855957
418-17-4ph-x20,418 Printed 17-4 PH Steel,Steel,x20 (2).jpg,0.4880237006760927,0.6024499104333148,0.7904730902777778,dl_pspnet_r34,PSPNet (ResNet34),general,pyramid,PSPNet,resnet34,rgb,21.493293,2.3646092414855957
418-17-4ph-x20,418 Printed 17-4 PH Steel,Steel,x20 (3).jpg,0.5211077000050005,0.6241485023437647,0.8475206163194444,dl_pspnet_r34,PSPNet (ResNet34),general,pyramid,PSPNet,resnet34,rgb,21.493293,2.3646092414855957
418-17-4ph-x20,418 Printed 17-4 PH Steel,Steel,x20 (4).jpg,0.5314806389357132,0.633608921700352,0.8591037326388888,dl_pspnet_r34,PSPNet (ResNet34),general,pyramid,PSPNet,resnet34,rgb,21.493293,2.3646092414855957
418-17-4ph-x20,418 Printed 17-4 PH Steel,Steel,x20 (5).jpg,0.5068282341672301,0.6089654678399383,0.8357204861111112,dl_pspnet_r34,PSPNet (ResNet34),general,pyramid,PSPNet,resnet34,rgb,21.493293,2.3646092414855957
418-17-4ph-x20,418 Printed 17-4 PH Steel,Steel,x20 (6).jpg,0.4026423950942455,0.5088542493332837,0.7070041232638888,dl_pspnet_r34,PSPNet (ResNet34),general,pyramid,PSPNet,resnet34,rgb,21.493293,2.3646092414855957
418-17-4ph-x20,418 Printed 17-4 PH Steel,Steel,x20 (7).jpg,0.3829499407747906,0.5069488455874442,0.6488715277777778,dl_pspnet_r34,PSPNet (ResNet34),general,pyramid,PSPNet,resnet34,rgb,21.493293,2.3646092414855957
418-17-4ph-x20,418 Printed 17-4 PH Steel,Steel,x20 (8).jpg,0.4928351305965981,0.59115087076077,0.8293185763888888,dl_pspnet_r34,PSPNet (ResNet34),general,pyramid,PSPNet,resnet34,rgb,21.493293,2.3646092414855957
418-17-4ph-x20,418 Printed 17-4 PH Steel,Steel,x20 (9).jpg,0.33716488224243935,0.46053457442569146,0.5854220920138888,dl_pspnet_r34,PSPNet (ResNet34),general,pyramid,PSPNet,resnet34,rgb,21.493293,2.3646092414855957
418-17-4ph-x20,418 Printed 17-4 PH Steel,Steel,x20 (10).jpg,0.4517286771065228,0.5559859450161604,0.7717556423611112,dl_pspnet_r34,PSPNet (ResNet34),general,pyramid,PSPNet,resnet34,rgb,21.493293,2.3646092414855957
418-17-4ph-x20,418 Printed 17-4 PH Steel,Steel,x20 (11).jpg,0.4852566189236111,0.49251799947687946,0.9705132378472222,dl_pspnet_r34,PSPNet (ResNet34),general,pyramid,PSPNet,resnet34,rgb,21.493293,2.3646092414855957
418-17-4ph-x20,418 Printed 17-4 PH Steel,Steel,x20 (12).jpg,0.4870876736111111,0.49345938221391666,0.9741753472222222,dl_pspnet_r34,PSPNet (ResNet34),general,pyramid,PSPNet,resnet34,rgb,21.493293,2.3646092414855957
418-17-4ph-x20,418 Printed 17-4 PH Steel,Steel,x20 (13).jpg,0.4949137369791667,0.4974438673264897,0.9898274739583334,dl_pspnet_r34,PSPNet (ResNet34),general,pyramid,PSPNet,resnet34,rgb,21.493293,2.3646092414855957
418-17-4ph-x20,418 Printed 17-4 PH Steel,Steel,x20 (14).jpg,0.4920518663194444,0.49599409368078534,0.9841037326388888,dl_pspnet_r34,PSPNet (ResNet34),general,pyramid,PSPNet,resnet34,rgb,21.493293,2.3646092414855957
418-17-4ph-x20,418 Printed 17-4 PH Steel,Steel,x20 (15).jpg,0.4913601345486111,0.49564241835520106,0.9827202690972222,dl_pspnet_r34,PSPNet (ResNet34),general,pyramid,PSPNet,resnet34,rgb,21.493293,2.3646092414855957
418-17-4ph-x20,418 Printed 17-4 PH Steel,Steel,x20 (16).jpg,0.4878065321180556,0.4938280080737069,0.9756130642361112,dl_pspnet_r34,PSPNet (ResNet34),general,pyramid,PSPNet,resnet34,rgb,21.493293,2.3646092414855957
418-17-4ph-x20,418 Printed 17-4 PH Steel,Steel,x20 (17).jpg,0.4913330078125,0.4956286171653737,0.982666015625,dl_pspnet_r34,PSPNet (ResNet34),general,pyramid,PSPNet,resnet34,rgb,21.493293,2.3646092414855957
418-17-4ph-x20,418 Printed 17-4 PH Steel,Steel,x20 (18).jpg,0.4891221788194444,0.4945012752653375,0.9782443576388888,dl_pspnet_r34,PSPNet (ResNet34),general,pyramid,PSPNet,resnet34,rgb,21.493293,2.3646092414855957
418-17-4ph-x20,418 Printed 17-4 PH Steel,Steel,x20 (19).jpg,0.4912245008680556,0.49557340485215035,0.9824490017361112,dl_pspnet_r34,PSPNet (ResNet34),general,pyramid,PSPNet,resnet34,rgb,21.493293,2.3646092414855957
418-17-4ph-x20,418 Printed 17-4 PH Steel,Steel,x20 (20).jpg,0.2472466362847222,0.33087688091046047,0.4944932725694444,dl_pspnet_r34,PSPNet (ResNet34),general,pyramid,PSPNet,resnet34,rgb,21.493293,2.3646092414855957
418-17-4ph-x20,418 Printed 17-4 PH Steel,Steel,x20 (21).jpg,0.2800157335069444,0.358987288946078,0.5600314670138888,dl_pspnet_r34,PSPNet (ResNet34),general,pyramid,PSPNet,resnet34,rgb,21.493293,2.3646092414855957
418-17-4ph-x5,418 Printed 17-4 PH Steel,Steel,x5 (1).jpg,0.7795758360776283,0.8621634713373483,0.9775119357638888,dl_pspnet_r34,PSPNet (ResNet34),general,pyramid,PSPNet,resnet34,rgb,21.493293,2.3646092414855957
418-17-4ph-x5,418 Printed 17-4 PH Steel,Steel,x5 (2).jpg,0.8249265096232226,0.8962908403098977,0.9790310329861112,dl_pspnet_r34,PSPNet (ResNet34),general,pyramid,PSPNet,resnet34,rgb,21.493293,2.3646092414855957
418-17-4ph-x5,418 Printed 17-4 PH Steel,Steel,x5 (3).jpg,0.7752772496387155,0.857898432295324,0.9826117621527778,dl_pspnet_r34,PSPNet (ResNet34),general,pyramid,PSPNet,resnet34,rgb,21.493293,2.3646092414855957
418-17-4ph-x5,418 Printed 17-4 PH Steel,Steel,x5 (4).jpg,0.709045021247161,0.8043319035082988,0.9596896701388888,dl_pspnet_r34,PSPNet (ResNet34),general,pyramid,PSPNet,resnet34,rgb,21.493293,2.3646092414855957
418-17-4ph-x5,418 Printed 17-4 PH Steel,Steel,x5 (5).jpg,0.8714074742035268,0.9284578906929178,0.9708116319444444,dl_pspnet_r34,PSPNet (ResNet34),general,pyramid,PSPNet,resnet34,rgb,21.493293,2.3646092414855957
418-17-4ph-x5,418 Printed 17-4 PH Steel,Steel,x5 (6).jpg,0.7914868253911407,0.8727769572452033,0.96875,dl_pspnet_r34,PSPNet (ResNet34),general,pyramid,PSPNet,resnet34,rgb,21.493293,2.3646092414855957
418-17-4ph-x5,418 Printed 17-4 PH Steel,Steel,x5 (7).jpg,0.796643635680086,0.8750311951352344,0.9810926649305556,dl_pspnet_r34,PSPNet (ResNet34),general,pyramid,PSPNet,resnet34,rgb,21.493293,2.3646092414855957
418-17-4ph-x5,418 Printed 17-4 PH Steel,Steel,x5 (8).jpg,0.7776140906783844,0.8597429081872461,0.9829372829861112,dl_pspnet_r34,PSPNet (ResNet34),general,pyramid,PSPNet,resnet34,rgb,21.493293,2.3646092414855957
418-17-4ph-x5,418 Printed 17-4 PH Steel,Steel,x5 (9).jpg,0.800591250345605,0.8778464067014818,0.9826388888888888,dl_pspnet_r34,PSPNet (ResNet34),general,pyramid,PSPNet,resnet34,rgb,21.493293,2.3646092414855957
418-17-4ph-x5,418 Printed 17-4 PH Steel,Steel,x5 (10).jpg,0.811873403608255,0.8861326420922196,0.9843207465277778,dl_pspnet_r34,PSPNet (ResNet34),general,pyramid,PSPNet,resnet34,rgb,21.493293,2.3646092414855957
418-17-4ph-x5,418 Printed 17-4 PH Steel,Steel,x5 (11).jpg,0.7581471658913719,0.8449405339808906,0.9752875434027778,dl_pspnet_r34,PSPNet (ResNet34),general,pyramid,PSPNet,resnet34,rgb,21.493293,2.3646092414855957
418-17-4ph-x5,418 Printed 17-4 PH Steel,Steel,x5 (12).jpg,0.7681970297282805,0.852895770826999,0.9777289496527778,dl_pspnet_r34,PSPNet (ResNet34),general,pyramid,PSPNet,resnet34,rgb,21.493293,2.3646092414855957
418-17-4ph-x5,418 Printed 17-4 PH Steel,Steel,x5 (13).jpg,0.7707780241568212,0.8540338203553766,0.9837239583333334,dl_pspnet_r34,PSPNet (ResNet34),general,pyramid,PSPNet,resnet34,rgb,21.493293,2.3646092414855957
418-17-4ph-x5,418 Printed 17-4 PH Steel,Steel,x5 (14).jpg,0.8214435665483415,0.8931156058637966,0.9848090277777778,dl_pspnet_r34,PSPNet (ResNet34),general,pyramid,PSPNet,resnet34,rgb,21.493293,2.3646092414855957
418-17-4ph-x5,418 Printed 17-4 PH Steel,Steel,x5 (15).jpg,0.908531255162647,0.9505128415006077,0.9836154513888888,dl_pspnet_r34,PSPNet (ResNet34),general,pyramid,PSPNet,resnet34,rgb,21.493293,2.3646092414855957
418-17-4ph-x5,418 Printed 17-4 PH Steel,Steel,x5 (16).jpg,0.781607639123189,0.8668857643135699,0.95654296875,dl_pspnet_r34,PSPNet (ResNet34),general,pyramid,PSPNet,resnet34,rgb,21.493293,2.3646092414855957
418-17-4ph-x5,418 Printed 17-4 PH Steel,Steel,x5 (17).jpg,0.8857276150091421,0.9372570632551477,0.9735785590277778,dl_pspnet_r34,PSPNet (ResNet34),general,pyramid,PSPNet,resnet34,rgb,21.493293,2.3646092414855957
418-17-4ph-x5,418 Printed 17-4 PH Steel,Steel,x5 (18).jpg,0.7599147566369402,0.846106597725554,0.9771321614583334,dl_pspnet_r34,PSPNet (ResNet34),general,pyramid,PSPNet,resnet34,rgb,21.493293,2.3646092414855957
418-17-4ph-x5,418 Printed 17-4 PH Steel,Steel,x5 (19).jpg,0.7919439386316103,0.8713738770300226,0.9812282986111112,dl_pspnet_r34,PSPNet (ResNet34),general,pyramid,PSPNet,resnet34,rgb,21.493293,2.3646092414855957
418-17-4ph-x5,418 Printed 17-4 PH Steel,Steel,x5 (20).jpg,0.7859171183069991,0.8667614546026385,0.9804416232638888,dl_pspnet_r34,PSPNet (ResNet34),general,pyramid,PSPNet,resnet34,rgb,21.493293,2.3646092414855957
418-17-4ph-x5,418 Printed 17-4 PH Steel,Steel,x5 (21).jpg,0.7600570329699883,0.8455645980225881,0.9809299045138888,dl_pspnet_r34,PSPNet (ResNet34),general,pyramid,PSPNet,resnet34,rgb,21.493293,2.3646092414855957
418-17-4ph-x5,418 Printed 17-4 PH Steel,Steel,x5 (22).jpg,0.754615198771043,0.8419562915182439,0.9752604166666666,dl_pspnet_r34,PSPNet (ResNet34),general,pyramid,PSPNet,resnet34,rgb,21.493293,2.3646092414855957
418-17-4ph-x5,418 Printed 17-4 PH Steel,Steel,x5 (23).jpg,0.7795643330571121,0.8617159601623128,0.9803602430555556,dl_pspnet_r34,PSPNet (ResNet34),general,pyramid,PSPNet,resnet34,rgb,21.493293,2.3646092414855957
418-17-4ph-x5,418 Printed 17-4 PH Steel,Steel,x5 (24).jpg,0.802380561443911,0.8792420740096019,0.9823947482638888,dl_pspnet_r34,PSPNet (ResNet34),general,pyramid,PSPNet,resnet34,rgb,21.493293,2.3646092414855957
418-17-4ph-x5,418 Printed 17-4 PH Steel,Steel,x5 (25).jpg,0.7683087169779765,0.8527905744615658,0.9789225260416666,dl_pspnet_r34,PSPNet (ResNet34),general,pyramid,PSPNet,resnet34,rgb,21.493293,2.3646092414855957
5884-armor-steel,5884 Armor Steel,Steel,5884 x 5 (1).jpg,0.3410387919679017,0.49617805745108345,0.5333116319444444,dl_pspnet_r34,PSPNet (ResNet34),general,pyramid,PSPNet,resnet34,rgb,21.493293,2.3646092414855957
5884-armor-steel,5884 Armor Steel,Steel,5884 x 5 (2).jpg,0.32276645274939186,0.46352901128603435,0.5336642795138888,dl_pspnet_r34,PSPNet (ResNet34),general,pyramid,PSPNet,resnet34,rgb,21.493293,2.3646092414855957
5884-armor-steel,5884 Armor Steel,Steel,5884 x 5 (3).jpg,0.2658315018390798,0.38742954166600563,0.4731987847222222,dl_pspnet_r34,PSPNet (ResNet34),general,pyramid,PSPNet,resnet34,rgb,21.493293,2.3646092414855957
5884-armor-steel,5884 Armor Steel,Steel,5884 x 5 (4).jpg,0.24924386022723122,0.3337893827778626,0.4969618055555556,dl_pspnet_r34,PSPNet (ResNet34),general,pyramid,PSPNet,resnet34,rgb,21.493293,2.3646092414855957
5884-armor-steel,5884 Armor Steel,Steel,5884 x 5 (5).jpg,0.41340437767301597,0.5849495922203032,0.5850423177083334,dl_pspnet_r34,PSPNet (ResNet34),general,pyramid,PSPNet,resnet34,rgb,21.493293,2.3646092414855957
5884-armor-steel,5884 Armor Steel,Steel,5884 x 10 (1).jpg,0.3015933031863285,0.4378738011444522,0.5088704427083334,dl_pspnet_r34,PSPNet (ResNet34),general,pyramid,PSPNet,resnet34,rgb,21.493293,2.3646092414855957
5884-armor-steel,5884 Armor Steel,Steel,5884 x 10 (2).jpg,0.31273018913468353,0.44149241037587594,0.5390625,dl_pspnet_r34,PSPNet (ResNet34),general,pyramid,PSPNet,resnet34,rgb,21.493293,2.3646092414855957
5884-armor-steel,5884 Armor Steel,Steel,5884 x 10 (3).jpg,0.3474472585394957,0.4354703835482929,0.6578504774305556,dl_pspnet_r34,PSPNet (ResNet34),general,pyramid,PSPNet,resnet34,rgb,21.493293,2.3646092414855957
5884-armor-steel,5884 Armor Steel,Steel,5884 x 10 (4).jpg,0.3557611018831924,0.4755426557479009,0.6187608506944444,dl_pspnet_r34,PSPNet (ResNet34),general,pyramid,PSPNet,resnet34,rgb,21.493293,2.3646092414855957
5884-armor-steel,5884 Armor Steel,Steel,5884 x 10 (5).jpg,0.3309433362076442,0.4294148404325215,0.6162923177083334,dl_pspnet_r34,PSPNet (ResNet34),general,pyramid,PSPNet,resnet34,rgb,21.493293,2.3646092414855957
5884-armor-steel,5884 Armor Steel,Steel,5884 x 10 (6).jpg,0.36346059823134486,0.47452799425567277,0.6446940104166666,dl_pspnet_r34,PSPNet (ResNet34),general,pyramid,PSPNet,resnet34,rgb,21.493293,2.3646092414855957
5884-armor-steel,5884 Armor Steel,Steel,5884 x 20 (1).jpg,0.5618632589915407,0.7014319326277438,0.7799207899305556,dl_pspnet_r34,PSPNet (ResNet34),general,pyramid,PSPNet,resnet34,rgb,21.493293,2.3646092414855957
5884-armor-steel,5884 Armor Steel,Steel,5884 x 20 (2).jpg,0.5119674762451063,0.6635771978787138,0.7177734375,dl_pspnet_r34,PSPNet (ResNet34),general,pyramid,PSPNet,resnet34,rgb,21.493293,2.3646092414855957
5884-armor-steel,5884 Armor Steel,Steel,5884 x 20 (3).jpg,0.6463976834312022,0.7837105522602081,0.792236328125,dl_pspnet_r34,PSPNet (ResNet34),general,pyramid,PSPNet,resnet34,rgb,21.493293,2.3646092414855957
5884-armor-steel,5884 Armor Steel,Steel,5884 x 20 (4).jpg,0.4757248949738342,0.6399031399863941,0.6581488715277778,dl_pspnet_r34,PSPNet (ResNet34),general,pyramid,PSPNet,resnet34,rgb,21.493293,2.3646092414855957
5884-armor-steel,5884 Armor Steel,Steel,5884 x 20 (5).jpg,0.5958763317058429,0.7438020123413052,0.7583550347222222,dl_pspnet_r34,PSPNet (ResNet34),general,pyramid,PSPNet,resnet34,rgb,21.493293,2.3646092414855957
5884-armor-steel,5884 Armor Steel,Steel,5884 x 20 (6).jpg,0.5307032908914054,0.6844920756779959,0.7216796875,dl_pspnet_r34,PSPNet (ResNet34),general,pyramid,PSPNet,resnet34,rgb,21.493293,2.3646092414855957
5884-armor-steel,5884 Armor Steel,Steel,5884 x 50 (1).jpg,0.30309102074091326,0.40154484030481213,0.571533203125,dl_pspnet_r34,PSPNet (ResNet34),general,pyramid,PSPNet,resnet34,rgb,21.493293,2.3646092414855957
5884-armor-steel,5884 Armor Steel,Steel,5884 x 50 (2).jpg,0.5032132415642312,0.6410351005194956,0.7488606770833334,dl_pspnet_r34,PSPNet (ResNet34),general,pyramid,PSPNet,resnet34,rgb,21.493293,2.3646092414855957
5884-armor-steel,5884 Armor Steel,Steel,5884 x 50 (3).jpg,0.5809638500657233,0.7341568125158604,0.7379286024305556,dl_pspnet_r34,PSPNet (ResNet34),general,pyramid,PSPNet,resnet34,rgb,21.493293,2.3646092414855957
5884-armor-steel,5884 Armor Steel,Steel,5884 x 50 (4).jpg,0.5996211833494689,0.7474575649626393,0.7585991753472222,dl_pspnet_r34,PSPNet (ResNet34),general,pyramid,PSPNet,resnet34,rgb,21.493293,2.3646092414855957
6280-cast-iron-high,6280 Gray Cast Iron,Cast Iron,6280 x 20 (1).jpg,0.4191879372030642,0.4676329817342297,0.8219943576388888,dl_pspnet_r34,PSPNet (ResNet34),general,pyramid,PSPNet,resnet34,rgb,21.493293,2.3646092414855957
6280-cast-iron-high,6280 Gray Cast Iron,Cast Iron,6280 x 20 (2).jpg,0.4211482686606441,0.46931264012704665,0.8251681857638888,dl_pspnet_r34,PSPNet (ResNet34),general,pyramid,PSPNet,resnet34,rgb,21.493293,2.3646092414855957
6280-cast-iron-high,6280 Gray Cast Iron,Cast Iron,6280 x 20 (3).jpg,0.4160146696559913,0.4668281842008575,0.8140733506944444,dl_pspnet_r34,PSPNet (ResNet34),general,pyramid,PSPNet,resnet34,rgb,21.493293,2.3646092414855957
6280-cast-iron-high,6280 Gray Cast Iron,Cast Iron,6280 x 20 (4).jpg,0.42162656603259835,0.4685481089522742,0.82763671875,dl_pspnet_r34,PSPNet (ResNet34),general,pyramid,PSPNet,resnet34,rgb,21.493293,2.3646092414855957
6280-cast-iron-high,6280 Gray Cast Iron,Cast Iron,6280 x 20 (5).jpg,0.4264917387319274,0.4721200151371136,0.8363444010416666,dl_pspnet_r34,PSPNet (ResNet34),general,pyramid,PSPNet,resnet34,rgb,21.493293,2.3646092414855957
6280-cast-iron-high,6280 Gray Cast Iron,Cast Iron,6280 x 20 (6).jpg,0.4218612382395776,0.46918171335895636,0.827392578125,dl_pspnet_r34,PSPNet (ResNet34),general,pyramid,PSPNet,resnet34,rgb,21.493293,2.3646092414855957
6280-cast-iron-high,6280 Gray Cast Iron,Cast Iron,6280 x 20 (7).jpg,0.44443840812487473,0.4905497756032744,0.8604058159722222,dl_pspnet_r34,PSPNet (ResNet34),general,pyramid,PSPNet,resnet34,rgb,21.493293,2.3646092414855957
6280-cast-iron-high,6280 Gray Cast Iron,Cast Iron,6280 x 20 (8).jpg,0.4177241407451524,0.4640259837911364,0.822998046875,dl_pspnet_r34,PSPNet (ResNet34),general,pyramid,PSPNet,resnet34,rgb,21.493293,2.3646092414855957
6280-cast-iron-high,6280 Gray Cast Iron,Cast Iron,6280 x 20 (9).jpg,0.43133431145403867,0.4787540853995002,0.8404947916666666,dl_pspnet_r34,PSPNet (ResNet34),general,pyramid,PSPNet,resnet34,rgb,21.493293,2.3646092414855957
6280-cast-iron-high,6280 Gray Cast Iron,Cast Iron,6280 x 20 (10).jpg,0.43978881588773966,0.4906693572149019,0.8469780815972222,dl_pspnet_r34,PSPNet (ResNet34),general,pyramid,PSPNet,resnet34,rgb,21.493293,2.3646092414855957
6280-cast-iron-low,6280 Gray Cast Iron,Cast Iron,6280 x 10 (1).jpg,0.2679581664468383,0.38093989284007773,0.4820421006944444,dl_pspnet_r34,PSPNet (ResNet34),general,pyramid,PSPNet,resnet34,rgb,21.493293,2.3646092414855957
6280-cast-iron-low,6280 Gray Cast Iron,Cast Iron,6280 x 10 (2).jpg,0.2699904943225427,0.38643301139195874,0.4824761284722222,dl_pspnet_r34,PSPNet (ResNet34),general,pyramid,PSPNet,resnet34,rgb,21.493293,2.3646092414855957
6280-cast-iron-low,6280 Gray Cast Iron,Cast Iron,6280 x 10 (3).jpg,0.2777627006370714,0.3906069494971536,0.5176323784722222,dl_pspnet_r34,PSPNet (ResNet34),general,pyramid,PSPNet,resnet34,rgb,21.493293,2.3646092414855957
6280-cast-iron-low,6280 Gray Cast Iron,Cast Iron,6280 x 10 (4).jpg,0.27670649485760634,0.3907877331247211,0.482177734375,dl_pspnet_r34,PSPNet (ResNet34),general,pyramid,PSPNet,resnet34,rgb,21.493293,2.3646092414855957
6280-cast-iron-low,6280 Gray Cast Iron,Cast Iron,6280 x 10 (5).jpg,0.24010454745161838,0.35125976640748485,0.4628363715277778,dl_pspnet_r34,PSPNet (ResNet34),general,pyramid,PSPNet,resnet34,rgb,21.493293,2.3646092414855957
6280-cast-iron-low,6280 Gray Cast Iron,Cast Iron,6280 x 10 (6).jpg,0.26290842345690774,0.3763947460786555,0.4754231770833333,dl_pspnet_r34,PSPNet (ResNet34),general,pyramid,PSPNet,resnet34,rgb,21.493293,2.3646092414855957
6280-cast-iron-low,6280 Gray Cast Iron,Cast Iron,6280 x 10 (7).jpg,0.2690000939288816,0.3857934293729203,0.4609646267361111,dl_pspnet_r34,PSPNet (ResNet34),general,pyramid,PSPNet,resnet34,rgb,21.493293,2.3646092414855957
6280-cast-iron-low,6280 Gray Cast Iron,Cast Iron,6280 x 10 (8).jpg,0.262242576751537,0.37535595736843047,0.482666015625,dl_pspnet_r34,PSPNet (ResNet34),general,pyramid,PSPNet,resnet34,rgb,21.493293,2.3646092414855957
6280-cast-iron-low,6280 Gray Cast Iron,Cast Iron,6280 x 10 (9).jpg,0.2796449952905086,0.40152266220951144,0.4693739149305556,dl_pspnet_r34,PSPNet (ResNet34),general,pyramid,PSPNet,resnet34,rgb,21.493293,2.3646092414855957
6280-cast-iron-low,6280 Gray Cast Iron,Cast Iron,6280 x 10 (10).jpg,0.22479293082174,0.33464835312908975,0.4169108072916667,dl_pspnet_r34,PSPNet (ResNet34),general,pyramid,PSPNet,resnet34,rgb,21.493293,2.3646092414855957
6280-cast-iron-low,6280 Gray Cast Iron,Cast Iron,6280 x 10 (11).jpg,0.21691771202514776,0.325559098909245,0.4129503038194444,dl_pspnet_r34,PSPNet (ResNet34),general,pyramid,PSPNet,resnet34,rgb,21.493293,2.3646092414855957
4130-steel,4130 Steel,Steel,4130 x 10 (1).jpg,0.4233817691727131,0.5817952808374477,0.626220703125,dl_linknet_r34,LinkNet (ResNet34),general,lightweight,Linknet,resnet34,rgb,21.772333,4.402121067047119
4130-steel,4130 Steel,Steel,4130 x 10 (2).jpg,0.3119606839070121,0.4474477316328124,0.5264485677083334,dl_linknet_r34,LinkNet (ResNet34),general,lightweight,Linknet,resnet34,rgb,21.772333,4.402121067047119
4130-steel,4130 Steel,Steel,4130 x 10 (3).jpg,0.388428708990746,0.5481259225531703,0.5847439236111112,dl_linknet_r34,LinkNet (ResNet34),general,lightweight,Linknet,resnet34,rgb,21.772333,4.402121067047119
4130-steel,4130 Steel,Steel,4130 x 10 (4).jpg,0.3977072266853525,0.5619042645440105,0.5854763454861112,dl_linknet_r34,LinkNet (ResNet34),general,lightweight,Linknet,resnet34,rgb,21.772333,4.402121067047119
4130-steel,4130 Steel,Steel,4130 x 10 (5).jpg,0.2689179783506147,0.40161509139551144,0.4610188802083333,dl_linknet_r34,LinkNet (ResNet34),general,lightweight,Linknet,resnet34,rgb,21.772333,4.402121067047119
4130-steel,4130 Steel,Steel,4130 x 10 (6).jpg,0.30980357553505244,0.4524311865513853,0.5107150607638888,dl_linknet_r34,LinkNet (ResNet34),general,lightweight,Linknet,resnet34,rgb,21.772333,4.402121067047119
4130-steel,4130 Steel,Steel,4130 x 10 (7).jpg,0.3484187106023531,0.5005728582234235,0.5492350260416666,dl_linknet_r34,LinkNet (ResNet34),general,lightweight,Linknet,resnet34,rgb,21.772333,4.402121067047119
4130-steel,4130 Steel,Steel,4130 x 10 (8).jpg,0.3358586881369491,0.47494094424907657,0.5559624565972222,dl_linknet_r34,LinkNet (ResNet34),general,lightweight,Linknet,resnet34,rgb,21.772333,4.402121067047119
4130-steel,4130 Steel,Steel,4130 x 10 (9).jpg,0.3213708905100304,0.4633070132748438,0.5294867621527778,dl_linknet_r34,LinkNet (ResNet34),general,lightweight,Linknet,resnet34,rgb,21.772333,4.402121067047119
4130-steel,4130 Steel,Steel,4130 x 10 (10).jpg,0.34236030486726243,0.4809533184520672,0.5662163628472222,dl_linknet_r34,LinkNet (ResNet34),general,lightweight,Linknet,resnet34,rgb,21.772333,4.402121067047119
4130-steel,4130 Steel,Steel,4130 x 10 (11).jpg,0.3461851960603513,0.4785757055537311,0.5828721788194444,dl_linknet_r34,LinkNet (ResNet34),general,lightweight,Linknet,resnet34,rgb,21.772333,4.402121067047119
4130-steel,4130 Steel,Steel,4130 x 10 (12).jpg,0.33340491523829213,0.4614381341602807,0.5718315972222222,dl_linknet_r34,LinkNet (ResNet34),general,lightweight,Linknet,resnet34,rgb,21.772333,4.402121067047119
4130-steel,4130 Steel,Steel,4130 x 10 (13).jpg,0.327708662512051,0.4567564146701001,0.5615505642361112,dl_linknet_r34,LinkNet (ResNet34),general,lightweight,Linknet,resnet34,rgb,21.772333,4.402121067047119
4130-steel,4130 Steel,Steel,4130 x 10 (14).jpg,0.35985912124775077,0.48999073586818864,0.6062554253472222,dl_linknet_r34,LinkNet (ResNet34),general,lightweight,Linknet,resnet34,rgb,21.772333,4.402121067047119
4130-steel,4130 Steel,Steel,4130 x 10 (15).jpg,0.34938794180310856,0.48408919323999466,0.5832790798611112,dl_linknet_r34,LinkNet (ResNet34),general,lightweight,Linknet,resnet34,rgb,21.772333,4.402121067047119
4130-steel,4130 Steel,Steel,4130 x 10 (16).jpg,0.32248968411924606,0.4569043027680323,0.5444064670138888,dl_linknet_r34,LinkNet (ResNet34),general,lightweight,Linknet,resnet34,rgb,21.772333,4.402121067047119
4130-steel,4130 Steel,Steel,4130 x 10 (17).jpg,0.35614928497410425,0.4845059185069462,0.604248046875,dl_linknet_r34,LinkNet (ResNet34),general,lightweight,Linknet,resnet34,rgb,21.772333,4.402121067047119
4130-steel,4130 Steel,Steel,4130 x 10 (18).jpg,0.32988209948512903,0.4588267401016277,0.5649956597222222,dl_linknet_r34,LinkNet (ResNet34),general,lightweight,Linknet,resnet34,rgb,21.772333,4.402121067047119
4130-steel,4130 Steel,Steel,4130 x 10 (19).jpg,0.3132591268646906,0.44719609970037555,0.5311143663194444,dl_linknet_r34,LinkNet (ResNet34),general,lightweight,Linknet,resnet34,rgb,21.772333,4.402121067047119
4130-steel,4130 Steel,Steel,4130 x 10 (20).jpg,0.2886544420162982,0.4209088928008236,0.4947645399305556,dl_linknet_r34,LinkNet (ResNet34),general,lightweight,Linknet,resnet34,rgb,21.772333,4.402121067047119
4130-steel,4130 Steel,Steel,4130 x 20 (1).jpg,0.424470628825831,0.5957593797191774,0.5964898003472222,dl_linknet_r34,LinkNet (ResNet34),general,lightweight,Linknet,resnet34,rgb,21.772333,4.402121067047119
4130-steel,4130 Steel,Steel,4130 x 20 (2).jpg,0.4095882212959169,0.5811386833019101,0.5811631944444444,dl_linknet_r34,LinkNet (ResNet34),general,lightweight,Linknet,resnet34,rgb,21.772333,4.402121067047119
4130-steel,4130 Steel,Steel,4130 x 20 (3).jpg,0.4181976391533563,0.5897246834522107,0.58984375,dl_linknet_r34,LinkNet (ResNet34),general,lightweight,Linknet,resnet34,rgb,21.772333,4.402121067047119
4130-steel,4130 Steel,Steel,4130 x 20 (4).jpg,0.3767008178257487,0.5454869504016374,0.5511338975694444,dl_linknet_r34,LinkNet (ResNet34),general,lightweight,Linknet,resnet34,rgb,21.772333,4.402121067047119
4130-steel,4130 Steel,Steel,4130 x 20 (5).jpg,0.32633165447490897,0.4634229450182368,0.5454915364583334,dl_linknet_r34,LinkNet (ResNet34),general,lightweight,Linknet,resnet34,rgb,21.772333,4.402121067047119
4130-steel,4130 Steel,Steel,4130 x 20 (6).jpg,0.36317920752423505,0.5104191913508106,0.5786404079861112,dl_linknet_r34,LinkNet (ResNet34),general,lightweight,Linknet,resnet34,rgb,21.772333,4.402121067047119
4130-steel,4130 Steel,Steel,4130 x 20 (7).jpg,0.3760681698492745,0.5240712511780972,0.5938856336805556,dl_linknet_r34,LinkNet (ResNet34),general,lightweight,Linknet,resnet34,rgb,21.772333,4.402121067047119
4130-steel,4130 Steel,Steel,4130 x 20 (8).jpg,0.35279231803440153,0.4983386307714962,0.5678982204861112,dl_linknet_r34,LinkNet (ResNet34),general,lightweight,Linknet,resnet34,rgb,21.772333,4.402121067047119
4130-steel,4130 Steel,Steel,4130 x 20 (9).jpg,0.3415471567804672,0.4811999299574353,0.5631239149305556,dl_linknet_r34,LinkNet (ResNet34),general,lightweight,Linknet,resnet34,rgb,21.772333,4.402121067047119
4130-steel,4130 Steel,Steel,4130 x 20 (10).jpg,0.3979926945345469,0.5467353618976545,0.6193305121527778,dl_linknet_r34,LinkNet (ResNet34),general,lightweight,Linknet,resnet34,rgb,21.772333,4.402121067047119
4130-steel,4130 Steel,Steel,4130 x 20 (11).jpg,0.38968608514330355,0.5300969138085413,0.626220703125,dl_linknet_r34,LinkNet (ResNet34),general,lightweight,Linknet,resnet34,rgb,21.772333,4.402121067047119
4130-steel,4130 Steel,Steel,4130 x 20 (12).jpg,0.3796807512761186,0.5208249573592503,0.6120876736111112,dl_linknet_r34,LinkNet (ResNet34),general,lightweight,Linknet,resnet34,rgb,21.772333,4.402121067047119
4130-steel,4130 Steel,Steel,4130 x 20 (13).jpg,0.41319316678126156,0.5592864099179163,0.642578125,dl_linknet_r34,LinkNet (ResNet34),general,lightweight,Linknet,resnet34,rgb,21.772333,4.402121067047119
4130-steel,4130 Steel,Steel,4130 x 20 (14).jpg,0.4082746777687816,0.5530338432011197,0.6397569444444444,dl_linknet_r34,LinkNet (ResNet34),general,lightweight,Linknet,resnet34,rgb,21.772333,4.402121067047119
4130-steel,4130 Steel,Steel,4130 x 20 (15).jpg,0.3748050904247111,0.5209615940048856,0.595947265625,dl_linknet_r34,LinkNet (ResNet34),general,lightweight,Linknet,resnet34,rgb,21.772333,4.402121067047119
4130-steel,4130 Steel,Steel,4130 x 20 (16).jpg,0.3207813291540941,0.456875019491294,0.5388997395833334,dl_linknet_r34,LinkNet (ResNet34),general,lightweight,Linknet,resnet34,rgb,21.772333,4.402121067047119
4130-steel,4130 Steel,Steel,4130 x 20 (17).jpg,0.32676038553192444,0.46504093385769657,0.5440266927083334,dl_linknet_r34,LinkNet (ResNet34),general,lightweight,Linknet,resnet34,rgb,21.772333,4.402121067047119
4130-steel,4130 Steel,Steel,4130 x 20 (18).jpg,0.35376170570914683,0.5078208955223881,0.552734375,dl_linknet_r34,LinkNet (ResNet34),general,lightweight,Linknet,resnet34,rgb,21.772333,4.402121067047119
4130-steel,4130 Steel,Steel,4130 x 20 (19).jpg,0.33416919928862665,0.48086735371217626,0.5396050347222222,dl_linknet_r34,LinkNet (ResNet34),general,lightweight,Linknet,resnet34,rgb,21.772333,4.402121067047119
4130-steel,4130 Steel,Steel,4130 x 20 (20).jpg,0.3356697155410526,0.4827079326697985,0.5411241319444444,dl_linknet_r34,LinkNet (ResNet34),general,lightweight,Linknet,resnet34,rgb,21.772333,4.402121067047119
418-17-4ph-x20,418 Printed 17-4 PH Steel,Steel,x20 (1).jpg,0.35587658152604096,0.5248798101782192,0.5250651041666666,dl_linknet_r34,LinkNet (ResNet34),general,lightweight,Linknet,resnet34,rgb,21.772333,4.402121067047119
418-17-4ph-x20,418 Printed 17-4 PH Steel,Steel,x20 (2).jpg,0.296026690905614,0.45157453223528654,0.4663899739583333,dl_linknet_r34,LinkNet (ResNet34),general,lightweight,Linknet,resnet34,rgb,21.772333,4.402121067047119
418-17-4ph-x20,418 Printed 17-4 PH Steel,Steel,x20 (3).jpg,0.2860531335757953,0.43331129137681157,0.4652235243055556,dl_linknet_r34,LinkNet (ResNet34),general,lightweight,Linknet,resnet34,rgb,21.772333,4.402121067047119
418-17-4ph-x20,418 Printed 17-4 PH Steel,Steel,x20 (4).jpg,0.28354711474336336,0.4279954817784456,0.4659830729166667,dl_linknet_r34,LinkNet (ResNet34),general,lightweight,Linknet,resnet34,rgb,21.772333,4.402121067047119
418-17-4ph-x20,418 Printed 17-4 PH Steel,Steel,x20 (5).jpg,0.28015374804778476,0.42615150122564294,0.4577907986111111,dl_linknet_r34,LinkNet (ResNet34),general,lightweight,Linknet,resnet34,rgb,21.772333,4.402121067047119
418-17-4ph-x20,418 Printed 17-4 PH Steel,Steel,x20 (6).jpg,0.45335772315648826,0.6226333219866353,0.6271701388888888,dl_linknet_r34,LinkNet (ResNet34),general,lightweight,Linknet,resnet34,rgb,21.772333,4.402121067047119
418-17-4ph-x20,418 Printed 17-4 PH Steel,Steel,x20 (7).jpg,0.35383683761601226,0.5227099010749789,0.5227322048611112,dl_linknet_r34,LinkNet (ResNet34),general,lightweight,Linknet,resnet34,rgb,21.772333,4.402121067047119
418-17-4ph-x20,418 Printed 17-4 PH Steel,Steel,x20 (8).jpg,0.29728443014950584,0.45108790495501794,0.4714898003472222,dl_linknet_r34,LinkNet (ResNet34),general,lightweight,Linknet,resnet34,rgb,21.772333,4.402121067047119
418-17-4ph-x20,418 Printed 17-4 PH Steel,Steel,x20 (9).jpg,0.49685017842954393,0.6635832277884022,0.6646864149305556,dl_linknet_r34,LinkNet (ResNet34),general,lightweight,Linknet,resnet34,rgb,21.772333,4.402121067047119
418-17-4ph-x20,418 Printed 17-4 PH Steel,Steel,x20 (10).jpg,0.3448767188115818,0.5099986684562049,0.5187445746527778,dl_linknet_r34,LinkNet (ResNet34),general,lightweight,Linknet,resnet34,rgb,21.772333,4.402121067047119
418-17-4ph-x20,418 Printed 17-4 PH Steel,Steel,x20 (11).jpg,0.4840896470133758,0.4965859027469924,0.9618326822916666,dl_linknet_r34,LinkNet (ResNet34),general,lightweight,Linknet,resnet34,rgb,21.772333,4.402121067047119
418-17-4ph-x20,418 Printed 17-4 PH Steel,Steel,x20 (12).jpg,0.486550328355554,0.4984219440399483,0.9659830729166666,dl_linknet_r34,LinkNet (ResNet34),general,lightweight,Linknet,resnet34,rgb,21.772333,4.402121067047119
418-17-4ph-x20,418 Printed 17-4 PH Steel,Steel,x20 (13).jpg,0.48891116856146893,0.4974344635415818,0.9737141927083334,dl_linknet_r34,LinkNet (ResNet34),general,lightweight,Linknet,resnet34,rgb,21.772333,4.402121067047119
418-17-4ph-x20,418 Printed 17-4 PH Steel,Steel,x20 (14).jpg,0.49048732703651005,0.4992628620785468,0.9754774305555556,dl_linknet_r34,LinkNet (ResNet34),general,lightweight,Linknet,resnet34,rgb,21.772333,4.402121067047119
418-17-4ph-x20,418 Printed 17-4 PH Steel,Steel,x20 (15).jpg,0.48984513970046417,0.49876771647724755,0.9744194878472222,dl_linknet_r34,LinkNet (ResNet34),general,lightweight,Linknet,resnet34,rgb,21.772333,4.402121067047119
418-17-4ph-x20,418 Printed 17-4 PH Steel,Steel,x20 (16).jpg,0.4911770959127697,0.5075082960924814,0.9659288194444444,dl_linknet_r34,LinkNet (ResNet34),general,lightweight,Linknet,resnet34,rgb,21.772333,4.402121067047119
418-17-4ph-x20,418 Printed 17-4 PH Steel,Steel,x20 (17).jpg,0.4919520484189254,0.5029023746701847,0.9744466145833334,dl_linknet_r34,LinkNet (ResNet34),general,lightweight,Linknet,resnet34,rgb,21.772333,4.402121067047119
418-17-4ph-x20,418 Printed 17-4 PH Steel,Steel,x20 (18).jpg,0.4869204912004941,0.4966348670755866,0.9694281684027778,dl_linknet_r34,LinkNet (ResNet34),general,lightweight,Linknet,resnet34,rgb,21.772333,4.402121067047119
418-17-4ph-x20,418 Printed 17-4 PH Steel,Steel,x20 (19).jpg,0.4889544448939732,0.4980983812666981,0.9729275173611112,dl_linknet_r34,LinkNet (ResNet34),general,lightweight,Linknet,resnet34,rgb,21.772333,4.402121067047119
418-17-4ph-x20,418 Printed 17-4 PH Steel,Steel,x20 (20).jpg,0.33552082001956895,0.5023971056055814,0.5025770399305556,dl_linknet_r34,LinkNet (ResNet34),general,lightweight,Linknet,resnet34,rgb,21.772333,4.402121067047119
418-17-4ph-x20,418 Printed 17-4 PH Steel,Steel,x20 (21).jpg,0.33178815227319475,0.4980941483426522,0.4985894097222222,dl_linknet_r34,LinkNet (ResNet34),general,lightweight,Linknet,resnet34,rgb,21.772333,4.402121067047119
418-17-4ph-x5,418 Printed 17-4 PH Steel,Steel,x5 (1).jpg,0.7582089537927172,0.8452244690944718,0.9739583333333334,dl_linknet_r34,LinkNet (ResNet34),general,lightweight,Linknet,resnet34,rgb,21.772333,4.402121067047119
418-17-4ph-x5,418 Printed 17-4 PH Steel,Steel,x5 (2).jpg,0.8035206791906302,0.8810518524663895,0.9751790364583334,dl_linknet_r34,LinkNet (ResNet34),general,lightweight,Linknet,resnet34,rgb,21.772333,4.402121067047119
418-17-4ph-x5,418 Printed 17-4 PH Steel,Steel,x5 (3).jpg,0.7701381195848794,0.8538815901406864,0.9814453125,dl_linknet_r34,LinkNet (ResNet34),general,lightweight,Linknet,resnet34,rgb,21.772333,4.402121067047119
418-17-4ph-x5,418 Printed 17-4 PH Steel,Steel,x5 (4).jpg,0.7665133009409587,0.8525801707067949,0.9712456597222222,dl_linknet_r34,LinkNet (ResNet34),general,lightweight,Linknet,resnet34,rgb,21.772333,4.402121067047119
418-17-4ph-x5,418 Printed 17-4 PH Steel,Steel,x5 (5).jpg,0.8619617260095931,0.9226605816050216,0.96728515625,dl_linknet_r34,LinkNet (ResNet34),general,lightweight,Linknet,resnet34,rgb,21.772333,4.402121067047119
418-17-4ph-x5,418 Printed 17-4 PH Steel,Steel,x5 (6).jpg,0.7916872950429357,0.8729346104351765,0.9687228732638888,dl_linknet_r34,LinkNet (ResNet34),general,lightweight,Linknet,resnet34,rgb,21.772333,4.402121067047119
418-17-4ph-x5,418 Printed 17-4 PH Steel,Steel,x5 (7).jpg,0.7533736764282645,0.8411817225950211,0.9736870659722222,dl_linknet_r34,LinkNet (ResNet34),general,lightweight,Linknet,resnet34,rgb,21.772333,4.402121067047119
418-17-4ph-x5,418 Printed 17-4 PH Steel,Steel,x5 (8).jpg,0.7475660243598286,0.8352630240711356,0.9787055121527778,dl_linknet_r34,LinkNet (ResNet34),general,lightweight,Linknet,resnet34,rgb,21.772333,4.402121067047119
418-17-4ph-x5,418 Printed 17-4 PH Steel,Steel,x5 (9).jpg,0.7653447705619392,0.8506251736593498,0.9772135416666666,dl_linknet_r34,LinkNet (ResNet34),general,lightweight,Linknet,resnet34,rgb,21.772333,4.402121067047119
418-17-4ph-x5,418 Printed 17-4 PH Steel,Steel,x5 (10).jpg,0.7637534176289078,0.8493217652305566,0.9771050347222222,dl_linknet_r34,LinkNet (ResNet34),general,lightweight,Linknet,resnet34,rgb,21.772333,4.402121067047119
418-17-4ph-x5,418 Printed 17-4 PH Steel,Steel,x5 (11).jpg,0.7544011301269893,0.841982576740964,0.9740939670138888,dl_linknet_r34,LinkNet (ResNet34),general,lightweight,Linknet,resnet34,rgb,21.772333,4.402121067047119
418-17-4ph-x5,418 Printed 17-4 PH Steel,Steel,x5 (12).jpg,0.7642747911922876,0.8499658893656475,0.9758572048611112,dl_linknet_r34,LinkNet (ResNet34),general,lightweight,Linknet,resnet34,rgb,21.772333,4.402121067047119
418-17-4ph-x5,418 Printed 17-4 PH Steel,Steel,x5 (13).jpg,0.7355747534175401,0.8246642135169125,0.9787055121527778,dl_linknet_r34,LinkNet (ResNet34),general,lightweight,Linknet,resnet34,rgb,21.772333,4.402121067047119
418-17-4ph-x5,418 Printed 17-4 PH Steel,Steel,x5 (14).jpg,0.7821758618864716,0.8639611197934647,0.9793294270833334,dl_linknet_r34,LinkNet (ResNet34),general,lightweight,Linknet,resnet34,rgb,21.772333,4.402121067047119
418-17-4ph-x5,418 Printed 17-4 PH Steel,Steel,x5 (15).jpg,0.804042893886881,0.8839050185114692,0.9557562934027778,dl_linknet_r34,LinkNet (ResNet34),general,lightweight,Linknet,resnet34,rgb,21.772333,4.402121067047119
418-17-4ph-x5,418 Printed 17-4 PH Steel,Steel,x5 (16).jpg,0.8013776325611273,0.8811614016581113,0.9619140625,dl_linknet_r34,LinkNet (ResNet34),general,lightweight,Linknet,resnet34,rgb,21.772333,4.402121067047119
418-17-4ph-x5,418 Printed 17-4 PH Steel,Steel,x5 (17).jpg,0.85129726974314,0.9161911498892866,0.9612630208333334,dl_linknet_r34,LinkNet (ResNet34),general,lightweight,Linknet,resnet34,rgb,21.772333,4.402121067047119
418-17-4ph-x5,418 Printed 17-4 PH Steel,Steel,x5 (18).jpg,0.7041163512129255,0.7986858744951466,0.9638943142361112,dl_linknet_r34,LinkNet (ResNet34),general,lightweight,Linknet,resnet34,rgb,21.772333,4.402121067047119
418-17-4ph-x5,418 Printed 17-4 PH Steel,Steel,x5 (19).jpg,0.7527169183810888,0.8405831291637081,0.9739040798611112,dl_linknet_r34,LinkNet (ResNet34),general,lightweight,Linknet,resnet34,rgb,21.772333,4.402121067047119
418-17-4ph-x5,418 Printed 17-4 PH Steel,Steel,x5 (20).jpg,0.7492579303068575,0.8377492052962916,0.9731987847222222,dl_linknet_r34,LinkNet (ResNet34),general,lightweight,Linknet,resnet34,rgb,21.772333,4.402121067047119
418-17-4ph-x5,418 Printed 17-4 PH Steel,Steel,x5 (21).jpg,0.7304099116155915,0.8205950832929451,0.9758029513888888,dl_linknet_r34,LinkNet (ResNet34),general,lightweight,Linknet,resnet34,rgb,21.772333,4.402121067047119
418-17-4ph-x5,418 Printed 17-4 PH Steel,Steel,x5 (22).jpg,0.7340498271791132,0.8251878037143725,0.9692925347222222,dl_linknet_r34,LinkNet (ResNet34),general,lightweight,Linknet,resnet34,rgb,21.772333,4.402121067047119
418-17-4ph-x5,418 Printed 17-4 PH Steel,Steel,x5 (23).jpg,0.7395846329770821,0.8293983604682063,0.9728190104166666,dl_linknet_r34,LinkNet (ResNet34),general,lightweight,Linknet,resnet34,rgb,21.772333,4.402121067047119
418-17-4ph-x5,418 Printed 17-4 PH Steel,Steel,x5 (24).jpg,0.7653356363793103,0.8507540921112197,0.9763997395833334,dl_linknet_r34,LinkNet (ResNet34),general,lightweight,Linknet,resnet34,rgb,21.772333,4.402121067047119
418-17-4ph-x5,418 Printed 17-4 PH Steel,Steel,x5 (25).jpg,0.7277538771606203,0.8190774796284936,0.9714898003472222,dl_linknet_r34,LinkNet (ResNet34),general,lightweight,Linknet,resnet34,rgb,21.772333,4.402121067047119
5884-armor-steel,5884 Armor Steel,Steel,5884 x 5 (1).jpg,0.40153054925078374,0.5674819016346085,0.5857204861111112,dl_linknet_r34,LinkNet (ResNet34),general,lightweight,Linknet,resnet34,rgb,21.772333,4.402121067047119
5884-armor-steel,5884 Armor Steel,Steel,5884 x 5 (2).jpg,0.5484583603355475,0.7065875359392474,0.7145453559027778,dl_linknet_r34,LinkNet (ResNet34),general,lightweight,Linknet,resnet34,rgb,21.772333,4.402121067047119
5884-armor-steel,5884 Armor Steel,Steel,5884 x 5 (3).jpg,0.5268298594066332,0.6883694007504478,0.6956380208333334,dl_linknet_r34,LinkNet (ResNet34),general,lightweight,Linknet,resnet34,rgb,21.772333,4.402121067047119
5884-armor-steel,5884 Armor Steel,Steel,5884 x 5 (4).jpg,0.3438191146838713,0.4814093462161865,0.5701226128472222,dl_linknet_r34,LinkNet (ResNet34),general,lightweight,Linknet,resnet34,rgb,21.772333,4.402121067047119
5884-armor-steel,5884 Armor Steel,Steel,5884 x 5 (5).jpg,0.5289330428175807,0.6918826699157905,0.6919487847222222,dl_linknet_r34,LinkNet (ResNet34),general,lightweight,Linknet,resnet34,rgb,21.772333,4.402121067047119
5884-armor-steel,5884 Armor Steel,Steel,5884 x 10 (1).jpg,0.606022227031273,0.7541055029950876,0.7570529513888888,dl_linknet_r34,LinkNet (ResNet34),general,lightweight,Linknet,resnet34,rgb,21.772333,4.402121067047119
5884-armor-steel,5884 Armor Steel,Steel,5884 x 10 (2).jpg,0.5993200505638341,0.7474296468039471,0.7575412326388888,dl_linknet_r34,LinkNet (ResNet34),general,lightweight,Linknet,resnet34,rgb,21.772333,4.402121067047119
5884-armor-steel,5884 Armor Steel,Steel,5884 x 10 (3).jpg,0.5663370740998767,0.7073342854465838,0.7771267361111112,dl_linknet_r34,LinkNet (ResNet34),general,lightweight,Linknet,resnet34,rgb,21.772333,4.402121067047119
5884-armor-steel,5884 Armor Steel,Steel,5884 x 10 (4).jpg,0.620792554378731,0.7604016396648998,0.78955078125,dl_linknet_r34,LinkNet (ResNet34),general,lightweight,Linknet,resnet34,rgb,21.772333,4.402121067047119
5884-armor-steel,5884 Armor Steel,Steel,5884 x 10 (5).jpg,0.5648896041664642,0.7115487117750082,0.7580295138888888,dl_linknet_r34,LinkNet (ResNet34),general,lightweight,Linknet,resnet34,rgb,21.772333,4.402121067047119
5884-armor-steel,5884 Armor Steel,Steel,5884 x 10 (6).jpg,0.4610132728368239,0.6004392309758328,0.7077907986111112,dl_linknet_r34,LinkNet (ResNet34),general,lightweight,Linknet,resnet34,rgb,21.772333,4.402121067047119
5884-armor-steel,5884 Armor Steel,Steel,5884 x 20 (1).jpg,0.7672610690327896,0.8617112402071354,0.9159884982638888,dl_linknet_r34,LinkNet (ResNet34),general,lightweight,Linknet,resnet34,rgb,21.772333,4.402121067047119
5884-armor-steel,5884 Armor Steel,Steel,5884 x 20 (2).jpg,0.770259407397555,0.8648353874331365,0.9100748697916666,dl_linknet_r34,LinkNet (ResNet34),general,lightweight,Linknet,resnet34,rgb,21.772333,4.402121067047119
5884-armor-steel,5884 Armor Steel,Steel,5884 x 20 (3).jpg,0.8646156983485418,0.927364177117856,0.9277886284722222,dl_linknet_r34,LinkNet (ResNet34),general,lightweight,Linknet,resnet34,rgb,21.772333,4.402121067047119
5884-armor-steel,5884 Armor Steel,Steel,5884 x 20 (4).jpg,0.7562127707828813,0.8581134400558116,0.8828396267361112,dl_linknet_r34,LinkNet (ResNet34),general,lightweight,Linknet,resnet34,rgb,21.772333,4.402121067047119
5884-armor-steel,5884 Armor Steel,Steel,5884 x 20 (5).jpg,0.7596384589199334,0.8621708697794179,0.8723415798611112,dl_linknet_r34,LinkNet (ResNet34),general,lightweight,Linknet,resnet34,rgb,21.772333,4.402121067047119
5884-armor-steel,5884 Armor Steel,Steel,5884 x 20 (6).jpg,0.6521462545268021,0.7875656368186765,0.79833984375,dl_linknet_r34,LinkNet (ResNet34),general,lightweight,Linknet,resnet34,rgb,21.772333,4.402121067047119
5884-armor-steel,5884 Armor Steel,Steel,5884 x 50 (1).jpg,0.3327599448899264,0.4475341655493336,0.5931532118055556,dl_linknet_r34,LinkNet (ResNet34),general,lightweight,Linknet,resnet34,rgb,21.772333,4.402121067047119
5884-armor-steel,5884 Armor Steel,Steel,5884 x 50 (2).jpg,0.35237149858707867,0.43527453305424413,0.6731228298611112,dl_linknet_r34,LinkNet (ResNet34),general,lightweight,Linknet,resnet34,rgb,21.772333,4.402121067047119
5884-armor-steel,5884 Armor Steel,Steel,5884 x 50 (3).jpg,0.2639473160063196,0.35895683046754234,0.5092230902777778,dl_linknet_r34,LinkNet (ResNet34),general,lightweight,Linknet,resnet34,rgb,21.772333,4.402121067047119
5884-armor-steel,5884 Armor Steel,Steel,5884 x 50 (4).jpg,0.29402121642483603,0.37715056247835654,0.5785047743055556,dl_linknet_r34,LinkNet (ResNet34),general,lightweight,Linknet,resnet34,rgb,21.772333,4.402121067047119
6280-cast-iron-high,6280 Gray Cast Iron,Cast Iron,6280 x 20 (1).jpg,0.4844985733947171,0.5758047921364662,0.8341200086805556,dl_linknet_r34,LinkNet (ResNet34),general,lightweight,Linknet,resnet34,rgb,21.772333,4.402121067047119
6280-cast-iron-high,6280 Gray Cast Iron,Cast Iron,6280 x 20 (2).jpg,0.4805918342981794,0.5704081333869023,0.8325737847222222,dl_linknet_r34,LinkNet (ResNet34),general,lightweight,Linknet,resnet34,rgb,21.772333,4.402121067047119
6280-cast-iron-high,6280 Gray Cast Iron,Cast Iron,6280 x 20 (3).jpg,0.47634117392560776,0.5694020749654236,0.8215603298611112,dl_linknet_r34,LinkNet (ResNet34),general,lightweight,Linknet,resnet34,rgb,21.772333,4.402121067047119
6280-cast-iron-high,6280 Gray Cast Iron,Cast Iron,6280 x 20 (4).jpg,0.4900500526256592,0.5812708955594594,0.8404405381944444,dl_linknet_r34,LinkNet (ResNet34),general,lightweight,Linknet,resnet34,rgb,21.772333,4.402121067047119
6280-cast-iron-high,6280 Gray Cast Iron,Cast Iron,6280 x 20 (5).jpg,0.4797412523937482,0.5634445333785446,0.8430447048611112,dl_linknet_r34,LinkNet (ResNet34),general,lightweight,Linknet,resnet34,rgb,21.772333,4.402121067047119
6280-cast-iron-high,6280 Gray Cast Iron,Cast Iron,6280 x 20 (6).jpg,0.48284313207221274,0.5705744145739028,0.8390842013888888,dl_linknet_r34,LinkNet (ResNet34),general,lightweight,Linknet,resnet34,rgb,21.772333,4.402121067047119
6280-cast-iron-high,6280 Gray Cast Iron,Cast Iron,6280 x 20 (7).jpg,0.49499894978438685,0.574894949134717,0.8675944010416666,dl_linknet_r34,LinkNet (ResNet34),general,lightweight,Linknet,resnet34,rgb,21.772333,4.402121067047119
6280-cast-iron-high,6280 Gray Cast Iron,Cast Iron,6280 x 20 (8).jpg,0.48955663676996874,0.5829775640706493,0.8355848524305556,dl_linknet_r34,LinkNet (ResNet34),general,lightweight,Linknet,resnet34,rgb,21.772333,4.402121067047119
6280-cast-iron-high,6280 Gray Cast Iron,Cast Iron,6280 x 20 (9).jpg,0.47679956630404624,0.5572645686179734,0.8455132378472222,dl_linknet_r34,LinkNet (ResNet34),general,lightweight,Linknet,resnet34,rgb,21.772333,4.402121067047119
6280-cast-iron-high,6280 Gray Cast Iron,Cast Iron,6280 x 20 (10).jpg,0.4960401479245944,0.5818948302902761,0.8574490017361112,dl_linknet_r34,LinkNet (ResNet34),general,lightweight,Linknet,resnet34,rgb,21.772333,4.402121067047119
6280-cast-iron-low,6280 Gray Cast Iron,Cast Iron,6280 x 10 (1).jpg,0.29375135866553365,0.43307366466110925,0.5238172743055556,dl_linknet_r34,LinkNet (ResNet34),general,lightweight,Linknet,resnet34,rgb,21.772333,4.402121067047119
6280-cast-iron-low,6280 Gray Cast Iron,Cast Iron,6280 x 10 (2).jpg,0.2934712663328684,0.4314919818671412,0.5209689670138888,dl_linknet_r34,LinkNet (ResNet34),general,lightweight,Linknet,resnet34,rgb,21.772333,4.402121067047119
6280-cast-iron-low,6280 Gray Cast Iron,Cast Iron,6280 x 10 (3).jpg,0.30293146781382907,0.4398493510238561,0.5537380642361112,dl_linknet_r34,LinkNet (ResNet34),general,lightweight,Linknet,resnet34,rgb,21.772333,4.402121067047119
6280-cast-iron-low,6280 Gray Cast Iron,Cast Iron,6280 x 10 (4).jpg,0.2982748304515573,0.43698263353033734,0.5202365451388888,dl_linknet_r34,LinkNet (ResNet34),general,lightweight,Linknet,resnet34,rgb,21.772333,4.402121067047119
6280-cast-iron-low,6280 Gray Cast Iron,Cast Iron,6280 x 10 (5).jpg,0.26848436991242436,0.40391221431755003,0.5113932291666666,dl_linknet_r34,LinkNet (ResNet34),general,lightweight,Linknet,resnet34,rgb,21.772333,4.402121067047119
6280-cast-iron-low,6280 Gray Cast Iron,Cast Iron,6280 x 10 (6).jpg,0.2956045075096871,0.43663045181834387,0.5233018663194444,dl_linknet_r34,LinkNet (ResNet34),general,lightweight,Linknet,resnet34,rgb,21.772333,4.402121067047119
6280-cast-iron-low,6280 Gray Cast Iron,Cast Iron,6280 x 10 (7).jpg,0.3310081165191385,0.4866158707420445,0.5329318576388888,dl_linknet_r34,LinkNet (ResNet34),general,lightweight,Linknet,resnet34,rgb,21.772333,4.402121067047119
6280-cast-iron-low,6280 Gray Cast Iron,Cast Iron,6280 x 10 (8).jpg,0.28878302585146254,0.42605456689208543,0.5196126302083334,dl_linknet_r34,LinkNet (ResNet34),general,lightweight,Linknet,resnet34,rgb,21.772333,4.402121067047119
6280-cast-iron-low,6280 Gray Cast Iron,Cast Iron,6280 x 10 (9).jpg,0.31282661736878836,0.4610558189985656,0.5153266059027778,dl_linknet_r34,LinkNet (ResNet34),general,lightweight,Linknet,resnet34,rgb,21.772333,4.402121067047119
6280-cast-iron-low,6280 Gray Cast Iron,Cast Iron,6280 x 10 (10).jpg,0.3064588550450534,0.4590497681509445,0.530029296875,dl_linknet_r34,LinkNet (ResNet34),general,lightweight,Linknet,resnet34,rgb,21.772333,4.402121067047119
6280-cast-iron-low,6280 Gray Cast Iron,Cast Iron,6280 x 10 (11).jpg,0.2975932265301553,0.4476495292004512,0.5240342881944444,dl_linknet_r34,LinkNet (ResNet34),general,lightweight,Linknet,resnet34,rgb,21.772333,4.402121067047119
4130-steel,4130 Steel,Steel,4130 x 10 (1).jpg,0.5308555482840929,0.6889568283951104,0.7082790798611112,dl_manet_r34,MAnet (ResNet34),general,attention,MAnet,resnet34,rgb,31.785373,6.469508647918701
4130-steel,4130 Steel,Steel,4130 x 10 (2).jpg,0.38596617364824404,0.543781929757245,0.5858561197916666,dl_manet_r34,MAnet (ResNet34),general,attention,MAnet,resnet34,rgb,31.785373,6.469508647918701
4130-steel,4130 Steel,Steel,4130 x 10 (3).jpg,0.4679471291428813,0.633464162517382,0.6487087673611112,dl_manet_r34,MAnet (ResNet34),general,attention,MAnet,resnet34,rgb,31.785373,6.469508647918701
4130-steel,4130 Steel,Steel,4130 x 10 (4).jpg,0.4674540540898343,0.6345463610605616,0.6440700954861112,dl_manet_r34,MAnet (ResNet34),general,attention,MAnet,resnet34,rgb,31.785373,6.469508647918701
4130-steel,4130 Steel,Steel,4130 x 10 (5).jpg,0.45731777322455025,0.62728638222158,0.6284993489583334,dl_manet_r34,MAnet (ResNet34),general,attention,MAnet,resnet34,rgb,31.785373,6.469508647918701
4130-steel,4130 Steel,Steel,4130 x 10 (6).jpg,0.5607996175425287,0.7179296915460768,0.7210015190972222,dl_manet_r34,MAnet (ResNet34),general,attention,MAnet,resnet34,rgb,31.785373,6.469508647918701
4130-steel,4130 Steel,Steel,4130 x 10 (7).jpg,0.6132399484765918,0.7599409085898899,0.7615831163194444,dl_manet_r34,MAnet (ResNet34),general,attention,MAnet,resnet34,rgb,31.785373,6.469508647918701
4130-steel,4130 Steel,Steel,4130 x 10 (8).jpg,0.5736009095578913,0.7266341377478942,0.73779296875,dl_manet_r34,MAnet (ResNet34),general,attention,MAnet,resnet34,rgb,31.785373,6.469508647918701
4130-steel,4130 Steel,Steel,4130 x 10 (9).jpg,0.5516286001898069,0.709316497997267,0.7169325086805556,dl_manet_r34,MAnet (ResNet34),general,attention,MAnet,resnet34,rgb,31.785373,6.469508647918701
4130-steel,4130 Steel,Steel,4130 x 10 (10).jpg,0.560731195454313,0.7150368119848809,0.7308756510416666,dl_manet_r34,MAnet (ResNet34),general,attention,MAnet,resnet34,rgb,31.785373,6.469508647918701
4130-steel,4130 Steel,Steel,4130 x 10 (11).jpg,0.5362485781450275,0.6913776372087265,0.7199978298611112,dl_manet_r34,MAnet (ResNet34),general,attention,MAnet,resnet34,rgb,31.785373,6.469508647918701
4130-steel,4130 Steel,Steel,4130 x 10 (12).jpg,0.5325138793469597,0.6881344484785555,0.7168240017361112,dl_manet_r34,MAnet (ResNet34),general,attention,MAnet,resnet34,rgb,31.785373,6.469508647918701
4130-steel,4130 Steel,Steel,4130 x 10 (13).jpg,0.5277732879674827,0.6846653655577717,0.710693359375,dl_manet_r34,MAnet (ResNet34),general,attention,MAnet,resnet34,rgb,31.785373,6.469508647918701
4130-steel,4130 Steel,Steel,4130 x 10 (14).jpg,0.5491576890773242,0.7008085046912762,0.7362738715277778,dl_manet_r34,MAnet (ResNet34),general,attention,MAnet,resnet34,rgb,31.785373,6.469508647918701
4130-steel,4130 Steel,Steel,4130 x 10 (15).jpg,0.5325102306677716,0.6883549980055675,0.7161187065972222,dl_manet_r34,MAnet (ResNet34),general,attention,MAnet,resnet34,rgb,31.785373,6.469508647918701
4130-steel,4130 Steel,Steel,4130 x 10 (16).jpg,0.5385332431081954,0.6967456641567591,0.7109917534722222,dl_manet_r34,MAnet (ResNet34),general,attention,MAnet,resnet34,rgb,31.785373,6.469508647918701
4130-steel,4130 Steel,Steel,4130 x 10 (17).jpg,0.5472074898071513,0.6988837181177574,0.7354600694444444,dl_manet_r34,MAnet (ResNet34),general,attention,MAnet,resnet34,rgb,31.785373,6.469508647918701
4130-steel,4130 Steel,Steel,4130 x 10 (18).jpg,0.5438450240019351,0.6989714650237682,0.7230088975694444,dl_manet_r34,MAnet (ResNet34),general,attention,MAnet,resnet34,rgb,31.785373,6.469508647918701
4130-steel,4130 Steel,Steel,4130 x 10 (19).jpg,0.5134490253000578,0.6742987961589768,0.6914605034722222,dl_manet_r34,MAnet (ResNet34),general,attention,MAnet,resnet34,rgb,31.785373,6.469508647918701
4130-steel,4130 Steel,Steel,4130 x 10 (20).jpg,0.5138977138965104,0.6768751544161095,0.6851942274305556,dl_manet_r34,MAnet (ResNet34),general,attention,MAnet,resnet34,rgb,31.785373,6.469508647918701
4130-steel,4130 Steel,Steel,4130 x 20 (1).jpg,0.4643392576273777,0.6337791571418535,0.6353352864583334,dl_manet_r34,MAnet (ResNet34),general,attention,MAnet,resnet34,rgb,31.785373,6.469508647918701
4130-steel,4130 Steel,Steel,4130 x 20 (2).jpg,0.4437754842701968,0.6146791850636782,0.6149088541666666,dl_manet_r34,MAnet (ResNet34),general,attention,MAnet,resnet34,rgb,31.785373,6.469508647918701
4130-steel,4130 Steel,Steel,4130 x 20 (3).jpg,0.45537747446582943,0.625785842355514,0.6257866753472222,dl_manet_r34,MAnet (ResNet34),general,attention,MAnet,resnet34,rgb,31.785373,6.469508647918701
4130-steel,4130 Steel,Steel,4130 x 20 (4).jpg,0.3999356726311606,0.5696904709881583,0.5752495659722222,dl_manet_r34,MAnet (ResNet34),general,attention,MAnet,resnet34,rgb,31.785373,6.469508647918701
4130-steel,4130 Steel,Steel,4130 x 20 (5).jpg,0.5668361094117422,0.7211799621908347,0.7320149739583334,dl_manet_r34,MAnet (ResNet34),general,attention,MAnet,resnet34,rgb,31.785373,6.469508647918701
4130-steel,4130 Steel,Steel,4130 x 20 (6).jpg,0.6609995073810992,0.7951291694925704,0.7996961805555556,dl_manet_r34,MAnet (ResNet34),general,attention,MAnet,resnet34,rgb,31.785373,6.469508647918701
4130-steel,4130 Steel,Steel,4130 x 20 (7).jpg,0.6459248651627564,0.7835786819539386,0.7908799913194444,dl_manet_r34,MAnet (ResNet34),general,attention,MAnet,resnet34,rgb,31.785373,6.469508647918701
4130-steel,4130 Steel,Steel,4130 x 20 (8).jpg,0.6150844799731094,0.7603051739595084,0.7673882378472222,dl_manet_r34,MAnet (ResNet34),general,attention,MAnet,resnet34,rgb,31.785373,6.469508647918701
4130-steel,4130 Steel,Steel,4130 x 20 (9).jpg,0.5901872891521005,0.7399775302753764,0.7511664496527778,dl_manet_r34,MAnet (ResNet34),general,attention,MAnet,resnet34,rgb,31.785373,6.469508647918701
4130-steel,4130 Steel,Steel,4130 x 20 (10).jpg,0.6623352684206482,0.7953126604002161,0.8044976128472222,dl_manet_r34,MAnet (ResNet34),general,attention,MAnet,resnet34,rgb,31.785373,6.469508647918701
4130-steel,4130 Steel,Steel,4130 x 20 (11).jpg,0.644362964148143,0.7806120942126806,0.7979058159722222,dl_manet_r34,MAnet (ResNet34),general,attention,MAnet,resnet34,rgb,31.785373,6.469508647918701
4130-steel,4130 Steel,Steel,4130 x 20 (12).jpg,0.645800175551864,0.7823671352391093,0.7958984375,dl_manet_r34,MAnet (ResNet34),general,attention,MAnet,resnet34,rgb,31.785373,6.469508647918701
4130-steel,4130 Steel,Steel,4130 x 20 (13).jpg,0.6808326371253863,0.8080780398362992,0.8207194010416666,dl_manet_r34,MAnet (ResNet34),general,attention,MAnet,resnet34,rgb,31.785373,6.469508647918701
4130-steel,4130 Steel,Steel,4130 x 20 (14).jpg,0.6754823479774585,0.8041245100498509,0.8174913194444444,dl_manet_r34,MAnet (ResNet34),general,attention,MAnet,resnet34,rgb,31.785373,6.469508647918701
4130-steel,4130 Steel,Steel,4130 x 20 (15).jpg,0.6317418252134998,0.772553676027878,0.7820638020833334,dl_manet_r34,MAnet (ResNet34),general,attention,MAnet,resnet34,rgb,31.785373,6.469508647918701
4130-steel,4130 Steel,Steel,4130 x 20 (16).jpg,0.5966613367706725,0.7458948740360861,0.7532552083333334,dl_manet_r34,MAnet (ResNet34),general,attention,MAnet,resnet34,rgb,31.785373,6.469508647918701
4130-steel,4130 Steel,Steel,4130 x 20 (17).jpg,0.5870605421864101,0.7380914552774965,0.7463650173611112,dl_manet_r34,MAnet (ResNet34),general,attention,MAnet,resnet34,rgb,31.785373,6.469508647918701
4130-steel,4130 Steel,Steel,4130 x 20 (18).jpg,0.6529323074407876,0.7898788031127407,0.7907443576388888,dl_manet_r34,MAnet (ResNet34),general,attention,MAnet,resnet34,rgb,31.785373,6.469508647918701
4130-steel,4130 Steel,Steel,4130 x 20 (19).jpg,0.6260118394568062,0.7695287408041794,0.7720269097222222,dl_manet_r34,MAnet (ResNet34),general,attention,MAnet,resnet34,rgb,31.785373,6.469508647918701
4130-steel,4130 Steel,Steel,4130 x 20 (20).jpg,0.6257442852742872,0.7693480835323296,0.771728515625,dl_manet_r34,MAnet (ResNet34),general,attention,MAnet,resnet34,rgb,31.785373,6.469508647918701
418-17-4ph-x20,418 Printed 17-4 PH Steel,Steel,x20 (1).jpg,0.3289573105412923,0.4946621301084111,0.495849609375,dl_manet_r34,MAnet (ResNet34),general,attention,MAnet,resnet34,rgb,31.785373,6.469508647918701
418-17-4ph-x20,418 Printed 17-4 PH Steel,Steel,x20 (2).jpg,0.22657604620367267,0.36922593947004473,0.3697916666666667,dl_manet_r34,MAnet (ResNet34),general,attention,MAnet,resnet34,rgb,31.785373,6.469508647918701
418-17-4ph-x20,418 Printed 17-4 PH Steel,Steel,x20 (3).jpg,0.2651083637147812,0.41102319811397214,0.4328342013888889,dl_manet_r34,MAnet (ResNet34),general,attention,MAnet,resnet34,rgb,31.785373,6.469508647918701
418-17-4ph-x20,418 Printed 17-4 PH Steel,Steel,x20 (4).jpg,0.2621372362384823,0.40507052738316707,0.4327256944444444,dl_manet_r34,MAnet (ResNet34),general,attention,MAnet,resnet34,rgb,31.785373,6.469508647918701
418-17-4ph-x20,418 Printed 17-4 PH Steel,Steel,x20 (5).jpg,0.2903640339473983,0.4356067468853308,0.4756401909722222,dl_manet_r34,MAnet (ResNet34),general,attention,MAnet,resnet34,rgb,31.785373,6.469508647918701
418-17-4ph-x20,418 Printed 17-4 PH Steel,Steel,x20 (6).jpg,0.451761579389098,0.62145764477107,0.624755859375,dl_manet_r34,MAnet (ResNet34),general,attention,MAnet,resnet34,rgb,31.785373,6.469508647918701
418-17-4ph-x20,418 Printed 17-4 PH Steel,Steel,x20 (7).jpg,0.37592886161031314,0.546274435861784,0.5467936197916666,dl_manet_r34,MAnet (ResNet34),general,attention,MAnet,resnet34,rgb,31.785373,6.469508647918701
418-17-4ph-x20,418 Printed 17-4 PH Steel,Steel,x20 (8).jpg,0.27557966503640796,0.42755720449426393,0.4399956597222222,dl_manet_r34,MAnet (ResNet34),general,attention,MAnet,resnet34,rgb,31.785373,6.469508647918701
418-17-4ph-x20,418 Printed 17-4 PH Steel,Steel,x20 (9).jpg,0.45154959408074696,0.6211589663030666,0.6248101128472222,dl_manet_r34,MAnet (ResNet34),general,attention,MAnet,resnet34,rgb,31.785373,6.469508647918701
418-17-4ph-x20,418 Printed 17-4 PH Steel,Steel,x20 (10).jpg,0.28311176414788103,0.4409965092686351,0.4418131510416667,dl_manet_r34,MAnet (ResNet34),general,attention,MAnet,resnet34,rgb,31.785373,6.469508647918701
418-17-4ph-x20,418 Printed 17-4 PH Steel,Steel,x20 (11).jpg,0.45504062866853157,0.4972096005308176,0.8805609809027778,dl_manet_r34,MAnet (ResNet34),general,attention,MAnet,resnet34,rgb,31.785373,6.469508647918701
418-17-4ph-x20,418 Printed 17-4 PH Steel,Steel,x20 (12).jpg,0.46981883443129646,0.5165101505718226,0.8932291666666666,dl_manet_r34,MAnet (ResNet34),general,attention,MAnet,resnet34,rgb,31.785373,6.469508647918701
418-17-4ph-x20,418 Printed 17-4 PH Steel,Steel,x20 (13).jpg,0.46323396035952086,0.4948815437516939,0.9069281684027778,dl_manet_r34,MAnet (ResNet34),general,attention,MAnet,resnet34,rgb,31.785373,6.469508647918701
418-17-4ph-x20,418 Printed 17-4 PH Steel,Steel,x20 (14).jpg,0.4713516179758938,0.507710746355303,0.9108615451388888,dl_manet_r34,MAnet (ResNet34),general,attention,MAnet,resnet34,rgb,31.785373,6.469508647918701
418-17-4ph-x20,418 Printed 17-4 PH Steel,Steel,x20 (15).jpg,0.46110001239779935,0.4968948768595,0.8980577256944444,dl_manet_r34,MAnet (ResNet34),general,attention,MAnet,resnet34,rgb,31.785373,6.469508647918701
418-17-4ph-x20,418 Printed 17-4 PH Steel,Steel,x20 (16).jpg,0.4674332060126017,0.5139948303654035,0.8903266059027778,dl_manet_r34,MAnet (ResNet34),general,attention,MAnet,resnet34,rgb,31.785373,6.469508647918701
418-17-4ph-x20,418 Printed 17-4 PH Steel,Steel,x20 (17).jpg,0.4780260843147057,0.5233717071491675,0.9058973524305556,dl_manet_r34,MAnet (ResNet34),general,attention,MAnet,resnet34,rgb,31.785373,6.469508647918701
418-17-4ph-x20,418 Printed 17-4 PH Steel,Steel,x20 (18).jpg,0.4674470860945897,0.5093687923136174,0.8974066840277778,dl_manet_r34,MAnet (ResNet34),general,attention,MAnet,resnet34,rgb,31.785373,6.469508647918701
418-17-4ph-x20,418 Printed 17-4 PH Steel,Steel,x20 (19).jpg,0.4623781094306377,0.49373299959149375,0.9061957465277778,dl_manet_r34,MAnet (ResNet34),general,attention,MAnet,resnet34,rgb,31.785373,6.469508647918701
418-17-4ph-x20,418 Printed 17-4 PH Steel,Steel,x20 (20).jpg,0.28267519492156873,0.3952008961832956,0.5160861545138888,dl_manet_r34,MAnet (ResNet34),general,attention,MAnet,resnet34,rgb,31.785373,6.469508647918701
418-17-4ph-x20,418 Printed 17-4 PH Steel,Steel,x20 (21).jpg,0.2638532822105757,0.3888593651253831,0.4644639756944444,dl_manet_r34,MAnet (ResNet34),general,attention,MAnet,resnet34,rgb,31.785373,6.469508647918701
418-17-4ph-x5,418 Printed 17-4 PH Steel,Steel,x5 (1).jpg,0.7845697442888037,0.8661196914948599,0.9775933159722222,dl_manet_r34,MAnet (ResNet34),general,attention,MAnet,resnet34,rgb,31.785373,6.469508647918701
418-17-4ph-x5,418 Printed 17-4 PH Steel,Steel,x5 (2).jpg,0.8293423489858622,0.8994265306740412,0.9791395399305556,dl_manet_r34,MAnet (ResNet34),general,attention,MAnet,resnet34,rgb,31.785373,6.469508647918701
418-17-4ph-x5,418 Printed 17-4 PH Steel,Steel,x5 (3).jpg,0.8010737789113225,0.8779078544666017,0.9849175347222222,dl_manet_r34,MAnet (ResNet34),general,attention,MAnet,resnet34,rgb,31.785373,6.469508647918701
418-17-4ph-x5,418 Printed 17-4 PH Steel,Steel,x5 (4).jpg,0.7772448301985388,0.861292160198511,0.9710557725694444,dl_manet_r34,MAnet (ResNet34),general,attention,MAnet,resnet34,rgb,31.785373,6.469508647918701
418-17-4ph-x5,418 Printed 17-4 PH Steel,Steel,x5 (5).jpg,0.8709897403765317,0.9282848153855987,0.9695638020833334,dl_manet_r34,MAnet (ResNet34),general,attention,MAnet,resnet34,rgb,31.785373,6.469508647918701
418-17-4ph-x5,418 Printed 17-4 PH Steel,Steel,x5 (6).jpg,0.8024903503633944,0.8808138281878657,0.9710557725694444,dl_manet_r34,MAnet (ResNet34),general,attention,MAnet,resnet34,rgb,31.785373,6.469508647918701
418-17-4ph-x5,418 Printed 17-4 PH Steel,Steel,x5 (7).jpg,0.660186113875828,0.7587185653934945,0.9469943576388888,dl_manet_r34,MAnet (ResNet34),general,attention,MAnet,resnet34,rgb,31.785373,6.469508647918701
418-17-4ph-x5,418 Printed 17-4 PH Steel,Steel,x5 (8).jpg,0.7867130744822785,0.8669283449761882,0.9835611979166666,dl_manet_r34,MAnet (ResNet34),general,attention,MAnet,resnet34,rgb,31.785373,6.469508647918701
418-17-4ph-x5,418 Printed 17-4 PH Steel,Steel,x5 (9).jpg,0.6970553477804822,0.7923054330164196,0.9619954427083334,dl_manet_r34,MAnet (ResNet34),general,attention,MAnet,resnet34,rgb,31.785373,6.469508647918701
418-17-4ph-x5,418 Printed 17-4 PH Steel,Steel,x5 (10).jpg,0.5888450818040233,0.6856156165279659,0.9181043836805556,dl_manet_r34,MAnet (ResNet34),general,attention,MAnet,resnet34,rgb,31.785373,6.469508647918701
418-17-4ph-x5,418 Printed 17-4 PH Steel,Steel,x5 (11).jpg,0.7009939976426728,0.7967670637439745,0.9592827690972222,dl_manet_r34,MAnet (ResNet34),general,attention,MAnet,resnet34,rgb,31.785373,6.469508647918701
418-17-4ph-x5,418 Printed 17-4 PH Steel,Steel,x5 (12).jpg,0.79444885654489,0.8735082689893754,0.9798719618055556,dl_manet_r34,MAnet (ResNet34),general,attention,MAnet,resnet34,rgb,31.785373,6.469508647918701
418-17-4ph-x5,418 Printed 17-4 PH Steel,Steel,x5 (13).jpg,0.7742599223593487,0.8568821016618724,0.9837782118055556,dl_manet_r34,MAnet (ResNet34),general,attention,MAnet,resnet34,rgb,31.785373,6.469508647918701
418-17-4ph-x5,418 Printed 17-4 PH Steel,Steel,x5 (14).jpg,0.8140042415004854,0.8877942804536256,0.9836697048611112,dl_manet_r34,MAnet (ResNet34),general,attention,MAnet,resnet34,rgb,31.785373,6.469508647918701
418-17-4ph-x5,418 Printed 17-4 PH Steel,Steel,x5 (15).jpg,0.7340585535837776,0.8328150056299967,0.9293077256944444,dl_manet_r34,MAnet (ResNet34),general,attention,MAnet,resnet34,rgb,31.785373,6.469508647918701
418-17-4ph-x5,418 Printed 17-4 PH Steel,Steel,x5 (16).jpg,0.8186695510674338,0.8933005927737949,0.9658474392361112,dl_manet_r34,MAnet (ResNet34),general,attention,MAnet,resnet34,rgb,31.785373,6.469508647918701
418-17-4ph-x5,418 Printed 17-4 PH Steel,Steel,x5 (17).jpg,0.8627221177156005,0.9233807204656967,0.9644368489583334,dl_manet_r34,MAnet (ResNet34),general,attention,MAnet,resnet34,rgb,31.785373,6.469508647918701
418-17-4ph-x5,418 Printed 17-4 PH Steel,Steel,x5 (18).jpg,0.7459882688381818,0.8351995108364132,0.9717339409722222,dl_manet_r34,MAnet (ResNet34),general,attention,MAnet,resnet34,rgb,31.785373,6.469508647918701
418-17-4ph-x5,418 Printed 17-4 PH Steel,Steel,x5 (19).jpg,0.7811442922615845,0.8633245320836129,0.9781087239583334,dl_manet_r34,MAnet (ResNet34),general,attention,MAnet,resnet34,rgb,31.785373,6.469508647918701
418-17-4ph-x5,418 Printed 17-4 PH Steel,Steel,x5 (20).jpg,0.7683152806363571,0.8534614390011632,0.9748806423611112,dl_manet_r34,MAnet (ResNet34),general,attention,MAnet,resnet34,rgb,31.785373,6.469508647918701
418-17-4ph-x5,418 Printed 17-4 PH Steel,Steel,x5 (21).jpg,0.7605430532732647,0.8463381675292929,0.9788411458333334,dl_manet_r34,MAnet (ResNet34),general,attention,MAnet,resnet34,rgb,31.785373,6.469508647918701
418-17-4ph-x5,418 Printed 17-4 PH Steel,Steel,x5 (22).jpg,0.7428460197739128,0.832982538125324,0.9690212673611112,dl_manet_r34,MAnet (ResNet34),general,attention,MAnet,resnet34,rgb,31.785373,6.469508647918701
418-17-4ph-x5,418 Printed 17-4 PH Steel,Steel,x5 (23).jpg,0.7711370951116104,0.855417300531612,0.97705078125,dl_manet_r34,MAnet (ResNet34),general,attention,MAnet,resnet34,rgb,31.785373,6.469508647918701
418-17-4ph-x5,418 Printed 17-4 PH Steel,Steel,x5 (24).jpg,0.792030711100256,0.8716189060767332,0.97998046875,dl_manet_r34,MAnet (ResNet34),general,attention,MAnet,resnet34,rgb,31.785373,6.469508647918701
418-17-4ph-x5,418 Printed 17-4 PH Steel,Steel,x5 (25).jpg,0.750312947553152,0.8385263260079888,0.9739040798611112,dl_manet_r34,MAnet (ResNet34),general,attention,MAnet,resnet34,rgb,31.785373,6.469508647918701
5884-armor-steel,5884 Armor Steel,Steel,5884 x 5 (1).jpg,0.590887270567013,0.7424560019088975,0.7443305121527778,dl_manet_r34,MAnet (ResNet34),general,attention,MAnet,resnet34,rgb,31.785373,6.469508647918701
5884-armor-steel,5884 Armor Steel,Steel,5884 x 5 (2).jpg,0.6931310200983648,0.8187449027937048,0.8188205295138888,dl_manet_r34,MAnet (ResNet34),general,attention,MAnet,resnet34,rgb,31.785373,6.469508647918701
5884-armor-steel,5884 Armor Steel,Steel,5884 x 5 (3).jpg,0.6949916401317282,0.820045563834231,0.8200954861111112,dl_manet_r34,MAnet (ResNet34),general,attention,MAnet,resnet34,rgb,31.785373,6.469508647918701
5884-armor-steel,5884 Armor Steel,Steel,5884 x 5 (4).jpg,0.47002614510404345,0.629869169255159,0.6654459635416666,dl_manet_r34,MAnet (ResNet34),general,attention,MAnet,resnet34,rgb,31.785373,6.469508647918701
5884-armor-steel,5884 Armor Steel,Steel,5884 x 5 (5).jpg,0.7137146638089737,0.8317656389015327,0.8399522569444444,dl_manet_r34,MAnet (ResNet34),general,attention,MAnet,resnet34,rgb,31.785373,6.469508647918701
5884-armor-steel,5884 Armor Steel,Steel,5884 x 10 (1).jpg,0.8070731718245221,0.8931229246794006,0.8943142361111112,dl_manet_r34,MAnet (ResNet34),general,attention,MAnet,resnet34,rgb,31.785373,6.469508647918701
5884-armor-steel,5884 Armor Steel,Steel,5884 x 10 (2).jpg,0.8210973182693192,0.9017597731094817,0.9017740885416666,dl_manet_r34,MAnet (ResNet34),general,attention,MAnet,resnet34,rgb,31.785373,6.469508647918701
5884-armor-steel,5884 Armor Steel,Steel,5884 x 10 (3).jpg,0.7015449728207898,0.8223762057008626,0.8371039496527778,dl_manet_r34,MAnet (ResNet34),general,attention,MAnet,resnet34,rgb,31.785373,6.469508647918701
5884-armor-steel,5884 Armor Steel,Steel,5884 x 10 (4).jpg,0.8005791665966631,0.888954618366383,0.8918728298611112,dl_manet_r34,MAnet (ResNet34),general,attention,MAnet,resnet34,rgb,31.785373,6.469508647918701
5884-armor-steel,5884 Armor Steel,Steel,5884 x 10 (5).jpg,0.6929555431573641,0.8174162821331753,0.8253038194444444,dl_manet_r34,MAnet (ResNet34),general,attention,MAnet,resnet34,rgb,31.785373,6.469508647918701
5884-armor-steel,5884 Armor Steel,Steel,5884 x 10 (6).jpg,0.7589915588436755,0.8619666833375353,0.870361328125,dl_manet_r34,MAnet (ResNet34),general,attention,MAnet,resnet34,rgb,31.785373,6.469508647918701
5884-armor-steel,5884 Armor Steel,Steel,5884 x 20 (1).jpg,0.677706352608717,0.797921080256863,0.8572591145833334,dl_manet_r34,MAnet (ResNet34),general,attention,MAnet,resnet34,rgb,31.785373,6.469508647918701
5884-armor-steel,5884 Armor Steel,Steel,5884 x 20 (2).jpg,0.6970826917521493,0.8139783516158454,0.8619791666666666,dl_manet_r34,MAnet (ResNet34),general,attention,MAnet,resnet34,rgb,31.785373,6.469508647918701
5884-armor-steel,5884 Armor Steel,Steel,5884 x 20 (3).jpg,0.45171872238386845,0.6074940333739492,0.6601019965277778,dl_manet_r34,MAnet (ResNet34),general,attention,MAnet,resnet34,rgb,31.785373,6.469508647918701
5884-armor-steel,5884 Armor Steel,Steel,5884 x 20 (4).jpg,0.7506894651084358,0.8545118420277319,0.8787706163194444,dl_manet_r34,MAnet (ResNet34),general,attention,MAnet,resnet34,rgb,31.785373,6.469508647918701
5884-armor-steel,5884 Armor Steel,Steel,5884 x 20 (5).jpg,0.6103995665621325,0.7569816532315068,0.7625596788194444,dl_manet_r34,MAnet (ResNet34),general,attention,MAnet,resnet34,rgb,31.785373,6.469508647918701
5884-armor-steel,5884 Armor Steel,Steel,5884 x 20 (6).jpg,0.7185433786997715,0.8342296292208385,0.8482530381944444,dl_manet_r34,MAnet (ResNet34),general,attention,MAnet,resnet34,rgb,31.785373,6.469508647918701
5884-armor-steel,5884 Armor Steel,Steel,5884 x 50 (1).jpg,0.7146339914148774,0.8328800296646108,0.8377007378472222,dl_manet_r34,MAnet (ResNet34),general,attention,MAnet,resnet34,rgb,31.785373,6.469508647918701
5884-armor-steel,5884 Armor Steel,Steel,5884 x 50 (2).jpg,0.7385486169963973,0.8465439105842283,0.86962890625,dl_manet_r34,MAnet (ResNet34),general,attention,MAnet,resnet34,rgb,31.785373,6.469508647918701
5884-armor-steel,5884 Armor Steel,Steel,5884 x 50 (3).jpg,0.3111149468472172,0.4345287305180229,0.54541015625,dl_manet_r34,MAnet (ResNet34),general,attention,MAnet,resnet34,rgb,31.785373,6.469508647918701
5884-armor-steel,5884 Armor Steel,Steel,5884 x 50 (4).jpg,0.4239290602879089,0.5684414592631281,0.6579861111111112,dl_manet_r34,MAnet (ResNet34),general,attention,MAnet,resnet34,rgb,31.785373,6.469508647918701
6280-cast-iron-high,6280 Gray Cast Iron,Cast Iron,6280 x 20 (1).jpg,0.5992642045244747,0.7180066170931433,0.86083984375,dl_manet_r34,MAnet (ResNet34),general,attention,MAnet,resnet34,rgb,31.785373,6.469508647918701
6280-cast-iron-high,6280 Gray Cast Iron,Cast Iron,6280 x 20 (2).jpg,0.5881463241407554,0.7079069139714023,0.8528374565972222,dl_manet_r34,MAnet (ResNet34),general,attention,MAnet,resnet34,rgb,31.785373,6.469508647918701
6280-cast-iron-high,6280 Gray Cast Iron,Cast Iron,6280 x 20 (3).jpg,0.58288378599758,0.704452240025077,0.8448621961805556,dl_manet_r34,MAnet (ResNet34),general,attention,MAnet,resnet34,rgb,31.785373,6.469508647918701
6280-cast-iron-high,6280 Gray Cast Iron,Cast Iron,6280 x 20 (4).jpg,0.5983022577929209,0.7159912992673121,0.8637424045138888,dl_manet_r34,MAnet (ResNet34),general,attention,MAnet,resnet34,rgb,31.785373,6.469508647918701
6280-cast-iron-high,6280 Gray Cast Iron,Cast Iron,6280 x 20 (5).jpg,0.5688546981431493,0.6839678661436239,0.8556043836805556,dl_manet_r34,MAnet (ResNet34),general,attention,MAnet,resnet34,rgb,31.785373,6.469508647918701
6280-cast-iron-high,6280 Gray Cast Iron,Cast Iron,6280 x 20 (6).jpg,0.5960319438337819,0.7132272206759179,0.8642849392361112,dl_manet_r34,MAnet (ResNet34),general,attention,MAnet,resnet34,rgb,31.785373,6.469508647918701
6280-cast-iron-high,6280 Gray Cast Iron,Cast Iron,6280 x 20 (7).jpg,0.5965684153195339,0.7078454915999653,0.8824055989583334,dl_manet_r34,MAnet (ResNet34),general,attention,MAnet,resnet34,rgb,31.785373,6.469508647918701
6280-cast-iron-high,6280 Gray Cast Iron,Cast Iron,6280 x 20 (8).jpg,0.619502858958943,0.7376456801960157,0.8695203993055556,dl_manet_r34,MAnet (ResNet34),general,attention,MAnet,resnet34,rgb,31.785373,6.469508647918701
6280-cast-iron-high,6280 Gray Cast Iron,Cast Iron,6280 x 20 (9).jpg,0.5921325206675887,0.7075736598892597,0.8677842881944444,dl_manet_r34,MAnet (ResNet34),general,attention,MAnet,resnet34,rgb,31.785373,6.469508647918701
6280-cast-iron-high,6280 Gray Cast Iron,Cast Iron,6280 x 20 (10).jpg,0.586398550456769,0.7000279534601959,0.8701443142361112,dl_manet_r34,MAnet (ResNet34),general,attention,MAnet,resnet34,rgb,31.785373,6.469508647918701
6280-cast-iron-low,6280 Gray Cast Iron,Cast Iron,6280 x 10 (1).jpg,0.34702149818666017,0.4971870680361299,0.5504557291666666,dl_manet_r34,MAnet (ResNet34),general,attention,MAnet,resnet34,rgb,31.785373,6.469508647918701
6280-cast-iron-low,6280 Gray Cast Iron,Cast Iron,6280 x 10 (2).jpg,0.3575516823719993,0.5056180557797453,0.5462239583333334,dl_manet_r34,MAnet (ResNet34),general,attention,MAnet,resnet34,rgb,31.785373,6.469508647918701
6280-cast-iron-low,6280 Gray Cast Iron,Cast Iron,6280 x 10 (3).jpg,0.3558137842633879,0.5046224412135426,0.5796983506944444,dl_manet_r34,MAnet (ResNet34),general,attention,MAnet,resnet34,rgb,31.785373,6.469508647918701
6280-cast-iron-low,6280 Gray Cast Iron,Cast Iron,6280 x 10 (4).jpg,0.34658124144092,0.4933462169031904,0.5399848090277778,dl_manet_r34,MAnet (ResNet34),general,attention,MAnet,resnet34,rgb,31.785373,6.469508647918701
6280-cast-iron-low,6280 Gray Cast Iron,Cast Iron,6280 x 10 (5).jpg,0.331951536809637,0.48588518492091004,0.5413953993055556,dl_manet_r34,MAnet (ResNet34),general,attention,MAnet,resnet34,rgb,31.785373,6.469508647918701
6280-cast-iron-low,6280 Gray Cast Iron,Cast Iron,6280 x 10 (6).jpg,0.35465719020541614,0.5081012707116283,0.5557183159722222,dl_manet_r34,MAnet (ResNet34),general,attention,MAnet,resnet34,rgb,31.785373,6.469508647918701
6280-cast-iron-low,6280 Gray Cast Iron,Cast Iron,6280 x 10 (7).jpg,0.3856734748858858,0.5443425701951368,0.5570203993055556,dl_manet_r34,MAnet (ResNet34),general,attention,MAnet,resnet34,rgb,31.785373,6.469508647918701
6280-cast-iron-low,6280 Gray Cast Iron,Cast Iron,6280 x 10 (8).jpg,0.34331345614756875,0.4929325227364035,0.5482584635416666,dl_manet_r34,MAnet (ResNet34),general,attention,MAnet,resnet34,rgb,31.785373,6.469508647918701
6280-cast-iron-low,6280 Gray Cast Iron,Cast Iron,6280 x 10 (9).jpg,0.3634214353637537,0.5211996652605609,0.548583984375,dl_manet_r34,MAnet (ResNet34),general,attention,MAnet,resnet34,rgb,31.785373,6.469508647918701
6280-cast-iron-low,6280 Gray Cast Iron,Cast Iron,6280 x 10 (10).jpg,0.34400460082731327,0.5041846947927193,0.5375434027777778,dl_manet_r34,MAnet (ResNet34),general,attention,MAnet,resnet34,rgb,31.785373,6.469508647918701
6280-cast-iron-low,6280 Gray Cast Iron,Cast Iron,6280 x 10 (11).jpg,0.34404591481043084,0.5045396550313267,0.5359700520833334,dl_manet_r34,MAnet (ResNet34),general,attention,MAnet,resnet34,rgb,31.785373,6.469508647918701
4130-steel,4130 Steel,Steel,4130 x 10 (1).jpg,0.45507740047010276,0.6195952789906353,0.6410319010416666,dl_segformer_b0,SegFormer (MiT-B0),general,transformer,Segformer,mit_b0,rgb,3.717485,5.657865762710571
4130-steel,4130 Steel,Steel,4130 x 10 (2).jpg,0.4323528181838169,0.5954841730390075,0.6239963107638888,dl_segformer_b0,SegFormer (MiT-B0),general,transformer,Segformer,mit_b0,rgb,3.717485,5.657865762710571
4130-steel,4130 Steel,Steel,4130 x 10 (3).jpg,0.44382160116993746,0.6071194001756409,0.6343044704861112,dl_segformer_b0,SegFormer (MiT-B0),general,transformer,Segformer,mit_b0,rgb,3.717485,5.657865762710571
4130-steel,4130 Steel,Steel,4130 x 10 (4).jpg,0.4391781698291807,0.6024207996849599,0.6301812065972222,dl_segformer_b0,SegFormer (MiT-B0),general,transformer,Segformer,mit_b0,rgb,3.717485,5.657865762710571
4130-steel,4130 Steel,Steel,4130 x 10 (5).jpg,0.45277113656538914,0.6100131814468923,0.6574435763888888,dl_segformer_b0,SegFormer (MiT-B0),general,transformer,Segformer,mit_b0,rgb,3.717485,5.657865762710571
4130-steel,4130 Steel,Steel,4130 x 10 (6).jpg,0.47453836526860205,0.6319445375952462,0.6754286024305556,dl_segformer_b0,SegFormer (MiT-B0),general,transformer,Segformer,mit_b0,rgb,3.717485,5.657865762710571
4130-steel,4130 Steel,Steel,4130 x 10 (7).jpg,0.47413735849844585,0.6339978317955293,0.6686197916666666,dl_segformer_b0,SegFormer (MiT-B0),general,transformer,Segformer,mit_b0,rgb,3.717485,5.657865762710571
4130-steel,4130 Steel,Steel,4130 x 10 (8).jpg,0.4480503896278617,0.6115259946391317,0.6376410590277778,dl_segformer_b0,SegFormer (MiT-B0),general,transformer,Segformer,mit_b0,rgb,3.717485,5.657865762710571
4130-steel,4130 Steel,Steel,4130 x 10 (9).jpg,0.4551465504996235,0.6146542316625508,0.6538899739583334,dl_segformer_b0,SegFormer (MiT-B0),general,transformer,Segformer,mit_b0,rgb,3.717485,5.657865762710571
4130-steel,4130 Steel,Steel,4130 x 10 (10).jpg,0.4438177705368004,0.607472558698513,0.6334092881944444,dl_segformer_b0,SegFormer (MiT-B0),general,transformer,Segformer,mit_b0,rgb,3.717485,5.657865762710571
4130-steel,4130 Steel,Steel,4130 x 10 (11).jpg,0.4306047300519119,0.5961035039680946,0.6165635850694444,dl_segformer_b0,SegFormer (MiT-B0),general,transformer,Segformer,mit_b0,rgb,3.717485,5.657865762710571
4130-steel,4130 Steel,Steel,4130 x 10 (12).jpg,0.43865943643491356,0.6041830079760663,0.6240505642361112,dl_segformer_b0,SegFormer (MiT-B0),general,transformer,Segformer,mit_b0,rgb,3.717485,5.657865762710571
4130-steel,4130 Steel,Steel,4130 x 10 (13).jpg,0.4428252571471223,0.6066741614278461,0.6320258246527778,dl_segformer_b0,SegFormer (MiT-B0),general,transformer,Segformer,mit_b0,rgb,3.717485,5.657865762710571
4130-steel,4130 Steel,Steel,4130 x 10 (14).jpg,0.41993510926054256,0.5868280078086718,0.6027560763888888,dl_segformer_b0,SegFormer (MiT-B0),general,transformer,Segformer,mit_b0,rgb,3.717485,5.657865762710571
4130-steel,4130 Steel,Steel,4130 x 10 (15).jpg,0.42536913864610526,0.5899974376385773,0.6135796440972222,dl_segformer_b0,SegFormer (MiT-B0),general,transformer,Segformer,mit_b0,rgb,3.717485,5.657865762710571
4130-steel,4130 Steel,Steel,4130 x 10 (16).jpg,0.4523792549034295,0.6148777704750237,0.6439073350694444,dl_segformer_b0,SegFormer (MiT-B0),general,transformer,Segformer,mit_b0,rgb,3.717485,5.657865762710571
4130-steel,4130 Steel,Steel,4130 x 10 (17).jpg,0.41583039802599586,0.5830121753395718,0.5979275173611112,dl_segformer_b0,SegFormer (MiT-B0),general,transformer,Segformer,mit_b0,rgb,3.717485,5.657865762710571
4130-steel,4130 Steel,Steel,4130 x 10 (18).jpg,0.43916433841448865,0.6035866745733827,0.6272515190972222,dl_segformer_b0,SegFormer (MiT-B0),general,transformer,Segformer,mit_b0,rgb,3.717485,5.657865762710571
4130-steel,4130 Steel,Steel,4130 x 10 (19).jpg,0.4608562154504377,0.6223967541995595,0.653564453125,dl_segformer_b0,SegFormer (MiT-B0),general,transformer,Segformer,mit_b0,rgb,3.717485,5.657865762710571
4130-steel,4130 Steel,Steel,4130 x 10 (20).jpg,0.47144817491217994,0.6308743531583376,0.6676703559027778,dl_segformer_b0,SegFormer (MiT-B0),general,transformer,Segformer,mit_b0,rgb,3.717485,5.657865762710571
4130-steel,4130 Steel,Steel,4130 x 20 (1).jpg,0.49215929453790336,0.6436398440356076,0.7046169704861112,dl_segformer_b0,SegFormer (MiT-B0),general,transformer,Segformer,mit_b0,rgb,3.717485,5.657865762710571
4130-steel,4130 Steel,Steel,4130 x 20 (2).jpg,0.5020903039321968,0.6553043034659665,0.7068684895833334,dl_segformer_b0,SegFormer (MiT-B0),general,transformer,Segformer,mit_b0,rgb,3.717485,5.657865762710571
4130-steel,4130 Steel,Steel,4130 x 20 (3).jpg,0.48921013066309676,0.6444472116120754,0.6923285590277778,dl_segformer_b0,SegFormer (MiT-B0),general,transformer,Segformer,mit_b0,rgb,3.717485,5.657865762710571
4130-steel,4130 Steel,Steel,4130 x 20 (4).jpg,0.44579022286078973,0.5928390042061163,0.6752115885416666,dl_segformer_b0,SegFormer (MiT-B0),general,transformer,Segformer,mit_b0,rgb,3.717485,5.657865762710571
4130-steel,4130 Steel,Steel,4130 x 20 (5).jpg,0.6049318219637785,0.7525901369732679,0.7588975694444444,dl_segformer_b0,SegFormer (MiT-B0),general,transformer,Segformer,mit_b0,rgb,3.717485,5.657865762710571
4130-steel,4130 Steel,Steel,4130 x 20 (6).jpg,0.6109781940207173,0.7571414983784494,0.7641872829861112,dl_segformer_b0,SegFormer (MiT-B0),general,transformer,Segformer,mit_b0,rgb,3.717485,5.657865762710571
4130-steel,4130 Steel,Steel,4130 x 20 (7).jpg,0.5851177027406353,0.7364651507329023,0.7450900607638888,dl_segformer_b0,SegFormer (MiT-B0),general,transformer,Segformer,mit_b0,rgb,3.717485,5.657865762710571
4130-steel,4130 Steel,Steel,4130 x 20 (8).jpg,0.586080842333443,0.7370659982867689,0.7465006510416666,dl_segformer_b0,SegFormer (MiT-B0),general,transformer,Segformer,mit_b0,rgb,3.717485,5.657865762710571
4130-steel,4130 Steel,Steel,4130 x 20 (9).jpg,0.5999934920010705,0.7484789429068315,0.7560221354166666,dl_segformer_b0,SegFormer (MiT-B0),general,transformer,Segformer,mit_b0,rgb,3.717485,5.657865762710571
4130-steel,4130 Steel,Steel,4130 x 20 (10).jpg,0.5733182390961011,0.7275043294875491,0.7335611979166666,dl_segformer_b0,SegFormer (MiT-B0),general,transformer,Segformer,mit_b0,rgb,3.717485,5.657865762710571
4130-steel,4130 Steel,Steel,4130 x 20 (11).jpg,0.5707507311593617,0.7262551870888343,0.7284342447916666,dl_segformer_b0,SegFormer (MiT-B0),general,transformer,Segformer,mit_b0,rgb,3.717485,5.657865762710571
4130-steel,4130 Steel,Steel,4130 x 20 (12).jpg,0.5766775118891782,0.7306063712897086,0.73486328125,dl_segformer_b0,SegFormer (MiT-B0),general,transformer,Segformer,mit_b0,rgb,3.717485,5.657865762710571
4130-steel,4130 Steel,Steel,4130 x 20 (13).jpg,0.5722934023120287,0.7271882476636111,0.7308485243055556,dl_segformer_b0,SegFormer (MiT-B0),general,transformer,Segformer,mit_b0,rgb,3.717485,5.657865762710571
4130-steel,4130 Steel,Steel,4130 x 20 (14).jpg,0.5699926916256948,0.7253732217678499,0.7287868923611112,dl_segformer_b0,SegFormer (MiT-B0),general,transformer,Segformer,mit_b0,rgb,3.717485,5.657865762710571
4130-steel,4130 Steel,Steel,4130 x 20 (15).jpg,0.5909770485943737,0.7415836056168812,0.748046875,dl_segformer_b0,SegFormer (MiT-B0),general,transformer,Segformer,mit_b0,rgb,3.717485,5.657865762710571
4130-steel,4130 Steel,Steel,4130 x 20 (16).jpg,0.585029204807767,0.7360366410902741,0.7463650173611112,dl_segformer_b0,SegFormer (MiT-B0),general,transformer,Segformer,mit_b0,rgb,3.717485,5.657865762710571
4130-steel,4130 Steel,Steel,4130 x 20 (17).jpg,0.6091217176824467,0.7554688459184836,0.7636990017361112,dl_segformer_b0,SegFormer (MiT-B0),general,transformer,Segformer,mit_b0,rgb,3.717485,5.657865762710571
4130-steel,4130 Steel,Steel,4130 x 20 (18).jpg,0.5842889741124019,0.7343324561463543,0.7499186197916666,dl_segformer_b0,SegFormer (MiT-B0),general,transformer,Segformer,mit_b0,rgb,3.717485,5.657865762710571
4130-steel,4130 Steel,Steel,4130 x 20 (19).jpg,0.6188583416105191,0.7621470043656102,0.7747124565972222,dl_segformer_b0,SegFormer (MiT-B0),general,transformer,Segformer,mit_b0,rgb,3.717485,5.657865762710571
4130-steel,4130 Steel,Steel,4130 x 20 (20).jpg,0.6242958949648758,0.7666543085854473,0.7774522569444444,dl_segformer_b0,SegFormer (MiT-B0),general,transformer,Segformer,mit_b0,rgb,3.717485,5.657865762710571
418-17-4ph-x20,418 Printed 17-4 PH Steel,Steel,x20 (1).jpg,0.4014626923024571,0.5120458246318695,0.6976725260416666,dl_segformer_b0,SegFormer (MiT-B0),general,transformer,Segformer,mit_b0,rgb,3.717485,5.657865762710571
418-17-4ph-x20,418 Printed 17-4 PH Steel,Steel,x20 (2).jpg,0.4791218651745749,0.5800024640165808,0.8093804253472222,dl_segformer_b0,SegFormer (MiT-B0),general,transformer,Segformer,mit_b0,rgb,3.717485,5.657865762710571
418-17-4ph-x20,418 Printed 17-4 PH Steel,Steel,x20 (3).jpg,0.5143349064541178,0.6116348582289229,0.8534884982638888,dl_segformer_b0,SegFormer (MiT-B0),general,transformer,Segformer,mit_b0,rgb,3.717485,5.657865762710571
418-17-4ph-x20,418 Printed 17-4 PH Steel,Steel,x20 (4).jpg,0.523848900569597,0.6222153100176183,0.8604329427083334,dl_segformer_b0,SegFormer (MiT-B0),general,transformer,Segformer,mit_b0,rgb,3.717485,5.657865762710571
418-17-4ph-x20,418 Printed 17-4 PH Steel,Steel,x20 (5).jpg,0.5030208755156971,0.5978059283816306,0.8472222222222222,dl_segformer_b0,SegFormer (MiT-B0),general,transformer,Segformer,mit_b0,rgb,3.717485,5.657865762710571
418-17-4ph-x20,418 Printed 17-4 PH Steel,Steel,x20 (6).jpg,0.390264852097316,0.4880485004483221,0.7047526041666666,dl_segformer_b0,SegFormer (MiT-B0),general,transformer,Segformer,mit_b0,rgb,3.717485,5.657865762710571
418-17-4ph-x20,418 Printed 17-4 PH Steel,Steel,x20 (7).jpg,0.3851877605085021,0.5093560041267748,0.6515299479166666,dl_segformer_b0,SegFormer (MiT-B0),general,transformer,Segformer,mit_b0,rgb,3.717485,5.657865762710571
418-17-4ph-x20,418 Printed 17-4 PH Steel,Steel,x20 (8).jpg,0.509097374429626,0.6106252143523444,0.8392740885416666,dl_segformer_b0,SegFormer (MiT-B0),general,transformer,Segformer,mit_b0,rgb,3.717485,5.657865762710571
418-17-4ph-x20,418 Printed 17-4 PH Steel,Steel,x20 (9).jpg,0.3380228133816416,0.45207267880705426,0.6023220486111112,dl_segformer_b0,SegFormer (MiT-B0),general,transformer,Segformer,mit_b0,rgb,3.717485,5.657865762710571
418-17-4ph-x20,418 Printed 17-4 PH Steel,Steel,x20 (10).jpg,0.4608177757593812,0.5669886125197068,0.7785101996527778,dl_segformer_b0,SegFormer (MiT-B0),general,transformer,Segformer,mit_b0,rgb,3.717485,5.657865762710571
418-17-4ph-x20,418 Printed 17-4 PH Steel,Steel,x20 (11).jpg,0.4783346177788337,0.5163767671825278,0.91748046875,dl_segformer_b0,SegFormer (MiT-B0),general,transformer,Segformer,mit_b0,rgb,3.717485,5.657865762710571
418-17-4ph-x20,418 Printed 17-4 PH Steel,Steel,x20 (12).jpg,0.49857688961865615,0.5453545960987451,0.929443359375,dl_segformer_b0,SegFormer (MiT-B0),general,transformer,Segformer,mit_b0,rgb,3.717485,5.657865762710571
418-17-4ph-x20,418 Printed 17-4 PH Steel,Steel,x20 (13).jpg,0.5415411310040223,0.5847887160772729,0.986328125,dl_segformer_b0,SegFormer (MiT-B0),general,transformer,Segformer,mit_b0,rgb,3.717485,5.657865762710571
418-17-4ph-x20,418 Printed 17-4 PH Steel,Steel,x20 (14).jpg,0.5113167153011111,0.5589948265485304,0.9434407552083334,dl_segformer_b0,SegFormer (MiT-B0),general,transformer,Segformer,mit_b0,rgb,3.717485,5.657865762710571
418-17-4ph-x20,418 Printed 17-4 PH Steel,Steel,x20 (15).jpg,0.49345999958972686,0.5289573992799861,0.9407823350694444,dl_segformer_b0,SegFormer (MiT-B0),general,transformer,Segformer,mit_b0,rgb,3.717485,5.657865762710571
418-17-4ph-x20,418 Printed 17-4 PH Steel,Steel,x20 (16).jpg,0.4998399573275489,0.5503198867283882,0.9249403211805556,dl_segformer_b0,SegFormer (MiT-B0),general,transformer,Segformer,mit_b0,rgb,3.717485,5.657865762710571
418-17-4ph-x20,418 Printed 17-4 PH Steel,Steel,x20 (17).jpg,0.5242578682881115,0.5755305088711496,0.9525824652777778,dl_segformer_b0,SegFormer (MiT-B0),general,transformer,Segformer,mit_b0,rgb,3.717485,5.657865762710571
418-17-4ph-x20,418 Printed 17-4 PH Steel,Steel,x20 (18).jpg,0.4988676305782822,0.5354242163192335,0.9459906684027778,dl_segformer_b0,SegFormer (MiT-B0),general,transformer,Segformer,mit_b0,rgb,3.717485,5.657865762710571
418-17-4ph-x20,418 Printed 17-4 PH Steel,Steel,x20 (19).jpg,0.49347064110038313,0.5210558717849542,0.9526909722222222,dl_segformer_b0,SegFormer (MiT-B0),general,transformer,Segformer,mit_b0,rgb,3.717485,5.657865762710571
418-17-4ph-x20,418 Printed 17-4 PH Steel,Steel,x20 (20).jpg,0.2699447804040063,0.3658094791024617,0.5186631944444444,dl_segformer_b0,SegFormer (MiT-B0),general,transformer,Segformer,mit_b0,rgb,3.717485,5.657865762710571
418-17-4ph-x20,418 Printed 17-4 PH Steel,Steel,x20 (21).jpg,0.2383907503341042,0.33801840156708873,0.4559733072916667,dl_segformer_b0,SegFormer (MiT-B0),general,transformer,Segformer,mit_b0,rgb,3.717485,5.657865762710571
418-17-4ph-x5,418 Printed 17-4 PH Steel,Steel,x5 (1).jpg,0.7974901700469612,0.8757935220837947,0.9802788628472222,dl_segformer_b0,SegFormer (MiT-B0),general,transformer,Segformer,mit_b0,rgb,3.717485,5.657865762710571
418-17-4ph-x5,418 Printed 17-4 PH Steel,Steel,x5 (2).jpg,0.8395259467333474,0.9063490163687229,0.9812554253472222,dl_segformer_b0,SegFormer (MiT-B0),general,transformer,Segformer,mit_b0,rgb,3.717485,5.657865762710571
418-17-4ph-x5,418 Printed 17-4 PH Steel,Steel,x5 (3).jpg,0.8094328282636707,0.8840310575141432,0.9865180121527778,dl_segformer_b0,SegFormer (MiT-B0),general,transformer,Segformer,mit_b0,rgb,3.717485,5.657865762710571
418-17-4ph-x5,418 Printed 17-4 PH Steel,Steel,x5 (4).jpg,0.7747276869345066,0.8590992615564934,0.9721950954861112,dl_segformer_b0,SegFormer (MiT-B0),general,transformer,Segformer,mit_b0,rgb,3.717485,5.657865762710571
418-17-4ph-x5,418 Printed 17-4 PH Steel,Steel,x5 (5).jpg,0.9042971642192894,0.9482274725526747,0.9790310329861112,dl_segformer_b0,SegFormer (MiT-B0),general,transformer,Segformer,mit_b0,rgb,3.717485,5.657865762710571
418-17-4ph-x5,418 Printed 17-4 PH Steel,Steel,x5 (6).jpg,0.8627359936153232,0.9219164612906485,0.9825846354166666,dl_segformer_b0,SegFormer (MiT-B0),general,transformer,Segformer,mit_b0,rgb,3.717485,5.657865762710571
418-17-4ph-x5,418 Printed 17-4 PH Steel,Steel,x5 (7).jpg,0.7861250000369517,0.8671178923324507,0.9791395399305556,dl_segformer_b0,SegFormer (MiT-B0),general,transformer,Segformer,mit_b0,rgb,3.717485,5.657865762710571
418-17-4ph-x5,418 Printed 17-4 PH Steel,Steel,x5 (8).jpg,0.7954636706762807,0.8735608737089708,0.985107421875,dl_segformer_b0,SegFormer (MiT-B0),general,transformer,Segformer,mit_b0,rgb,3.717485,5.657865762710571
418-17-4ph-x5,418 Printed 17-4 PH Steel,Steel,x5 (9).jpg,0.8142176467411052,0.8878855528451415,0.9842122395833334,dl_segformer_b0,SegFormer (MiT-B0),general,transformer,Segformer,mit_b0,rgb,3.717485,5.657865762710571
418-17-4ph-x5,418 Printed 17-4 PH Steel,Steel,x5 (10).jpg,0.816224599254545,0.8893274023895466,0.9845377604166666,dl_segformer_b0,SegFormer (MiT-B0),general,transformer,Segformer,mit_b0,rgb,3.717485,5.657865762710571
418-17-4ph-x5,418 Printed 17-4 PH Steel,Steel,x5 (11).jpg,0.7944313519225212,0.873392344207724,0.9806043836805556,dl_segformer_b0,SegFormer (MiT-B0),general,transformer,Segformer,mit_b0,rgb,3.717485,5.657865762710571
418-17-4ph-x5,418 Printed 17-4 PH Steel,Steel,x5 (12).jpg,0.8026185116319349,0.8795487825745257,0.9814453125,dl_segformer_b0,SegFormer (MiT-B0),general,transformer,Segformer,mit_b0,rgb,3.717485,5.657865762710571
418-17-4ph-x5,418 Printed 17-4 PH Steel,Steel,x5 (13).jpg,0.7882566235995774,0.8678480312147002,0.985595703125,dl_segformer_b0,SegFormer (MiT-B0),general,transformer,Segformer,mit_b0,rgb,3.717485,5.657865762710571
418-17-4ph-x5,418 Printed 17-4 PH Steel,Steel,x5 (14).jpg,0.836305023178788,0.9035481504544773,0.9866265190972222,dl_segformer_b0,SegFormer (MiT-B0),general,transformer,Segformer,mit_b0,rgb,3.717485,5.657865762710571
418-17-4ph-x5,418 Printed 17-4 PH Steel,Steel,x5 (15).jpg,0.8520001579124286,0.9159003660948439,0.9698621961805556,dl_segformer_b0,SegFormer (MiT-B0),general,transformer,Segformer,mit_b0,rgb,3.717485,5.657865762710571
418-17-4ph-x5,418 Printed 17-4 PH Steel,Steel,x5 (16).jpg,0.8430438672900582,0.909505829924655,0.9737684461805556,dl_segformer_b0,SegFormer (MiT-B0),general,transformer,Segformer,mit_b0,rgb,3.717485,5.657865762710571
418-17-4ph-x5,418 Printed 17-4 PH Steel,Steel,x5 (17).jpg,0.8931643443129942,0.9417679571383051,0.9744737413194444,dl_segformer_b0,SegFormer (MiT-B0),general,transformer,Segformer,mit_b0,rgb,3.717485,5.657865762710571
418-17-4ph-x5,418 Printed 17-4 PH Steel,Steel,x5 (18).jpg,0.7552532481636156,0.8426622016553218,0.9743381076388888,dl_segformer_b0,SegFormer (MiT-B0),general,transformer,Segformer,mit_b0,rgb,3.717485,5.657865762710571
418-17-4ph-x5,418 Printed 17-4 PH Steel,Steel,x5 (19).jpg,0.7859212204200348,0.866909157453097,0.9794650607638888,dl_segformer_b0,SegFormer (MiT-B0),general,transformer,Segformer,mit_b0,rgb,3.717485,5.657865762710571
418-17-4ph-x5,418 Printed 17-4 PH Steel,Steel,x5 (20).jpg,0.7834079215957852,0.865005737500161,0.9788953993055556,dl_segformer_b0,SegFormer (MiT-B0),general,transformer,Segformer,mit_b0,rgb,3.717485,5.657865762710571
418-17-4ph-x5,418 Printed 17-4 PH Steel,Steel,x5 (21).jpg,0.7634231533674248,0.848352494411293,0.9811740451388888,dl_segformer_b0,SegFormer (MiT-B0),general,transformer,Segformer,mit_b0,rgb,3.717485,5.657865762710571
418-17-4ph-x5,418 Printed 17-4 PH Steel,Steel,x5 (22).jpg,0.7505687212948027,0.8389978583265405,0.9725206163194444,dl_segformer_b0,SegFormer (MiT-B0),general,transformer,Segformer,mit_b0,rgb,3.717485,5.657865762710571
418-17-4ph-x5,418 Printed 17-4 PH Steel,Steel,x5 (23).jpg,0.7773669876383513,0.8601512172830894,0.9790581597222222,dl_segformer_b0,SegFormer (MiT-B0),general,transformer,Segformer,mit_b0,rgb,3.717485,5.657865762710571
418-17-4ph-x5,418 Printed 17-4 PH Steel,Steel,x5 (24).jpg,0.802226988522543,0.8791686699141611,0.9820692274305556,dl_segformer_b0,SegFormer (MiT-B0),general,transformer,Segformer,mit_b0,rgb,3.717485,5.657865762710571
418-17-4ph-x5,418 Printed 17-4 PH Steel,Steel,x5 (25).jpg,0.7649839296300258,0.8502757091417774,0.9775119357638888,dl_segformer_b0,SegFormer (MiT-B0),general,transformer,Segformer,mit_b0,rgb,3.717485,5.657865762710571
5884-armor-steel,5884 Armor Steel,Steel,5884 x 5 (1).jpg,0.5846448448078758,0.7341554956627006,0.7519259982638888,dl_segformer_b0,SegFormer (MiT-B0),general,transformer,Segformer,mit_b0,rgb,3.717485,5.657865762710571
5884-armor-steel,5884 Armor Steel,Steel,5884 x 5 (2).jpg,0.6308823438687963,0.7724512968460346,0.7790256076388888,dl_segformer_b0,SegFormer (MiT-B0),general,transformer,Segformer,mit_b0,rgb,3.717485,5.657865762710571
5884-armor-steel,5884 Armor Steel,Steel,5884 x 5 (3).jpg,0.6870798110377667,0.8137133756212758,0.81884765625,dl_segformer_b0,SegFormer (MiT-B0),general,transformer,Segformer,mit_b0,rgb,3.717485,5.657865762710571
5884-armor-steel,5884 Armor Steel,Steel,5884 x 5 (4).jpg,0.7153027876075152,0.8340183494326119,0.8340657552083334,dl_segformer_b0,SegFormer (MiT-B0),general,transformer,Segformer,mit_b0,rgb,3.717485,5.657865762710571
5884-armor-steel,5884 Armor Steel,Steel,5884 x 5 (5).jpg,0.705369556321144,0.8248299351388642,0.8409559461805556,dl_segformer_b0,SegFormer (MiT-B0),general,transformer,Segformer,mit_b0,rgb,3.717485,5.657865762710571
5884-armor-steel,5884 Armor Steel,Steel,5884 x 10 (1).jpg,0.7328941587185278,0.845112849034932,0.8506944444444444,dl_segformer_b0,SegFormer (MiT-B0),general,transformer,Segformer,mit_b0,rgb,3.717485,5.657865762710571
5884-armor-steel,5884 Armor Steel,Steel,5884 x 10 (2).jpg,0.7371963186134423,0.8484738428466788,0.850341796875,dl_segformer_b0,SegFormer (MiT-B0),general,transformer,Segformer,mit_b0,rgb,3.717485,5.657865762710571
5884-armor-steel,5884 Armor Steel,Steel,5884 x 10 (3).jpg,0.5902225398190679,0.7417025467921003,0.7446831597222222,dl_segformer_b0,SegFormer (MiT-B0),general,transformer,Segformer,mit_b0,rgb,3.717485,5.657865762710571
5884-armor-steel,5884 Armor Steel,Steel,5884 x 10 (4).jpg,0.6901024969585172,0.81662295484048,0.8167317708333334,dl_segformer_b0,SegFormer (MiT-B0),general,transformer,Segformer,mit_b0,rgb,3.717485,5.657865762710571
5884-armor-steel,5884 Armor Steel,Steel,5884 x 10 (5).jpg,0.6137253285133208,0.7604687962103341,0.7613118489583334,dl_segformer_b0,SegFormer (MiT-B0),general,transformer,Segformer,mit_b0,rgb,3.717485,5.657865762710571
5884-armor-steel,5884 Armor Steel,Steel,5884 x 10 (6).jpg,0.5825627801868966,0.7362147257444249,0.7362738715277778,dl_segformer_b0,SegFormer (MiT-B0),general,transformer,Segformer,mit_b0,rgb,3.717485,5.657865762710571
5884-armor-steel,5884 Armor Steel,Steel,5884 x 20 (1).jpg,0.6785697360233055,0.7982932843707957,0.8591579861111112,dl_segformer_b0,SegFormer (MiT-B0),general,transformer,Segformer,mit_b0,rgb,3.717485,5.657865762710571
5884-armor-steel,5884 Armor Steel,Steel,5884 x 20 (2).jpg,0.7132375315539792,0.8254295388523205,0.8738064236111112,dl_segformer_b0,SegFormer (MiT-B0),general,transformer,Segformer,mit_b0,rgb,3.717485,5.657865762710571
5884-armor-steel,5884 Armor Steel,Steel,5884 x 20 (3).jpg,0.8478344755451184,0.9176459904172789,0.917724609375,dl_segformer_b0,SegFormer (MiT-B0),general,transformer,Segformer,mit_b0,rgb,3.717485,5.657865762710571
5884-armor-steel,5884 Armor Steel,Steel,5884 x 20 (4).jpg,0.7505216243610542,0.8538977049192435,0.8820258246527778,dl_segformer_b0,SegFormer (MiT-B0),general,transformer,Segformer,mit_b0,rgb,3.717485,5.657865762710571
5884-armor-steel,5884 Armor Steel,Steel,5884 x 20 (5).jpg,0.7848625118586765,0.8771073247740399,0.8986545138888888,dl_segformer_b0,SegFormer (MiT-B0),general,transformer,Segformer,mit_b0,rgb,3.717485,5.657865762710571
5884-armor-steel,5884 Armor Steel,Steel,5884 x 20 (6).jpg,0.6761884020251802,0.8010556685776429,0.8357747395833334,dl_segformer_b0,SegFormer (MiT-B0),general,transformer,Segformer,mit_b0,rgb,3.717485,5.657865762710571
5884-armor-steel,5884 Armor Steel,Steel,5884 x 50 (1).jpg,0.7034415143551103,0.8258930879823418,0.8259819878472222,dl_segformer_b0,SegFormer (MiT-B0),general,transformer,Segformer,mit_b0,rgb,3.717485,5.657865762710571
5884-armor-steel,5884 Armor Steel,Steel,5884 x 50 (2).jpg,0.6878349830641387,0.8139041251266571,0.8212076822916666,dl_segformer_b0,SegFormer (MiT-B0),general,transformer,Segformer,mit_b0,rgb,3.717485,5.657865762710571
5884-armor-steel,5884 Armor Steel,Steel,5884 x 50 (3).jpg,0.7616860541898989,0.8645703169969323,0.8658582899305556,dl_segformer_b0,SegFormer (MiT-B0),general,transformer,Segformer,mit_b0,rgb,3.717485,5.657865762710571
5884-armor-steel,5884 Armor Steel,Steel,5884 x 50 (4).jpg,0.6753980823922847,0.8062525011665131,0.8062608506944444,dl_segformer_b0,SegFormer (MiT-B0),general,transformer,Segformer,mit_b0,rgb,3.717485,5.657865762710571
6280-cast-iron-high,6280 Gray Cast Iron,Cast Iron,6280 x 20 (1).jpg,0.5734406108017065,0.7041162578084188,0.8126627604166666,dl_segformer_b0,SegFormer (MiT-B0),general,transformer,Segformer,mit_b0,rgb,3.717485,5.657865762710571
6280-cast-iron-high,6280 Gray Cast Iron,Cast Iron,6280 x 20 (2).jpg,0.5720345108574802,0.6973657860295301,0.8282063802083334,dl_segformer_b0,SegFormer (MiT-B0),general,transformer,Segformer,mit_b0,rgb,3.717485,5.657865762710571
6280-cast-iron-high,6280 Gray Cast Iron,Cast Iron,6280 x 20 (3).jpg,0.5635461836855037,0.6956567729100679,0.8036566840277778,dl_segformer_b0,SegFormer (MiT-B0),general,transformer,Segformer,mit_b0,rgb,3.717485,5.657865762710571
6280-cast-iron-high,6280 Gray Cast Iron,Cast Iron,6280 x 20 (4).jpg,0.5950850748677441,0.7220593985756723,0.8328179253472222,dl_segformer_b0,SegFormer (MiT-B0),general,transformer,Segformer,mit_b0,rgb,3.717485,5.657865762710571
6280-cast-iron-high,6280 Gray Cast Iron,Cast Iron,6280 x 20 (5).jpg,0.5726171502894437,0.6978840818605564,0.8286946614583334,dl_segformer_b0,SegFormer (MiT-B0),general,transformer,Segformer,mit_b0,rgb,3.717485,5.657865762710571
6280-cast-iron-high,6280 Gray Cast Iron,Cast Iron,6280 x 20 (6).jpg,0.5761244065325375,0.7046139153843762,0.8206108940972222,dl_segformer_b0,SegFormer (MiT-B0),general,transformer,Segformer,mit_b0,rgb,3.717485,5.657865762710571
6280-cast-iron-high,6280 Gray Cast Iron,Cast Iron,6280 x 20 (7).jpg,0.5914934781526575,0.70841908138641,0.8630099826388888,dl_segformer_b0,SegFormer (MiT-B0),general,transformer,Segformer,mit_b0,rgb,3.717485,5.657865762710571
6280-cast-iron-high,6280 Gray Cast Iron,Cast Iron,6280 x 20 (8).jpg,0.5833699816018486,0.7141266788770031,0.8164333767361112,dl_segformer_b0,SegFormer (MiT-B0),general,transformer,Segformer,mit_b0,rgb,3.717485,5.657865762710571
6280-cast-iron-high,6280 Gray Cast Iron,Cast Iron,6280 x 20 (9).jpg,0.5750252939837286,0.6970738875043111,0.8394639756944444,dl_segformer_b0,SegFormer (MiT-B0),general,transformer,Segformer,mit_b0,rgb,3.717485,5.657865762710571
6280-cast-iron-high,6280 Gray Cast Iron,Cast Iron,6280 x 20 (10).jpg,0.5985985316295095,0.7209709821931245,0.8490125868055556,dl_segformer_b0,SegFormer (MiT-B0),general,transformer,Segformer,mit_b0,rgb,3.717485,5.657865762710571
6280-cast-iron-low,6280 Gray Cast Iron,Cast Iron,6280 x 10 (1).jpg,0.4885407436347808,0.6525682266957714,0.6991644965277778,dl_segformer_b0,SegFormer (MiT-B0),general,transformer,Segformer,mit_b0,rgb,3.717485,5.657865762710571
6280-cast-iron-low,6280 Gray Cast Iron,Cast Iron,6280 x 10 (2).jpg,0.5004633604316876,0.6652304920869733,0.69677734375,dl_segformer_b0,SegFormer (MiT-B0),general,transformer,Segformer,mit_b0,rgb,3.717485,5.657865762710571
6280-cast-iron-low,6280 Gray Cast Iron,Cast Iron,6280 x 10 (3).jpg,0.48203863601268404,0.645995135978786,0.6961263020833334,dl_segformer_b0,SegFormer (MiT-B0),general,transformer,Segformer,mit_b0,rgb,3.717485,5.657865762710571
6280-cast-iron-low,6280 Gray Cast Iron,Cast Iron,6280 x 10 (4).jpg,0.5137823606478032,0.6762583450123624,0.7142198350694444,dl_segformer_b0,SegFormer (MiT-B0),general,transformer,Segformer,mit_b0,rgb,3.717485,5.657865762710571
6280-cast-iron-low,6280 Gray Cast Iron,Cast Iron,6280 x 10 (5).jpg,0.4364299160944012,0.6021982062393061,0.6574978298611112,dl_segformer_b0,SegFormer (MiT-B0),general,transformer,Segformer,mit_b0,rgb,3.717485,5.657865762710571
6280-cast-iron-low,6280 Gray Cast Iron,Cast Iron,6280 x 10 (6).jpg,0.49738556668553785,0.660690411481366,0.7063530815972222,dl_segformer_b0,SegFormer (MiT-B0),general,transformer,Segformer,mit_b0,rgb,3.717485,5.657865762710571
6280-cast-iron-low,6280 Gray Cast Iron,Cast Iron,6280 x 10 (7).jpg,0.4975465957611595,0.663017543149129,0.6893446180555556,dl_segformer_b0,SegFormer (MiT-B0),general,transformer,Segformer,mit_b0,rgb,3.717485,5.657865762710571
6280-cast-iron-low,6280 Gray Cast Iron,Cast Iron,6280 x 10 (8).jpg,0.4971544464081967,0.6588797519746438,0.7141927083333334,dl_segformer_b0,SegFormer (MiT-B0),general,transformer,Segformer,mit_b0,rgb,3.717485,5.657865762710571
6280-cast-iron-low,6280 Gray Cast Iron,Cast Iron,6280 x 10 (9).jpg,0.5093255982818348,0.672295873705922,0.7089572482638888,dl_segformer_b0,SegFormer (MiT-B0),general,transformer,Segformer,mit_b0,rgb,3.717485,5.657865762710571
6280-cast-iron-low,6280 Gray Cast Iron,Cast Iron,6280 x 10 (10).jpg,0.49208791594956564,0.6492832211566885,0.7258029513888888,dl_segformer_b0,SegFormer (MiT-B0),general,transformer,Segformer,mit_b0,rgb,3.717485,5.657865762710571
6280-cast-iron-low,6280 Gray Cast Iron,Cast Iron,6280 x 10 (11).jpg,0.4810886457598989,0.6401035381993541,0.7122395833333334,dl_segformer_b0,SegFormer (MiT-B0),general,transformer,Segformer,mit_b0,rgb,3.717485,5.657865762710571
4130-steel,4130 Steel,Steel,4130 x 10 (1).jpg,0.2550394813449625,0.3378140537518417,0.5100368923611112,dl_upernet_b0,UPerNet (MiT-B0),general,transformer,UPerNet,mit_b0,rgb,10.735469,5.455730199813843
4130-steel,4130 Steel,Steel,4130 x 10 (2).jpg,0.264404296875,0.3458958799105717,0.52880859375,dl_upernet_b0,UPerNet (MiT-B0),general,transformer,UPerNet,mit_b0,rgb,10.735469,5.455730199813843
4130-steel,4130 Steel,Steel,4130 x 10 (3).jpg,0.265380859375,0.3467304625199362,0.53076171875,dl_upernet_b0,UPerNet (MiT-B0),general,transformer,UPerNet,mit_b0,rgb,10.735469,5.455730199813843
4130-steel,4130 Steel,Steel,4130 x 10 (4).jpg,0.2715115017361111,0.35192152174677405,0.5430230034722222,dl_upernet_b0,UPerNet (MiT-B0),general,transformer,UPerNet,mit_b0,rgb,10.735469,5.455730199813843
4130-steel,4130 Steel,Steel,4130 x 10 (5).jpg,0.2978651258680556,0.3733276668083298,0.5957302517361112,dl_upernet_b0,UPerNet (MiT-B0),general,transformer,UPerNet,mit_b0,rgb,10.735469,5.455730199813843
4130-steel,4130 Steel,Steel,4130 x 10 (6).jpg,0.28717509486240206,0.36489328956507927,0.5742458767361112,dl_upernet_b0,UPerNet (MiT-B0),general,transformer,UPerNet,mit_b0,rgb,10.735469,5.455730199813843
4130-steel,4130 Steel,Steel,4130 x 10 (7).jpg,0.27987780440937604,0.35891019843770333,0.5597059461805556,dl_upernet_b0,UPerNet (MiT-B0),general,transformer,UPerNet,mit_b0,rgb,10.735469,5.455730199813843
4130-steel,4130 Steel,Steel,4130 x 10 (8).jpg,0.2584499782986111,0.3407607432178687,0.5168999565972222,dl_upernet_b0,UPerNet (MiT-B0),general,transformer,UPerNet,mit_b0,rgb,10.735469,5.455730199813843
4130-steel,4130 Steel,Steel,4130 x 10 (9).jpg,0.275319764421156,0.3551400436600995,0.5505913628472222,dl_upernet_b0,UPerNet (MiT-B0),general,transformer,UPerNet,mit_b0,rgb,10.735469,5.455730199813843
4130-steel,4130 Steel,Steel,4130 x 10 (10).jpg,0.25296399724002694,0.3359883123822533,0.5058865017361112,dl_upernet_b0,UPerNet (MiT-B0),general,transformer,UPerNet,mit_b0,rgb,10.735469,5.455730199813843
4130-steel,4130 Steel,Steel,4130 x 10 (11).jpg,0.23840026965989888,0.32291660695863766,0.4767252604166667,dl_upernet_b0,UPerNet (MiT-B0),general,transformer,UPerNet,mit_b0,rgb,10.735469,5.455730199813843
4130-steel,4130 Steel,Steel,4130 x 10 (12).jpg,0.24037035391662964,0.3248042127900354,0.4805501302083333,dl_upernet_b0,UPerNet (MiT-B0),general,transformer,UPerNet,mit_b0,rgb,10.735469,5.455730199813843
4130-steel,4130 Steel,Steel,4130 x 10 (13).jpg,0.2456585437481381,0.3295104612952295,0.4912380642361111,dl_upernet_b0,UPerNet (MiT-B0),general,transformer,UPerNet,mit_b0,rgb,10.735469,5.455730199813843
4130-steel,4130 Steel,Steel,4130 x 10 (14).jpg,0.22471151246872223,0.3101219048956277,0.4493543836805556,dl_upernet_b0,UPerNet (MiT-B0),general,transformer,UPerNet,mit_b0,rgb,10.735469,5.455730199813843
4130-steel,4130 Steel,Steel,4130 x 10 (15).jpg,0.24059556771779347,0.3249813873772338,0.4810384114583333,dl_upernet_b0,UPerNet (MiT-B0),general,transformer,UPerNet,mit_b0,rgb,10.735469,5.455730199813843
4130-steel,4130 Steel,Steel,4130 x 10 (16).jpg,0.2595241302388321,0.34175695145683344,0.5189615885416666,dl_upernet_b0,UPerNet (MiT-B0),general,transformer,UPerNet,mit_b0,rgb,10.735469,5.455730199813843
4130-steel,4130 Steel,Steel,4130 x 10 (17).jpg,0.22402967119673586,0.3094462699528457,0.4480251736111111,dl_upernet_b0,UPerNet (MiT-B0),general,transformer,UPerNet,mit_b0,rgb,10.735469,5.455730199813843
4130-steel,4130 Steel,Steel,4130 x 10 (18).jpg,0.24418731857226766,0.3281552274159114,0.4883355034722222,dl_upernet_b0,UPerNet (MiT-B0),general,transformer,UPerNet,mit_b0,rgb,10.735469,5.455730199813843
4130-steel,4130 Steel,Steel,4130 x 10 (19).jpg,0.2664570602049401,0.3477144186682695,0.5328233506944444,dl_upernet_b0,UPerNet (MiT-B0),general,transformer,UPerNet,mit_b0,rgb,10.735469,5.455730199813843
4130-steel,4130 Steel,Steel,4130 x 10 (20).jpg,0.2835676655695338,0.36193015492313774,0.5670844184027778,dl_upernet_b0,UPerNet (MiT-B0),general,transformer,UPerNet,mit_b0,rgb,10.735469,5.455730199813843
4130-steel,4130 Steel,Steel,4130 x 20 (1).jpg,0.34768306130754095,0.4102149416702628,0.6952853732638888,dl_upernet_b0,UPerNet (MiT-B0),general,transformer,UPerNet,mit_b0,rgb,10.735469,5.455730199813843
4130-steel,4130 Steel,Steel,4130 x 20 (2).jpg,0.3440483940972222,0.4076169050297284,0.6880967881944444,dl_upernet_b0,UPerNet (MiT-B0),general,transformer,UPerNet,mit_b0,rgb,10.735469,5.455730199813843
4130-steel,4130 Steel,Steel,4130 x 20 (3).jpg,0.3309868706597222,0.39830577635595016,0.6619737413194444,dl_upernet_b0,UPerNet (MiT-B0),general,transformer,UPerNet,mit_b0,rgb,10.735469,5.455730199813843
4130-steel,4130 Steel,Steel,4130 x 20 (4).jpg,0.3708902994791667,0.425874877353642,0.7417805989583334,dl_upernet_b0,UPerNet (MiT-B0),general,transformer,UPerNet,mit_b0,rgb,10.735469,5.455730199813843
4130-steel,4130 Steel,Steel,4130 x 20 (5).jpg,0.2626888466379203,0.34455487714005173,0.5252007378472222,dl_upernet_b0,UPerNet (MiT-B0),general,transformer,UPerNet,mit_b0,rgb,10.735469,5.455730199813843
4130-steel,4130 Steel,Steel,4130 x 20 (6).jpg,0.2588920245395609,0.3411765689866446,0.5177408854166666,dl_upernet_b0,UPerNet (MiT-B0),general,transformer,UPerNet,mit_b0,rgb,10.735469,5.455730199813843
4130-steel,4130 Steel,Steel,4130 x 20 (7).jpg,0.25148538674911447,0.3346814760573145,0.5029296875,dl_upernet_b0,UPerNet (MiT-B0),general,transformer,UPerNet,mit_b0,rgb,10.735469,5.455730199813843
4130-steel,4130 Steel,Steel,4130 x 20 (8).jpg,0.26199670797296143,0.34395884735303345,0.5238172743055556,dl_upernet_b0,UPerNet (MiT-B0),general,transformer,UPerNet,mit_b0,rgb,10.735469,5.455730199813843
4130-steel,4130 Steel,Steel,4130 x 20 (9).jpg,0.2568260847024932,0.33947183019599714,0.5134819878472222,dl_upernet_b0,UPerNet (MiT-B0),general,transformer,UPerNet,mit_b0,rgb,10.735469,5.455730199813843
4130-steel,4130 Steel,Steel,4130 x 20 (10).jpg,0.24186197916666666,0.3260201842913559,0.4837239583333333,dl_upernet_b0,UPerNet (MiT-B0),general,transformer,UPerNet,mit_b0,rgb,10.735469,5.455730199813843
4130-steel,4130 Steel,Steel,4130 x 20 (11).jpg,0.2270992255486385,0.3123883188398323,0.4541286892361111,dl_upernet_b0,UPerNet (MiT-B0),general,transformer,UPerNet,mit_b0,rgb,10.735469,5.455730199813843
4130-steel,4130 Steel,Steel,4130 x 20 (12).jpg,0.23488648005684315,0.31967773602498534,0.4696994357638889,dl_upernet_b0,UPerNet (MiT-B0),general,transformer,UPerNet,mit_b0,rgb,10.735469,5.455730199813843
4130-steel,4130 Steel,Steel,4130 x 20 (13).jpg,0.226329708167725,0.31168556348119864,0.4525553385416667,dl_upernet_b0,UPerNet (MiT-B0),general,transformer,UPerNet,mit_b0,rgb,10.735469,5.455730199813843
4130-steel,4130 Steel,Steel,4130 x 20 (14).jpg,0.22632593128535428,0.31165593882760007,0.4525824652777778,dl_upernet_b0,UPerNet (MiT-B0),general,transformer,UPerNet,mit_b0,rgb,10.735469,5.455730199813843
4130-steel,4130 Steel,Steel,4130 x 20 (15).jpg,0.24852817152562875,0.3320523311329815,0.4970160590277778,dl_upernet_b0,UPerNet (MiT-B0),general,transformer,UPerNet,mit_b0,rgb,10.735469,5.455730199813843
4130-steel,4130 Steel,Steel,4130 x 20 (16).jpg,0.2649328247123397,0.34644688820390673,0.5297309027777778,dl_upernet_b0,UPerNet (MiT-B0),general,transformer,UPerNet,mit_b0,rgb,10.735469,5.455730199813843
4130-steel,4130 Steel,Steel,4130 x 20 (17).jpg,0.2643629078451223,0.3459591691012,0.5285915798611112,dl_upernet_b0,UPerNet (MiT-B0),general,transformer,UPerNet,mit_b0,rgb,10.735469,5.455730199813843
4130-steel,4130 Steel,Steel,4130 x 20 (18).jpg,0.28318782609595067,0.3616205886866675,0.5663248697916666,dl_upernet_b0,UPerNet (MiT-B0),general,transformer,UPerNet,mit_b0,rgb,10.735469,5.455730199813843
4130-steel,4130 Steel,Steel,4130 x 20 (19).jpg,0.2777724771933537,0.3572100531535766,0.5554470486111112,dl_upernet_b0,UPerNet (MiT-B0),general,transformer,UPerNet,mit_b0,rgb,10.735469,5.455730199813843
4130-steel,4130 Steel,Steel,4130 x 20 (20).jpg,0.27785388416064477,0.3572773691448028,0.5556098090277778,dl_upernet_b0,UPerNet (MiT-B0),general,transformer,UPerNet,mit_b0,rgb,10.735469,5.455730199813843
418-17-4ph-x20,418 Printed 17-4 PH Steel,Steel,x20 (1).jpg,0.38151562288733143,0.4794107070090603,0.6923556857638888,dl_upernet_b0,UPerNet (MiT-B0),general,transformer,UPerNet,mit_b0,rgb,10.735469,5.455730199813843
418-17-4ph-x20,418 Printed 17-4 PH Steel,Steel,x20 (2).jpg,0.46728631529280756,0.5595695359847064,0.8126085069444444,dl_upernet_b0,UPerNet (MiT-B0),general,transformer,UPerNet,mit_b0,rgb,10.735469,5.455730199813843
418-17-4ph-x20,418 Printed 17-4 PH Steel,Steel,x20 (3).jpg,0.5120914272369065,0.6061278393496494,0.8581000434027778,dl_upernet_b0,UPerNet (MiT-B0),general,transformer,UPerNet,mit_b0,rgb,10.735469,5.455730199813843
418-17-4ph-x20,418 Printed 17-4 PH Steel,Steel,x20 (4).jpg,0.5126052130322662,0.6017383625334076,0.8687065972222222,dl_upernet_b0,UPerNet (MiT-B0),general,transformer,UPerNet,mit_b0,rgb,10.735469,5.455730199813843
418-17-4ph-x20,418 Printed 17-4 PH Steel,Steel,x20 (5).jpg,0.4887476526816436,0.5755048912812888,0.8476019965277778,dl_upernet_b0,UPerNet (MiT-B0),general,transformer,UPerNet,mit_b0,rgb,10.735469,5.455730199813843
418-17-4ph-x20,418 Printed 17-4 PH Steel,Steel,x20 (6).jpg,0.39434022756328047,0.4941899245216781,0.7068684895833334,dl_upernet_b0,UPerNet (MiT-B0),general,transformer,UPerNet,mit_b0,rgb,10.735469,5.455730199813843
418-17-4ph-x20,418 Printed 17-4 PH Steel,Steel,x20 (7).jpg,0.3507079948341247,0.4553556903597655,0.6366916232638888,dl_upernet_b0,UPerNet (MiT-B0),general,transformer,UPerNet,mit_b0,rgb,10.735469,5.455730199813843
418-17-4ph-x20,418 Printed 17-4 PH Steel,Steel,x20 (8).jpg,0.49923016455371577,0.5962576108696902,0.8386773003472222,dl_upernet_b0,UPerNet (MiT-B0),general,transformer,UPerNet,mit_b0,rgb,10.735469,5.455730199813843
418-17-4ph-x20,418 Printed 17-4 PH Steel,Steel,x20 (9).jpg,0.3220044994581881,0.42706306977733455,0.5920138888888888,dl_upernet_b0,UPerNet (MiT-B0),general,transformer,UPerNet,mit_b0,rgb,10.735469,5.455730199813843
418-17-4ph-x20,418 Printed 17-4 PH Steel,Steel,x20 (10).jpg,0.44311632053970096,0.5388174093682417,0.7773708767361112,dl_upernet_b0,UPerNet (MiT-B0),general,transformer,UPerNet,mit_b0,rgb,10.735469,5.455730199813843
418-17-4ph-x20,418 Printed 17-4 PH Steel,Steel,x20 (11).jpg,0.10940829607705774,0.18900832280692154,0.20738389756944445,dl_upernet_b0,UPerNet (MiT-B0),general,transformer,UPerNet,mit_b0,rgb,10.735469,5.455730199813843
418-17-4ph-x20,418 Printed 17-4 PH Steel,Steel,x20 (12).jpg,0.1013229714200721,0.17597890268809652,0.19373914930555555,dl_upernet_b0,UPerNet (MiT-B0),general,transformer,UPerNet,mit_b0,rgb,10.735469,5.455730199813843
418-17-4ph-x20,418 Printed 17-4 PH Steel,Steel,x20 (13).jpg,0.0328592337619235,0.06272694445501296,0.06458875868055555,dl_upernet_b0,UPerNet (MiT-B0),general,transformer,UPerNet,mit_b0,rgb,10.735469,5.455730199813843
418-17-4ph-x20,418 Printed 17-4 PH Steel,Steel,x20 (14).jpg,0.26175445935084424,0.3560569668787873,0.5062934027777778,dl_upernet_b0,UPerNet (MiT-B0),general,transformer,UPerNet,mit_b0,rgb,10.735469,5.455730199813843
418-17-4ph-x20,418 Printed 17-4 PH Steel,Steel,x20 (15).jpg,0.1505120377638773,0.23891738512282876,0.29150390625,dl_upernet_b0,UPerNet (MiT-B0),general,transformer,UPerNet,mit_b0,rgb,10.735469,5.455730199813843
418-17-4ph-x20,418 Printed 17-4 PH Steel,Steel,x20 (16).jpg,0.02065486681252278,0.04044836065508324,0.04050021701388889,dl_upernet_b0,UPerNet (MiT-B0),general,transformer,UPerNet,mit_b0,rgb,10.735469,5.455730199813843
418-17-4ph-x20,418 Printed 17-4 PH Steel,Steel,x20 (17).jpg,0.16687244933292777,0.2597453625643642,0.3215060763888889,dl_upernet_b0,UPerNet (MiT-B0),general,transformer,UPerNet,mit_b0,rgb,10.735469,5.455730199813843
418-17-4ph-x20,418 Printed 17-4 PH Steel,Steel,x20 (18).jpg,0.05685139749745438,0.10554976739678233,0.10986328125,dl_upernet_b0,UPerNet (MiT-B0),general,transformer,UPerNet,mit_b0,rgb,10.735469,5.455730199813843
418-17-4ph-x20,418 Printed 17-4 PH Steel,Steel,x20 (19).jpg,0.0971394038740828,0.16793144334706234,0.18806966145833334,dl_upernet_b0,UPerNet (MiT-B0),general,transformer,UPerNet,mit_b0,rgb,10.735469,5.455730199813843
418-17-4ph-x20,418 Printed 17-4 PH Steel,Steel,x20 (20).jpg,0.2831313848497473,0.38925048492719877,0.5265570746527778,dl_upernet_b0,UPerNet (MiT-B0),general,transformer,UPerNet,mit_b0,rgb,10.735469,5.455730199813843
418-17-4ph-x20,418 Printed 17-4 PH Steel,Steel,x20 (21).jpg,0.24838828851736156,0.3564643479050439,0.4623752170138889,dl_upernet_b0,UPerNet (MiT-B0),general,transformer,UPerNet,mit_b0,rgb,10.735469,5.455730199813843
418-17-4ph-x5,418 Printed 17-4 PH Steel,Steel,x5 (1).jpg,0.7857638257857477,0.8668491406088783,0.9790310329861112,dl_upernet_b0,UPerNet (MiT-B0),general,transformer,UPerNet,mit_b0,rgb,10.735469,5.455730199813843
418-17-4ph-x5,418 Printed 17-4 PH Steel,Steel,x5 (2).jpg,0.8228198717916382,0.8948331376293006,0.9785427517361112,dl_upernet_b0,UPerNet (MiT-B0),general,transformer,UPerNet,mit_b0,rgb,10.735469,5.455730199813843
418-17-4ph-x5,418 Printed 17-4 PH Steel,Steel,x5 (3).jpg,0.797839324796646,0.875308185179174,0.9857584635416666,dl_upernet_b0,UPerNet (MiT-B0),general,transformer,UPerNet,mit_b0,rgb,10.735469,5.455730199813843
418-17-4ph-x5,418 Printed 17-4 PH Steel,Steel,x5 (4).jpg,0.7214251348046449,0.814006357719407,0.9680989583333334,dl_upernet_b0,UPerNet (MiT-B0),general,transformer,UPerNet,mit_b0,rgb,10.735469,5.455730199813843
418-17-4ph-x5,418 Printed 17-4 PH Steel,Steel,x5 (5).jpg,0.9023403188034578,0.9470570867675819,0.97900390625,dl_upernet_b0,UPerNet (MiT-B0),general,transformer,UPerNet,mit_b0,rgb,10.735469,5.455730199813843
418-17-4ph-x5,418 Printed 17-4 PH Steel,Steel,x5 (6).jpg,0.836337815719956,0.9044100879142187,0.978515625,dl_upernet_b0,UPerNet (MiT-B0),general,transformer,UPerNet,mit_b0,rgb,10.735469,5.455730199813843
418-17-4ph-x5,418 Printed 17-4 PH Steel,Steel,x5 (7).jpg,0.8044598966354499,0.8808821795011571,0.9819064670138888,dl_upernet_b0,UPerNet (MiT-B0),general,transformer,UPerNet,mit_b0,rgb,10.735469,5.455730199813843
418-17-4ph-x5,418 Printed 17-4 PH Steel,Steel,x5 (8).jpg,0.7945252396930815,0.8728052926902828,0.9852973090277778,dl_upernet_b0,UPerNet (MiT-B0),general,transformer,UPerNet,mit_b0,rgb,10.735469,5.455730199813843
418-17-4ph-x5,418 Printed 17-4 PH Steel,Steel,x5 (9).jpg,0.8123216883375426,0.8865065732465438,0.9839952256944444,dl_upernet_b0,UPerNet (MiT-B0),general,transformer,UPerNet,mit_b0,rgb,10.735469,5.455730199813843
418-17-4ph-x5,418 Printed 17-4 PH Steel,Steel,x5 (10).jpg,0.8354459250689813,0.902911675807135,0.9869249131944444,dl_upernet_b0,UPerNet (MiT-B0),general,transformer,UPerNet,mit_b0,rgb,10.735469,5.455730199813843
418-17-4ph-x5,418 Printed 17-4 PH Steel,Steel,x5 (11).jpg,0.7905621376818555,0.8703583196504385,0.9807942708333334,dl_upernet_b0,UPerNet (MiT-B0),general,transformer,UPerNet,mit_b0,rgb,10.735469,5.455730199813843
418-17-4ph-x5,418 Printed 17-4 PH Steel,Steel,x5 (12).jpg,0.7964042496142321,0.8747793957682378,0.9815809461805556,dl_upernet_b0,UPerNet (MiT-B0),general,transformer,UPerNet,mit_b0,rgb,10.735469,5.455730199813843
418-17-4ph-x5,418 Printed 17-4 PH Steel,Steel,x5 (13).jpg,0.7799191436523958,0.8612570826058363,0.9851616753472222,dl_upernet_b0,UPerNet (MiT-B0),general,transformer,UPerNet,mit_b0,rgb,10.735469,5.455730199813843
418-17-4ph-x5,418 Printed 17-4 PH Steel,Steel,x5 (14).jpg,0.8183596588674804,0.8909023697493416,0.9844835069444444,dl_upernet_b0,UPerNet (MiT-B0),general,transformer,UPerNet,mit_b0,rgb,10.735469,5.455730199813843
418-17-4ph-x5,418 Printed 17-4 PH Steel,Steel,x5 (15).jpg,0.8544181785874859,0.9174386057957544,0.9706217447916666,dl_upernet_b0,UPerNet (MiT-B0),general,transformer,UPerNet,mit_b0,rgb,10.735469,5.455730199813843
418-17-4ph-x5,418 Printed 17-4 PH Steel,Steel,x5 (16).jpg,0.8372541709065763,0.905722412766252,0.9718424479166666,dl_upernet_b0,UPerNet (MiT-B0),general,transformer,UPerNet,mit_b0,rgb,10.735469,5.455730199813843
418-17-4ph-x5,418 Printed 17-4 PH Steel,Steel,x5 (17).jpg,0.893512335132864,0.9419604329618599,0.9747992621527778,dl_upernet_b0,UPerNet (MiT-B0),general,transformer,UPerNet,mit_b0,rgb,10.735469,5.455730199813843
418-17-4ph-x5,418 Printed 17-4 PH Steel,Steel,x5 (18).jpg,0.7575675487237485,0.8442422423008493,0.9764811197916666,dl_upernet_b0,UPerNet (MiT-B0),general,transformer,UPerNet,mit_b0,rgb,10.735469,5.455730199813843
418-17-4ph-x5,418 Printed 17-4 PH Steel,Steel,x5 (19).jpg,0.7769434038038423,0.8598946458054879,0.978515625,dl_upernet_b0,UPerNet (MiT-B0),general,transformer,UPerNet,mit_b0,rgb,10.735469,5.455730199813843
418-17-4ph-x5,418 Printed 17-4 PH Steel,Steel,x5 (20).jpg,0.7922364729337876,0.8716864244646425,0.9806315104166666,dl_upernet_b0,UPerNet (MiT-B0),general,transformer,UPerNet,mit_b0,rgb,10.735469,5.455730199813843
418-17-4ph-x5,418 Printed 17-4 PH Steel,Steel,x5 (21).jpg,0.7646350844263496,0.8492270235835073,0.9819878472222222,dl_upernet_b0,UPerNet (MiT-B0),general,transformer,UPerNet,mit_b0,rgb,10.735469,5.455730199813843
418-17-4ph-x5,418 Printed 17-4 PH Steel,Steel,x5 (22).jpg,0.7440179801913365,0.8334074596882888,0.97216796875,dl_upernet_b0,UPerNet (MiT-B0),general,transformer,UPerNet,mit_b0,rgb,10.735469,5.455730199813843
418-17-4ph-x5,418 Printed 17-4 PH Steel,Steel,x5 (23).jpg,0.788409224072989,0.868612937996333,0.981201171875,dl_upernet_b0,UPerNet (MiT-B0),general,transformer,UPerNet,mit_b0,rgb,10.735469,5.455730199813843
418-17-4ph-x5,418 Printed 17-4 PH Steel,Steel,x5 (24).jpg,0.8029292707327369,0.8796767476845676,0.9822591145833334,dl_upernet_b0,UPerNet (MiT-B0),general,transformer,UPerNet,mit_b0,rgb,10.735469,5.455730199813843
418-17-4ph-x5,418 Printed 17-4 PH Steel,Steel,x5 (25).jpg,0.7706135379128105,0.8546894943011405,0.9788953993055556,dl_upernet_b0,UPerNet (MiT-B0),general,transformer,UPerNet,mit_b0,rgb,10.735469,5.455730199813843
5884-armor-steel,5884 Armor Steel,Steel,5884 x 5 (1).jpg,0.3730458997565691,0.5350516672648806,0.5613064236111112,dl_upernet_b0,UPerNet (MiT-B0),general,transformer,UPerNet,mit_b0,rgb,10.735469,5.455730199813843
5884-armor-steel,5884 Armor Steel,Steel,5884 x 5 (2).jpg,0.3681324118082714,0.5224991750596324,0.5709364149305556,dl_upernet_b0,UPerNet (MiT-B0),general,transformer,UPerNet,mit_b0,rgb,10.735469,5.455730199813843
5884-armor-steel,5884 Armor Steel,Steel,5884 x 5 (3).jpg,0.33783861940615867,0.48802748702145665,0.5383029513888888,dl_upernet_b0,UPerNet (MiT-B0),general,transformer,UPerNet,mit_b0,rgb,10.735469,5.455730199813843
5884-armor-steel,5884 Armor Steel,Steel,5884 x 5 (4).jpg,0.2713844660207574,0.3718324445970381,0.5145941840277778,dl_upernet_b0,UPerNet (MiT-B0),general,transformer,UPerNet,mit_b0,rgb,10.735469,5.455730199813843
5884-armor-steel,5884 Armor Steel,Steel,5884 x 5 (5).jpg,0.3338934602949515,0.495597619300672,0.5106065538194444,dl_upernet_b0,UPerNet (MiT-B0),general,transformer,UPerNet,mit_b0,rgb,10.735469,5.455730199813843
5884-armor-steel,5884 Armor Steel,Steel,5884 x 10 (1).jpg,0.3995556772542549,0.5627121151107214,0.5898708767361112,dl_upernet_b0,UPerNet (MiT-B0),general,transformer,UPerNet,mit_b0,rgb,10.735469,5.455730199813843
5884-armor-steel,5884 Armor Steel,Steel,5884 x 10 (2).jpg,0.3983693120333421,0.5544333886890516,0.6041666666666666,dl_upernet_b0,UPerNet (MiT-B0),general,transformer,UPerNet,mit_b0,rgb,10.735469,5.455730199813843
5884-armor-steel,5884 Armor Steel,Steel,5884 x 10 (3).jpg,0.4148954282909815,0.5386141554147335,0.690185546875,dl_upernet_b0,UPerNet (MiT-B0),general,transformer,UPerNet,mit_b0,rgb,10.735469,5.455730199813843
5884-armor-steel,5884 Armor Steel,Steel,5884 x 10 (4).jpg,0.40790762721891605,0.5481593528027247,0.6487087673611112,dl_upernet_b0,UPerNet (MiT-B0),general,transformer,UPerNet,mit_b0,rgb,10.735469,5.455730199813843
5884-armor-steel,5884 Armor Steel,Steel,5884 x 10 (5).jpg,0.4247552943733887,0.5634876654465352,0.6713053385416666,dl_upernet_b0,UPerNet (MiT-B0),general,transformer,UPerNet,mit_b0,rgb,10.735469,5.455730199813843
5884-armor-steel,5884 Armor Steel,Steel,5884 x 10 (6).jpg,0.37584985117628217,0.4944110553340876,0.6490885416666666,dl_upernet_b0,UPerNet (MiT-B0),general,transformer,UPerNet,mit_b0,rgb,10.735469,5.455730199813843
5884-armor-steel,5884 Armor Steel,Steel,5884 x 20 (1).jpg,0.5654321959144273,0.7060212509923753,0.7781032986111112,dl_upernet_b0,UPerNet (MiT-B0),general,transformer,UPerNet,mit_b0,rgb,10.735469,5.455730199813843
5884-armor-steel,5884 Armor Steel,Steel,5884 x 20 (2).jpg,0.4797738971690719,0.6378335125651362,0.677734375,dl_upernet_b0,UPerNet (MiT-B0),general,transformer,UPerNet,mit_b0,rgb,10.735469,5.455730199813843
5884-armor-steel,5884 Armor Steel,Steel,5884 x 20 (3).jpg,0.7212743870580701,0.8375396854182187,0.8413357204861112,dl_upernet_b0,UPerNet (MiT-B0),general,transformer,UPerNet,mit_b0,rgb,10.735469,5.455730199813843
5884-armor-steel,5884 Armor Steel,Steel,5884 x 20 (4).jpg,0.6066135318230572,0.7495312427519496,0.7775607638888888,dl_upernet_b0,UPerNet (MiT-B0),general,transformer,UPerNet,mit_b0,rgb,10.735469,5.455730199813843
5884-armor-steel,5884 Armor Steel,Steel,5884 x 20 (5).jpg,0.6420129585798915,0.7801039076633542,0.79052734375,dl_upernet_b0,UPerNet (MiT-B0),general,transformer,UPerNet,mit_b0,rgb,10.735469,5.455730199813843
5884-armor-steel,5884 Armor Steel,Steel,5884 x 20 (6).jpg,0.52241877643678,0.6834310851771925,0.6953667534722222,dl_upernet_b0,UPerNet (MiT-B0),general,transformer,UPerNet,mit_b0,rgb,10.735469,5.455730199813843
5884-armor-steel,5884 Armor Steel,Steel,5884 x 50 (1).jpg,0.3300458380272635,0.4440237182344994,0.5903049045138888,dl_upernet_b0,UPerNet (MiT-B0),general,transformer,UPerNet,mit_b0,rgb,10.735469,5.455730199813843
5884-armor-steel,5884 Armor Steel,Steel,5884 x 50 (2).jpg,0.3519408420818885,0.43536262090359085,0.6716851128472222,dl_upernet_b0,UPerNet (MiT-B0),general,transformer,UPerNet,mit_b0,rgb,10.735469,5.455730199813843
5884-armor-steel,5884 Armor Steel,Steel,5884 x 50 (3).jpg,0.2607165567640268,0.3535959044087853,0.5064290364583334,dl_upernet_b0,UPerNet (MiT-B0),general,transformer,UPerNet,mit_b0,rgb,10.735469,5.455730199813843
5884-armor-steel,5884 Armor Steel,Steel,5884 x 50 (4).jpg,0.32100384401108845,0.42276977566474166,0.5955403645833334,dl_upernet_b0,UPerNet (MiT-B0),general,transformer,UPerNet,mit_b0,rgb,10.735469,5.455730199813843
6280-cast-iron-high,6280 Gray Cast Iron,Cast Iron,6280 x 20 (1).jpg,0.11151432731040767,0.1928775714325145,0.21028645833333334,dl_upernet_b0,UPerNet (MiT-B0),general,transformer,UPerNet,mit_b0,rgb,10.735469,5.455730199813843
6280-cast-iron-high,6280 Gray Cast Iron,Cast Iron,6280 x 20 (2).jpg,0.11187192494171805,0.19428580998837908,0.20985243055555555,dl_upernet_b0,UPerNet (MiT-B0),general,transformer,UPerNet,mit_b0,rgb,10.735469,5.455730199813843
6280-cast-iron-high,6280 Gray Cast Iron,Cast Iron,6280 x 20 (3).jpg,0.11600140264600808,0.19936444812968884,0.2185329861111111,dl_upernet_b0,UPerNet (MiT-B0),general,transformer,UPerNet,mit_b0,rgb,10.735469,5.455730199813843
6280-cast-iron-high,6280 Gray Cast Iron,Cast Iron,6280 x 20 (4).jpg,0.10199935983759217,0.17681336358730207,0.19520399305555555,dl_upernet_b0,UPerNet (MiT-B0),general,transformer,UPerNet,mit_b0,rgb,10.735469,5.455730199813843
6280-cast-iron-high,6280 Gray Cast Iron,Cast Iron,6280 x 20 (5).jpg,0.12121184150704876,0.2123393928367568,0.2211371527777778,dl_upernet_b0,UPerNet (MiT-B0),general,transformer,UPerNet,mit_b0,rgb,10.735469,5.455730199813843
6280-cast-iron-high,6280 Gray Cast Iron,Cast Iron,6280 x 20 (6).jpg,0.09864022874696778,0.17051308487384134,0.1904839409722222,dl_upernet_b0,UPerNet (MiT-B0),general,transformer,UPerNet,mit_b0,rgb,10.735469,5.455730199813843
6280-cast-iron-high,6280 Gray Cast Iron,Cast Iron,6280 x 20 (7).jpg,0.09696012776430704,0.17298393481358781,0.1813693576388889,dl_upernet_b0,UPerNet (MiT-B0),general,transformer,UPerNet,mit_b0,rgb,10.735469,5.455730199813843
6280-cast-iron-high,6280 Gray Cast Iron,Cast Iron,6280 x 20 (8).jpg,0.11017161262372477,0.19080814711282895,0.2079535590277778,dl_upernet_b0,UPerNet (MiT-B0),general,transformer,UPerNet,mit_b0,rgb,10.735469,5.455730199813843
6280-cast-iron-high,6280 Gray Cast Iron,Cast Iron,6280 x 20 (9).jpg,0.09764955843569434,0.17095362048305437,0.1863335503472222,dl_upernet_b0,UPerNet (MiT-B0),general,transformer,UPerNet,mit_b0,rgb,10.735469,5.455730199813843
6280-cast-iron-high,6280 Gray Cast Iron,Cast Iron,6280 x 20 (10).jpg,0.10571137853082724,0.18661489443291762,0.19685872395833334,dl_upernet_b0,UPerNet (MiT-B0),general,transformer,UPerNet,mit_b0,rgb,10.735469,5.455730199813843
6280-cast-iron-low,6280 Gray Cast Iron,Cast Iron,6280 x 10 (1).jpg,0.25283245651771685,0.3602137865447996,0.498046875,dl_upernet_b0,UPerNet (MiT-B0),general,transformer,UPerNet,mit_b0,rgb,10.735469,5.455730199813843
6280-cast-iron-low,6280 Gray Cast Iron,Cast Iron,6280 x 10 (2).jpg,0.2501703441273356,0.3567730614639368,0.4981553819444444,dl_upernet_b0,UPerNet (MiT-B0),general,transformer,UPerNet,mit_b0,rgb,10.735469,5.455730199813843
6280-cast-iron-low,6280 Gray Cast Iron,Cast Iron,6280 x 10 (3).jpg,0.24217978432054021,0.3506101357192202,0.4645182291666667,dl_upernet_b0,UPerNet (MiT-B0),general,transformer,UPerNet,mit_b0,rgb,10.735469,5.455730199813843
6280-cast-iron-low,6280 Gray Cast Iron,Cast Iron,6280 x 10 (4).jpg,0.26876000746936857,0.3786382391175857,0.5053168402777778,dl_upernet_b0,UPerNet (MiT-B0),general,transformer,UPerNet,mit_b0,rgb,10.735469,5.455730199813843
6280-cast-iron-low,6280 Gray Cast Iron,Cast Iron,6280 x 10 (5).jpg,0.2387175569582727,0.3403521888734164,0.5084364149305556,dl_upernet_b0,UPerNet (MiT-B0),general,transformer,UPerNet,mit_b0,rgb,10.735469,5.455730199813843
6280-cast-iron-low,6280 Gray Cast Iron,Cast Iron,6280 x 10 (6).jpg,0.2506141523218664,0.3566981232708006,0.5035536024305556,dl_upernet_b0,UPerNet (MiT-B0),general,transformer,UPerNet,mit_b0,rgb,10.735469,5.455730199813843
6280-cast-iron-low,6280 Gray Cast Iron,Cast Iron,6280 x 10 (7).jpg,0.26654102317420386,0.3754666127514786,0.51513671875,dl_upernet_b0,UPerNet (MiT-B0),general,transformer,UPerNet,mit_b0,rgb,10.735469,5.455730199813843
6280-cast-iron-low,6280 Gray Cast Iron,Cast Iron,6280 x 10 (8).jpg,0.25125210173534995,0.35823100146449827,0.4976942274305556,dl_upernet_b0,UPerNet (MiT-B0),general,transformer,UPerNet,mit_b0,rgb,10.735469,5.455730199813843
6280-cast-iron-low,6280 Gray Cast Iron,Cast Iron,6280 x 10 (9).jpg,0.282905165885609,0.3941378191002005,0.5169542100694444,dl_upernet_b0,UPerNet (MiT-B0),general,transformer,UPerNet,mit_b0,rgb,10.735469,5.455730199813843
6280-cast-iron-low,6280 Gray Cast Iron,Cast Iron,6280 x 10 (10).jpg,0.25165491740963436,0.3504246854620128,0.5530598958333334,dl_upernet_b0,UPerNet (MiT-B0),general,transformer,UPerNet,mit_b0,rgb,10.735469,5.455730199813843
6280-cast-iron-low,6280 Gray Cast Iron,Cast Iron,6280 x 10 (11).jpg,0.24495335553437161,0.3416762805058233,0.5501030815972222,dl_upernet_b0,UPerNet (MiT-B0),general,transformer,UPerNet,mit_b0,rgb,10.735469,5.455730199813843
4130-steel,4130 Steel,Steel,4130 x 10 (1).jpg,0.44251828448236086,0.6051970009141492,0.6346571180555556,dl_segformer_b2,SegFormer (MiT-B2),general,transformer,Segformer,mit_b2,rgb,24.725453,7.834213018417358
4130-steel,4130 Steel,Steel,4130 x 10 (2).jpg,0.37002683682561843,0.5270102625610894,0.5680067274305556,dl_segformer_b2,SegFormer (MiT-B2),general,transformer,Segformer,mit_b2,rgb,24.725453,7.834213018417358
4130-steel,4130 Steel,Steel,4130 x 10 (3).jpg,0.42274342682846566,0.5880178272713437,0.6094292534722222,dl_segformer_b2,SegFormer (MiT-B2),general,transformer,Segformer,mit_b2,rgb,24.725453,7.834213018417358
4130-steel,4130 Steel,Steel,4130 x 10 (4).jpg,0.41622052796202563,0.5836604943483306,0.5977105034722222,dl_segformer_b2,SegFormer (MiT-B2),general,transformer,Segformer,mit_b2,rgb,24.725453,7.834213018417358
4130-steel,4130 Steel,Steel,4130 x 10 (5).jpg,0.37927266503674073,0.5469585428222065,0.5565863715277778,dl_segformer_b2,SegFormer (MiT-B2),general,transformer,Segformer,mit_b2,rgb,24.725453,7.834213018417358
4130-steel,4130 Steel,Steel,4130 x 10 (6).jpg,0.42951616208353094,0.5972158582663871,0.6101345486111112,dl_segformer_b2,SegFormer (MiT-B2),general,transformer,Segformer,mit_b2,rgb,24.725453,7.834213018417358
4130-steel,4130 Steel,Steel,4130 x 10 (7).jpg,0.4396482311591598,0.6069923040018974,0.6203884548611112,dl_segformer_b2,SegFormer (MiT-B2),general,transformer,Segformer,mit_b2,rgb,24.725453,7.834213018417358
4130-steel,4130 Steel,Steel,4130 x 10 (8).jpg,0.43664846702415866,0.5997114282684295,0.6282552083333334,dl_segformer_b2,SegFormer (MiT-B2),general,transformer,Segformer,mit_b2,rgb,24.725453,7.834213018417358
4130-steel,4130 Steel,Steel,4130 x 10 (9).jpg,0.42630305098401555,0.5919772000638732,0.6119791666666666,dl_segformer_b2,SegFormer (MiT-B2),general,transformer,Segformer,mit_b2,rgb,24.725453,7.834213018417358
4130-steel,4130 Steel,Steel,4130 x 10 (10).jpg,0.4399429888361443,0.6018981022355898,0.6340603298611112,dl_segformer_b2,SegFormer (MiT-B2),general,transformer,Segformer,mit_b2,rgb,24.725453,7.834213018417358
4130-steel,4130 Steel,Steel,4130 x 10 (11).jpg,0.4389663075521403,0.5974487084225832,0.6415744357638888,dl_segformer_b2,SegFormer (MiT-B2),general,transformer,Segformer,mit_b2,rgb,24.725453,7.834213018417358
4130-steel,4130 Steel,Steel,4130 x 10 (12).jpg,0.4408259012075708,0.5994032472511157,0.6431206597222222,dl_segformer_b2,SegFormer (MiT-B2),general,transformer,Segformer,mit_b2,rgb,24.725453,7.834213018417358
4130-steel,4130 Steel,Steel,4130 x 10 (13).jpg,0.4431906148457816,0.6029056043533915,0.642578125,dl_segformer_b2,SegFormer (MiT-B2),general,transformer,Segformer,mit_b2,rgb,24.725453,7.834213018417358
4130-steel,4130 Steel,Steel,4130 x 10 (14).jpg,0.45872269807459043,0.6148121809951196,0.6656087239583334,dl_segformer_b2,SegFormer (MiT-B2),general,transformer,Segformer,mit_b2,rgb,24.725453,7.834213018417358
4130-steel,4130 Steel,Steel,4130 x 10 (15).jpg,0.44215162357227833,0.6008996305009768,0.6439615885416666,dl_segformer_b2,SegFormer (MiT-B2),general,transformer,Segformer,mit_b2,rgb,24.725453,7.834213018417358
4130-steel,4130 Steel,Steel,4130 x 10 (16).jpg,0.4346778127873708,0.5975310516396914,0.6268988715277778,dl_segformer_b2,SegFormer (MiT-B2),general,transformer,Segformer,mit_b2,rgb,24.725453,7.834213018417358
4130-steel,4130 Steel,Steel,4130 x 10 (17).jpg,0.4430939547065593,0.5979334574164399,0.6542697482638888,dl_segformer_b2,SegFormer (MiT-B2),general,transformer,Segformer,mit_b2,rgb,24.725453,7.834213018417358
4130-steel,4130 Steel,Steel,4130 x 10 (18).jpg,0.4465453229919505,0.6065701415074347,0.6449110243055556,dl_segformer_b2,SegFormer (MiT-B2),general,transformer,Segformer,mit_b2,rgb,24.725453,7.834213018417358
4130-steel,4130 Steel,Steel,4130 x 10 (19).jpg,0.43824657934087563,0.6023039131432861,0.6273057725694444,dl_segformer_b2,SegFormer (MiT-B2),general,transformer,Segformer,mit_b2,rgb,24.725453,7.834213018417358
4130-steel,4130 Steel,Steel,4130 x 10 (20).jpg,0.4119537400375437,0.5781096524473627,0.5963541666666666,dl_segformer_b2,SegFormer (MiT-B2),general,transformer,Segformer,mit_b2,rgb,24.725453,7.834213018417358
4130-steel,4130 Steel,Steel,4130 x 20 (1).jpg,0.4263596593396511,0.5976148591257253,0.5983615451388888,dl_segformer_b2,SegFormer (MiT-B2),general,transformer,Segformer,mit_b2,rgb,24.725453,7.834213018417358
4130-steel,4130 Steel,Steel,4130 x 20 (2).jpg,0.408357422052002,0.5799019902427298,0.5799153645833334,dl_segformer_b2,SegFormer (MiT-B2),general,transformer,Segformer,mit_b2,rgb,24.725453,7.834213018417358
4130-steel,4130 Steel,Steel,4130 x 20 (3).jpg,0.410018619021704,0.581525986866031,0.5817057291666666,dl_segformer_b2,SegFormer (MiT-B2),general,transformer,Segformer,mit_b2,rgb,24.725453,7.834213018417358
4130-steel,4130 Steel,Steel,4130 x 20 (4).jpg,0.36669596546861216,0.5351013712448982,0.5398763020833334,dl_segformer_b2,SegFormer (MiT-B2),general,transformer,Segformer,mit_b2,rgb,24.725453,7.834213018417358
4130-steel,4130 Steel,Steel,4130 x 20 (5).jpg,0.501795081191128,0.6633356380727112,0.6828884548611112,dl_segformer_b2,SegFormer (MiT-B2),general,transformer,Segformer,mit_b2,rgb,24.725453,7.834213018417358
4130-steel,4130 Steel,Steel,4130 x 20 (6).jpg,0.5478154525926103,0.7047601673731988,0.7183430989583334,dl_segformer_b2,SegFormer (MiT-B2),general,transformer,Segformer,mit_b2,rgb,24.725453,7.834213018417358
4130-steel,4130 Steel,Steel,4130 x 20 (7).jpg,0.5347199609066764,0.6924842412507928,0.7109646267361112,dl_segformer_b2,SegFormer (MiT-B2),general,transformer,Segformer,mit_b2,rgb,24.725453,7.834213018417358
4130-steel,4130 Steel,Steel,4130 x 20 (8).jpg,0.5239519841468402,0.6838710895013075,0.6994900173611112,dl_segformer_b2,SegFormer (MiT-B2),general,transformer,Segformer,mit_b2,rgb,24.725453,7.834213018417358
4130-steel,4130 Steel,Steel,4130 x 20 (9).jpg,0.525782543914567,0.684789942632857,0.7031792534722222,dl_segformer_b2,SegFormer (MiT-B2),general,transformer,Segformer,mit_b2,rgb,24.725453,7.834213018417358
4130-steel,4130 Steel,Steel,4130 x 20 (10).jpg,0.5510784800634987,0.7058396668832565,0.7266710069444444,dl_segformer_b2,SegFormer (MiT-B2),general,transformer,Segformer,mit_b2,rgb,24.725453,7.834213018417358
4130-steel,4130 Steel,Steel,4130 x 20 (11).jpg,0.5625714242418192,0.7137631995667005,0.7420518663194444,dl_segformer_b2,SegFormer (MiT-B2),general,transformer,Segformer,mit_b2,rgb,24.725453,7.834213018417358
4130-steel,4130 Steel,Steel,4130 x 20 (12).jpg,0.5524451177826184,0.705938104910188,0.7313368055555556,dl_segformer_b2,SegFormer (MiT-B2),general,transformer,Segformer,mit_b2,rgb,24.725453,7.834213018417358
4130-steel,4130 Steel,Steel,4130 x 20 (13).jpg,0.5864578035048338,0.7345606343750731,0.7572970920138888,dl_segformer_b2,SegFormer (MiT-B2),general,transformer,Segformer,mit_b2,rgb,24.725453,7.834213018417358
4130-steel,4130 Steel,Steel,4130 x 20 (14).jpg,0.5757386845843353,0.725333675669472,0.75048828125,dl_segformer_b2,SegFormer (MiT-B2),general,transformer,Segformer,mit_b2,rgb,24.725453,7.834213018417358
4130-steel,4130 Steel,Steel,4130 x 20 (15).jpg,0.5405174534929383,0.6971237276331883,0.7169596354166666,dl_segformer_b2,SegFormer (MiT-B2),general,transformer,Segformer,mit_b2,rgb,24.725453,7.834213018417358
4130-steel,4130 Steel,Steel,4130 x 20 (16).jpg,0.5074540614175242,0.6692132591467932,0.6854926215277778,dl_segformer_b2,SegFormer (MiT-B2),general,transformer,Segformer,mit_b2,rgb,24.725453,7.834213018417358
4130-steel,4130 Steel,Steel,4130 x 20 (17).jpg,0.5091363241878842,0.6704165304729852,0.6878526475694444,dl_segformer_b2,SegFormer (MiT-B2),general,transformer,Segformer,mit_b2,rgb,24.725453,7.834213018417358
4130-steel,4130 Steel,Steel,4130 x 20 (18).jpg,0.5083964607081257,0.6721015730950592,0.6801486545138888,dl_segformer_b2,SegFormer (MiT-B2),general,transformer,Segformer,mit_b2,rgb,24.725453,7.834213018417358
4130-steel,4130 Steel,Steel,4130 x 20 (19).jpg,0.516688127172893,0.6789494895413923,0.6887749565972222,dl_segformer_b2,SegFormer (MiT-B2),general,transformer,Segformer,mit_b2,rgb,24.725453,7.834213018417358
4130-steel,4130 Steel,Steel,4130 x 20 (20).jpg,0.5236756361313915,0.685127574066052,0.6945529513888888,dl_segformer_b2,SegFormer (MiT-B2),general,transformer,Segformer,mit_b2,rgb,24.725453,7.834213018417358
418-17-4ph-x20,418 Printed 17-4 PH Steel,Steel,x20 (1).jpg,0.17001817189485638,0.2561946692277702,0.3369140625,dl_segformer_b2,SegFormer (MiT-B2),general,transformer,Segformer,mit_b2,rgb,24.725453,7.834213018417358
418-17-4ph-x20,418 Printed 17-4 PH Steel,Steel,x20 (2).jpg,0.10930208683486071,0.1808112574919028,0.21690538194444445,dl_segformer_b2,SegFormer (MiT-B2),general,transformer,Segformer,mit_b2,rgb,24.725453,7.834213018417358
418-17-4ph-x20,418 Printed 17-4 PH Steel,Steel,x20 (3).jpg,0.08716727038368362,0.14991951486911248,0.1726345486111111,dl_segformer_b2,SegFormer (MiT-B2),general,transformer,Segformer,mit_b2,rgb,24.725453,7.834213018417358
418-17-4ph-x20,418 Printed 17-4 PH Steel,Steel,x20 (4).jpg,0.08031942256553616,0.13974681076092377,0.15909830729166666,dl_segformer_b2,SegFormer (MiT-B2),general,transformer,Segformer,mit_b2,rgb,24.725453,7.834213018417358
418-17-4ph-x20,418 Printed 17-4 PH Steel,Steel,x20 (5).jpg,0.0895233731477039,0.1530785478065248,0.17762586805555555,dl_segformer_b2,SegFormer (MiT-B2),general,transformer,Segformer,mit_b2,rgb,24.725453,7.834213018417358
418-17-4ph-x20,418 Printed 17-4 PH Steel,Steel,x20 (6).jpg,0.16282555509342472,0.24716870998815352,0.32373046875,dl_segformer_b2,SegFormer (MiT-B2),general,transformer,Segformer,mit_b2,rgb,24.725453,7.834213018417358
418-17-4ph-x20,418 Printed 17-4 PH Steel,Steel,x20 (7).jpg,0.19708562196031862,0.28378198792886705,0.3927951388888889,dl_segformer_b2,SegFormer (MiT-B2),general,transformer,Segformer,mit_b2,rgb,24.725453,7.834213018417358
418-17-4ph-x20,418 Printed 17-4 PH Steel,Steel,x20 (8).jpg,0.09623336173575162,0.1623288843252629,0.1913791232638889,dl_segformer_b2,SegFormer (MiT-B2),general,transformer,Segformer,mit_b2,rgb,24.725453,7.834213018417358
418-17-4ph-x20,418 Printed 17-4 PH Steel,Steel,x20 (9).jpg,0.22044823826301763,0.30839719721040615,0.4376898871527778,dl_segformer_b2,SegFormer (MiT-B2),general,transformer,Segformer,mit_b2,rgb,24.725453,7.834213018417358
418-17-4ph-x20,418 Printed 17-4 PH Steel,Steel,x20 (10).jpg,0.12713092547928728,0.20405447059830698,0.2526312934027778,dl_segformer_b2,SegFormer (MiT-B2),general,transformer,Segformer,mit_b2,rgb,24.725453,7.834213018417358
418-17-4ph-x20,418 Printed 17-4 PH Steel,Steel,x20 (11).jpg,0.4852566189236111,0.49251799947687946,0.9705132378472222,dl_segformer_b2,SegFormer (MiT-B2),general,transformer,Segformer,mit_b2,rgb,24.725453,7.834213018417358
418-17-4ph-x20,418 Printed 17-4 PH Steel,Steel,x20 (12).jpg,0.4870876736111111,0.49345938221391666,0.9741753472222222,dl_segformer_b2,SegFormer (MiT-B2),general,transformer,Segformer,mit_b2,rgb,24.725453,7.834213018417358
418-17-4ph-x20,418 Printed 17-4 PH Steel,Steel,x20 (13).jpg,0.4949137369791667,0.4974438673264897,0.9898274739583334,dl_segformer_b2,SegFormer (MiT-B2),general,transformer,Segformer,mit_b2,rgb,24.725453,7.834213018417358
418-17-4ph-x20,418 Printed 17-4 PH Steel,Steel,x20 (14).jpg,0.4920518663194444,0.49599409368078534,0.9841037326388888,dl_segformer_b2,SegFormer (MiT-B2),general,transformer,Segformer,mit_b2,rgb,24.725453,7.834213018417358
418-17-4ph-x20,418 Printed 17-4 PH Steel,Steel,x20 (15).jpg,0.4913601345486111,0.49564241835520106,0.9827202690972222,dl_segformer_b2,SegFormer (MiT-B2),general,transformer,Segformer,mit_b2,rgb,24.725453,7.834213018417358
418-17-4ph-x20,418 Printed 17-4 PH Steel,Steel,x20 (16).jpg,0.4878065321180556,0.4938280080737069,0.9756130642361112,dl_segformer_b2,SegFormer (MiT-B2),general,transformer,Segformer,mit_b2,rgb,24.725453,7.834213018417358
418-17-4ph-x20,418 Printed 17-4 PH Steel,Steel,x20 (17).jpg,0.4913330078125,0.4956286171653737,0.982666015625,dl_segformer_b2,SegFormer (MiT-B2),general,transformer,Segformer,mit_b2,rgb,24.725453,7.834213018417358
418-17-4ph-x20,418 Printed 17-4 PH Steel,Steel,x20 (18).jpg,0.4891221788194444,0.4945012752653375,0.9782443576388888,dl_segformer_b2,SegFormer (MiT-B2),general,transformer,Segformer,mit_b2,rgb,24.725453,7.834213018417358
418-17-4ph-x20,418 Printed 17-4 PH Steel,Steel,x20 (19).jpg,0.4912245008680556,0.49557340485215035,0.9824490017361112,dl_segformer_b2,SegFormer (MiT-B2),general,transformer,Segformer,mit_b2,rgb,24.725453,7.834213018417358
418-17-4ph-x20,418 Printed 17-4 PH Steel,Steel,x20 (20).jpg,0.2472466362847222,0.33087688091046047,0.4944932725694444,dl_segformer_b2,SegFormer (MiT-B2),general,transformer,Segformer,mit_b2,rgb,24.725453,7.834213018417358
418-17-4ph-x20,418 Printed 17-4 PH Steel,Steel,x20 (21).jpg,0.2800157335069444,0.358987288946078,0.5600314670138888,dl_segformer_b2,SegFormer (MiT-B2),general,transformer,Segformer,mit_b2,rgb,24.725453,7.834213018417358
418-17-4ph-x5,418 Printed 17-4 PH Steel,Steel,x5 (1).jpg,0.6158133283078753,0.7178755451056631,0.9194607204861112,dl_segformer_b2,SegFormer (MiT-B2),general,transformer,Segformer,mit_b2,rgb,24.725453,7.834213018417358
418-17-4ph-x5,418 Printed 17-4 PH Steel,Steel,x5 (2).jpg,0.7669280310658216,0.8538221275071982,0.9657118055555556,dl_segformer_b2,SegFormer (MiT-B2),general,transformer,Segformer,mit_b2,rgb,24.725453,7.834213018417358
418-17-4ph-x5,418 Printed 17-4 PH Steel,Steel,x5 (3).jpg,0.6287533386979038,0.72542101042502,0.9419487847222222,dl_segformer_b2,SegFormer (MiT-B2),general,transformer,Segformer,mit_b2,rgb,24.725453,7.834213018417358
418-17-4ph-x5,418 Printed 17-4 PH Steel,Steel,x5 (4).jpg,0.6693504922685889,0.7716320901926672,0.9345974392361112,dl_segformer_b2,SegFormer (MiT-B2),general,transformer,Segformer,mit_b2,rgb,24.725453,7.834213018417358
418-17-4ph-x5,418 Printed 17-4 PH Steel,Steel,x5 (5).jpg,0.8269626584828509,0.9003807558883193,0.9545355902777778,dl_segformer_b2,SegFormer (MiT-B2),general,transformer,Segformer,mit_b2,rgb,24.725453,7.834213018417358
418-17-4ph-x5,418 Printed 17-4 PH Steel,Steel,x5 (6).jpg,0.7111406175317847,0.8101105041055274,0.9421929253472222,dl_segformer_b2,SegFormer (MiT-B2),general,transformer,Segformer,mit_b2,rgb,24.725453,7.834213018417358
418-17-4ph-x5,418 Printed 17-4 PH Steel,Steel,x5 (7).jpg,0.6485824259802242,0.7492077553564223,0.9368760850694444,dl_segformer_b2,SegFormer (MiT-B2),general,transformer,Segformer,mit_b2,rgb,24.725453,7.834213018417358
418-17-4ph-x5,418 Printed 17-4 PH Steel,Steel,x5 (8).jpg,0.6083784609444625,0.7045734552910619,0.9323187934027778,dl_segformer_b2,SegFormer (MiT-B2),general,transformer,Segformer,mit_b2,rgb,24.725453,7.834213018417358
418-17-4ph-x5,418 Printed 17-4 PH Steel,Steel,x5 (9).jpg,0.6457568074749,0.7452466572164522,0.9398328993055556,dl_segformer_b2,SegFormer (MiT-B2),general,transformer,Segformer,mit_b2,rgb,24.725453,7.834213018417358
418-17-4ph-x5,418 Printed 17-4 PH Steel,Steel,x5 (10).jpg,0.6402581593187577,0.7389653028632015,0.9404839409722222,dl_segformer_b2,SegFormer (MiT-B2),general,transformer,Segformer,mit_b2,rgb,24.725453,7.834213018417358
418-17-4ph-x5,418 Printed 17-4 PH Steel,Steel,x5 (11).jpg,0.6490672982248855,0.74947670767468,0.937744140625,dl_segformer_b2,SegFormer (MiT-B2),general,transformer,Segformer,mit_b2,rgb,24.725453,7.834213018417358
418-17-4ph-x5,418 Printed 17-4 PH Steel,Steel,x5 (12).jpg,0.6415924688508614,0.7420812572189763,0.9351671006944444,dl_segformer_b2,SegFormer (MiT-B2),general,transformer,Segformer,mit_b2,rgb,24.725453,7.834213018417358
418-17-4ph-x5,418 Printed 17-4 PH Steel,Steel,x5 (13).jpg,0.6076845407418325,0.7026225889532531,0.9353841145833334,dl_segformer_b2,SegFormer (MiT-B2),general,transformer,Segformer,mit_b2,rgb,24.725453,7.834213018417358
418-17-4ph-x5,418 Printed 17-4 PH Steel,Steel,x5 (14).jpg,0.6580692798981498,0.7567834887838665,0.9458821614583334,dl_segformer_b2,SegFormer (MiT-B2),general,transformer,Segformer,mit_b2,rgb,24.725453,7.834213018417358
418-17-4ph-x5,418 Printed 17-4 PH Steel,Steel,x5 (15).jpg,0.7796542381544673,0.8667899739573942,0.9467230902777778,dl_segformer_b2,SegFormer (MiT-B2),general,transformer,Segformer,mit_b2,rgb,24.725453,7.834213018417358
418-17-4ph-x5,418 Printed 17-4 PH Steel,Steel,x5 (16).jpg,0.7113099034033509,0.8137263057485487,0.9256727430555556,dl_segformer_b2,SegFormer (MiT-B2),general,transformer,Segformer,mit_b2,rgb,24.725453,7.834213018417358
418-17-4ph-x5,418 Printed 17-4 PH Steel,Steel,x5 (17).jpg,0.7899739707260578,0.8760288167490198,0.9361979166666666,dl_segformer_b2,SegFormer (MiT-B2),general,transformer,Segformer,mit_b2,rgb,24.725453,7.834213018417358
418-17-4ph-x5,418 Printed 17-4 PH Steel,Steel,x5 (18).jpg,0.5951276990605401,0.6977329808048055,0.9064670138888888,dl_segformer_b2,SegFormer (MiT-B2),general,transformer,Segformer,mit_b2,rgb,24.725453,7.834213018417358
418-17-4ph-x5,418 Printed 17-4 PH Steel,Steel,x5 (19).jpg,0.6018366737899548,0.70338868926906,0.9134114583333334,dl_segformer_b2,SegFormer (MiT-B2),general,transformer,Segformer,mit_b2,rgb,24.725453,7.834213018417358
418-17-4ph-x5,418 Printed 17-4 PH Steel,Steel,x5 (20).jpg,0.6215713661998112,0.7238287193561412,0.9216037326388888,dl_segformer_b2,SegFormer (MiT-B2),general,transformer,Segformer,mit_b2,rgb,24.725453,7.834213018417358
418-17-4ph-x5,418 Printed 17-4 PH Steel,Steel,x5 (21).jpg,0.5787990622302946,0.6765853144984303,0.9083116319444444,dl_segformer_b2,SegFormer (MiT-B2),general,transformer,Segformer,mit_b2,rgb,24.725453,7.834213018417358
418-17-4ph-x5,418 Printed 17-4 PH Steel,Steel,x5 (22).jpg,0.6008256534378521,0.7041040841806372,0.9079318576388888,dl_segformer_b2,SegFormer (MiT-B2),general,transformer,Segformer,mit_b2,rgb,24.725453,7.834213018417358
418-17-4ph-x5,418 Printed 17-4 PH Steel,Steel,x5 (23).jpg,0.586953885821262,0.6882388936774858,0.9048665364583334,dl_segformer_b2,SegFormer (MiT-B2),general,transformer,Segformer,mit_b2,rgb,24.725453,7.834213018417358
418-17-4ph-x5,418 Printed 17-4 PH Steel,Steel,x5 (24).jpg,0.5971121447125038,0.6985602182943624,0.910888671875,dl_segformer_b2,SegFormer (MiT-B2),general,transformer,Segformer,mit_b2,rgb,24.725453,7.834213018417358
418-17-4ph-x5,418 Printed 17-4 PH Steel,Steel,x5 (25).jpg,0.5948926597877038,0.695399181970024,0.912109375,dl_segformer_b2,SegFormer (MiT-B2),general,transformer,Segformer,mit_b2,rgb,24.725453,7.834213018417358
5884-armor-steel,5884 Armor Steel,Steel,5884 x 5 (1).jpg,0.48284016070721114,0.6501855388536263,0.6542426215277778,dl_segformer_b2,SegFormer (MiT-B2),general,transformer,Segformer,mit_b2,rgb,24.725453,7.834213018417358
5884-armor-steel,5884 Armor Steel,Steel,5884 x 5 (2).jpg,0.5577001116780087,0.714924309517879,0.7200249565972222,dl_segformer_b2,SegFormer (MiT-B2),general,transformer,Segformer,mit_b2,rgb,24.725453,7.834213018417358
5884-armor-steel,5884 Armor Steel,Steel,5884 x 5 (3).jpg,0.5667576461814816,0.7228416310391856,0.7257758246527778,dl_segformer_b2,SegFormer (MiT-B2),general,transformer,Segformer,mit_b2,rgb,24.725453,7.834213018417358
5884-armor-steel,5884 Armor Steel,Steel,5884 x 5 (4).jpg,0.4981941869400653,0.6576842861050205,0.6866048177083334,dl_segformer_b2,SegFormer (MiT-B2),general,transformer,Segformer,mit_b2,rgb,24.725453,7.834213018417358
5884-armor-steel,5884 Armor Steel,Steel,5884 x 5 (5).jpg,0.606307790713347,0.7541881312266476,0.7578396267361112,dl_segformer_b2,SegFormer (MiT-B2),general,transformer,Segformer,mit_b2,rgb,24.725453,7.834213018417358
5884-armor-steel,5884 Armor Steel,Steel,5884 x 10 (1).jpg,0.6674302343387524,0.8005086997918422,0.8007541232638888,dl_segformer_b2,SegFormer (MiT-B2),general,transformer,Segformer,mit_b2,rgb,24.725453,7.834213018417358
5884-armor-steel,5884 Armor Steel,Steel,5884 x 10 (2).jpg,0.6671002346462901,0.7997999919694512,0.8028700086805556,dl_segformer_b2,SegFormer (MiT-B2),general,transformer,Segformer,mit_b2,rgb,24.725453,7.834213018417358
5884-armor-steel,5884 Armor Steel,Steel,5884 x 10 (3).jpg,0.6405841487134593,0.7745991958667917,0.8089735243055556,dl_segformer_b2,SegFormer (MiT-B2),general,transformer,Segformer,mit_b2,rgb,24.725453,7.834213018417358
5884-armor-steel,5884 Armor Steel,Steel,5884 x 10 (4).jpg,0.66812911503133,0.7981387987614017,0.8154839409722222,dl_segformer_b2,SegFormer (MiT-B2),general,transformer,Segformer,mit_b2,rgb,24.725453,7.834213018417358
5884-armor-steel,5884 Armor Steel,Steel,5884 x 10 (5).jpg,0.626158849457876,0.7655429605810766,0.7895779079861112,dl_segformer_b2,SegFormer (MiT-B2),general,transformer,Segformer,mit_b2,rgb,24.725453,7.834213018417358
5884-armor-steel,5884 Armor Steel,Steel,5884 x 10 (6).jpg,0.6274891579002992,0.7646675411225706,0.7985026041666666,dl_segformer_b2,SegFormer (MiT-B2),general,transformer,Segformer,mit_b2,rgb,24.725453,7.834213018417358
5884-armor-steel,5884 Armor Steel,Steel,5884 x 20 (1).jpg,0.6637754040124066,0.7871480904755717,0.8484971788194444,dl_segformer_b2,SegFormer (MiT-B2),general,transformer,Segformer,mit_b2,rgb,24.725453,7.834213018417358
5884-armor-steel,5884 Armor Steel,Steel,5884 x 20 (2).jpg,0.6861819773038156,0.8057701044979555,0.8556857638888888,dl_segformer_b2,SegFormer (MiT-B2),general,transformer,Segformer,mit_b2,rgb,24.725453,7.834213018417358
5884-armor-steel,5884 Armor Steel,Steel,5884 x 20 (3).jpg,0.8389609070682909,0.9123717605873487,0.9130859375,dl_segformer_b2,SegFormer (MiT-B2),general,transformer,Segformer,mit_b2,rgb,24.725453,7.834213018417358
5884-armor-steel,5884 Armor Steel,Steel,5884 x 20 (4).jpg,0.7078745415958491,0.8250457660900876,0.8512912326388888,dl_segformer_b2,SegFormer (MiT-B2),general,transformer,Segformer,mit_b2,rgb,24.725453,7.834213018417358
5884-armor-steel,5884 Armor Steel,Steel,5884 x 20 (5).jpg,0.7338335973128209,0.8450063213695214,0.8560384114583334,dl_segformer_b2,SegFormer (MiT-B2),general,transformer,Segformer,mit_b2,rgb,24.725453,7.834213018417358
5884-armor-steel,5884 Armor Steel,Steel,5884 x 20 (6).jpg,0.6565829353858682,0.7890732348526968,0.8098687065972222,dl_segformer_b2,SegFormer (MiT-B2),general,transformer,Segformer,mit_b2,rgb,24.725453,7.834213018417358
5884-armor-steel,5884 Armor Steel,Steel,5884 x 50 (1).jpg,0.5353650529709348,0.6890194924697849,0.7242567274305556,dl_segformer_b2,SegFormer (MiT-B2),general,transformer,Segformer,mit_b2,rgb,24.725453,7.834213018417358
5884-armor-steel,5884 Armor Steel,Steel,5884 x 50 (2).jpg,0.5647915836848882,0.7048035223423561,0.7797037760416666,dl_segformer_b2,SegFormer (MiT-B2),general,transformer,Segformer,mit_b2,rgb,24.725453,7.834213018417358
5884-armor-steel,5884 Armor Steel,Steel,5884 x 50 (3).jpg,0.4089031022423942,0.563819092770901,0.6185980902777778,dl_segformer_b2,SegFormer (MiT-B2),general,transformer,Segformer,mit_b2,rgb,24.725453,7.834213018417358
5884-armor-steel,5884 Armor Steel,Steel,5884 x 50 (4).jpg,0.4067964391453224,0.546724428637321,0.6480577256944444,dl_segformer_b2,SegFormer (MiT-B2),general,transformer,Segformer,mit_b2,rgb,24.725453,7.834213018417358
6280-cast-iron-high,6280 Gray Cast Iron,Cast Iron,6280 x 20 (1).jpg,0.5605189429649304,0.677865071222326,0.8441297743055556,dl_segformer_b2,SegFormer (MiT-B2),general,transformer,Segformer,mit_b2,rgb,24.725453,7.834213018417358
6280-cast-iron-high,6280 Gray Cast Iron,Cast Iron,6280 x 20 (2).jpg,0.5576817411112469,0.6738686981349172,0.8453504774305556,dl_segformer_b2,SegFormer (MiT-B2),general,transformer,Segformer,mit_b2,rgb,24.725453,7.834213018417358
6280-cast-iron-high,6280 Gray Cast Iron,Cast Iron,6280 x 20 (3).jpg,0.5526383446772071,0.6725195684366405,0.83203125,dl_segformer_b2,SegFormer (MiT-B2),general,transformer,Segformer,mit_b2,rgb,24.725453,7.834213018417358
6280-cast-iron-high,6280 Gray Cast Iron,Cast Iron,6280 x 20 (4).jpg,0.5766504117190167,0.6930394066907247,0.8567437065972222,dl_segformer_b2,SegFormer (MiT-B2),general,transformer,Segformer,mit_b2,rgb,24.725453,7.834213018417358
6280-cast-iron-high,6280 Gray Cast Iron,Cast Iron,6280 x 20 (5).jpg,0.5533005623727792,0.6662414813766961,0.8507758246527778,dl_segformer_b2,SegFormer (MiT-B2),general,transformer,Segformer,mit_b2,rgb,24.725453,7.834213018417358
6280-cast-iron-high,6280 Gray Cast Iron,Cast Iron,6280 x 20 (6).jpg,0.5606877452353215,0.6757205425935542,0.8504774305555556,dl_segformer_b2,SegFormer (MiT-B2),general,transformer,Segformer,mit_b2,rgb,24.725453,7.834213018417358
6280-cast-iron-high,6280 Gray Cast Iron,Cast Iron,6280 x 20 (7).jpg,0.5756058613728368,0.6836711097634097,0.879150390625,dl_segformer_b2,SegFormer (MiT-B2),general,transformer,Segformer,mit_b2,rgb,24.725453,7.834213018417358
6280-cast-iron-high,6280 Gray Cast Iron,Cast Iron,6280 x 20 (8).jpg,0.5683511402855032,0.6866245578865354,0.8465169270833334,dl_segformer_b2,SegFormer (MiT-B2),general,transformer,Segformer,mit_b2,rgb,24.725453,7.834213018417358
6280-cast-iron-high,6280 Gray Cast Iron,Cast Iron,6280 x 20 (9).jpg,0.557066426742249,0.6699574247078456,0.8536241319444444,dl_segformer_b2,SegFormer (MiT-B2),general,transformer,Segformer,mit_b2,rgb,24.725453,7.834213018417358
6280-cast-iron-high,6280 Gray Cast Iron,Cast Iron,6280 x 20 (10).jpg,0.5880029061036889,0.7016699087123142,0.8709038628472222,dl_segformer_b2,SegFormer (MiT-B2),general,transformer,Segformer,mit_b2,rgb,24.725453,7.834213018417358
6280-cast-iron-low,6280 Gray Cast Iron,Cast Iron,6280 x 10 (1).jpg,0.34488492083225336,0.48782378924269043,0.5439181857638888,dl_segformer_b2,SegFormer (MiT-B2),general,transformer,Segformer,mit_b2,rgb,24.725453,7.834213018417358
6280-cast-iron-low,6280 Gray Cast Iron,Cast Iron,6280 x 10 (2).jpg,0.34521694378389983,0.49068323112786394,0.551025390625,dl_segformer_b2,SegFormer (MiT-B2),general,transformer,Segformer,mit_b2,rgb,24.725453,7.834213018417358
6280-cast-iron-low,6280 Gray Cast Iron,Cast Iron,6280 x 10 (3).jpg,0.35049298868071527,0.49387276006906666,0.5782877604166666,dl_segformer_b2,SegFormer (MiT-B2),general,transformer,Segformer,mit_b2,rgb,24.725453,7.834213018417358
6280-cast-iron-low,6280 Gray Cast Iron,Cast Iron,6280 x 10 (4).jpg,0.35432826647199933,0.5020458063261964,0.5546061197916666,dl_segformer_b2,SegFormer (MiT-B2),general,transformer,Segformer,mit_b2,rgb,24.725453,7.834213018417358
6280-cast-iron-low,6280 Gray Cast Iron,Cast Iron,6280 x 10 (5).jpg,0.32747625167238575,0.47929518101534296,0.5390896267361112,dl_segformer_b2,SegFormer (MiT-B2),general,transformer,Segformer,mit_b2,rgb,24.725453,7.834213018417358
6280-cast-iron-low,6280 Gray Cast Iron,Cast Iron,6280 x 10 (6).jpg,0.3493948577441126,0.49514498130445966,0.546630859375,dl_segformer_b2,SegFormer (MiT-B2),general,transformer,Segformer,mit_b2,rgb,24.725453,7.834213018417358
6280-cast-iron-low,6280 Gray Cast Iron,Cast Iron,6280 x 10 (7).jpg,0.37986739824393184,0.5383154553073137,0.56396484375,dl_segformer_b2,SegFormer (MiT-B2),general,transformer,Segformer,mit_b2,rgb,24.725453,7.834213018417358
6280-cast-iron-low,6280 Gray Cast Iron,Cast Iron,6280 x 10 (8).jpg,0.34512739102431106,0.4911433100998777,0.5498318142361112,dl_segformer_b2,SegFormer (MiT-B2),general,transformer,Segformer,mit_b2,rgb,24.725453,7.834213018417358
6280-cast-iron-low,6280 Gray Cast Iron,Cast Iron,6280 x 10 (9).jpg,0.3666857056334716,0.520565651738417,0.5490993923611112,dl_segformer_b2,SegFormer (MiT-B2),general,transformer,Segformer,mit_b2,rgb,24.725453,7.834213018417358
6280-cast-iron-low,6280 Gray Cast Iron,Cast Iron,6280 x 10 (10).jpg,0.3543975545639879,0.5147279313079574,0.5472005208333334,dl_segformer_b2,SegFormer (MiT-B2),general,transformer,Segformer,mit_b2,rgb,24.725453,7.834213018417358
6280-cast-iron-low,6280 Gray Cast Iron,Cast Iron,6280 x 10 (11).jpg,0.35283494628948153,0.5138642766493768,0.5496419270833334,dl_segformer_b2,SegFormer (MiT-B2),general,transformer,Segformer,mit_b2,rgb,24.725453,7.834213018417358
4130-steel,4130 Steel,Steel,4130 x 10 (1).jpg,0.2550048828125,0.3377526273241714,0.510009765625,dl_upernet_b2,UPerNet (MiT-B2),general,transformer,UPerNet,mit_b2,rgb,32.530893,9.142882347106934
4130-steel,4130 Steel,Steel,4130 x 10 (2).jpg,0.2644178602430556,0.34590748593835946,0.5288357204861112,dl_upernet_b2,UPerNet (MiT-B2),general,transformer,UPerNet,mit_b2,rgb,32.530893,9.142882347106934
4130-steel,4130 Steel,Steel,4130 x 10 (3).jpg,0.2653944227430556,0.3467420389502224,0.5307888454861112,dl_upernet_b2,UPerNet (MiT-B2),general,transformer,UPerNet,mit_b2,rgb,32.530893,9.142882347106934
4130-steel,4130 Steel,Steel,4130 x 10 (4).jpg,0.2715115017361111,0.35192152174677405,0.5430230034722222,dl_upernet_b2,UPerNet (MiT-B2),general,transformer,UPerNet,mit_b2,rgb,32.530893,9.142882347106934
4130-steel,4130 Steel,Steel,4130 x 10 (5).jpg,0.2978922526041667,0.37334897241062776,0.5957845052083334,dl_upernet_b2,UPerNet (MiT-B2),general,transformer,UPerNet,mit_b2,rgb,32.530893,9.142882347106934
4130-steel,4130 Steel,Steel,4130 x 10 (6).jpg,0.2871365017361111,0.36478615983733675,0.5742730034722222,dl_upernet_b2,UPerNet (MiT-B2),general,transformer,UPerNet,mit_b2,rgb,32.530893,9.142882347106934
4130-steel,4130 Steel,Steel,4130 x 10 (7).jpg,0.2798529730902778,0.35885350540028177,0.5597059461805556,dl_upernet_b2,UPerNet (MiT-B2),general,transformer,UPerNet,mit_b2,rgb,32.530893,9.142882347106934
4130-steel,4130 Steel,Steel,4130 x 10 (8).jpg,0.2584771050347222,0.3407843207381842,0.5169542100694444,dl_upernet_b2,UPerNet (MiT-B2),general,transformer,UPerNet,mit_b2,rgb,32.530893,9.142882347106934
4130-steel,4130 Steel,Steel,4130 x 10 (9).jpg,0.2753228081597222,0.3551073246680545,0.5506456163194444,dl_upernet_b2,UPerNet (MiT-B2),general,transformer,UPerNet,mit_b2,rgb,32.530893,9.142882347106934
4130-steel,4130 Steel,Steel,4130 x 10 (10).jpg,0.2529432508680556,0.33593932952641725,0.5058865017361112,dl_upernet_b2,UPerNet (MiT-B2),general,transformer,UPerNet,mit_b2,rgb,32.530893,9.142882347106934
4130-steel,4130 Steel,Steel,4130 x 10 (11).jpg,0.23836263020833334,0.32282596715529593,0.4767252604166667,dl_upernet_b2,UPerNet (MiT-B2),general,transformer,UPerNet,mit_b2,rgb,32.530893,9.142882347106934
4130-steel,4130 Steel,Steel,4130 x 10 (12).jpg,0.24022081163194445,0.3245258818140174,0.4804416232638889,dl_upernet_b2,UPerNet (MiT-B2),general,transformer,UPerNet,mit_b2,rgb,32.530893,9.142882347106934
4130-steel,4130 Steel,Steel,4130 x 10 (13).jpg,0.24564615885416666,0.3294406548431105,0.4912923177083333,dl_upernet_b2,UPerNet (MiT-B2),general,transformer,UPerNet,mit_b2,rgb,32.530893,9.142882347106934
4130-steel,4130 Steel,Steel,4130 x 10 (14).jpg,0.2246636284722222,0.3100247061465898,0.4493272569444444,dl_upernet_b2,UPerNet (MiT-B2),general,transformer,UPerNet,mit_b2,rgb,32.530893,9.142882347106934
4130-steel,4130 Steel,Steel,4130 x 10 (15).jpg,0.240478515625,0.3247609627431586,0.48095703125,dl_upernet_b2,UPerNet (MiT-B2),general,transformer,UPerNet,mit_b2,rgb,32.530893,9.142882347106934
4130-steel,4130 Steel,Steel,4130 x 10 (16).jpg,0.2594807942708333,0.3416555049557996,0.5189615885416666,dl_upernet_b2,UPerNet (MiT-B2),general,transformer,UPerNet,mit_b2,rgb,32.530893,9.142882347106934
4130-steel,4130 Steel,Steel,4130 x 10 (17).jpg,0.2240532769097222,0.309443081130697,0.4481065538194444,dl_upernet_b2,UPerNet (MiT-B2),general,transformer,UPerNet,mit_b2,rgb,32.530893,9.142882347106934
4130-steel,4130 Steel,Steel,4130 x 10 (18).jpg,0.2441677517361111,0.32810848248459884,0.4883355034722222,dl_upernet_b2,UPerNet (MiT-B2),general,transformer,UPerNet,mit_b2,rgb,32.530893,9.142882347106934
4130-steel,4130 Steel,Steel,4130 x 10 (19).jpg,0.2663845486111111,0.3475860116097975,0.5327690972222222,dl_upernet_b2,UPerNet (MiT-B2),general,transformer,UPerNet,mit_b2,rgb,32.530893,9.142882347106934
4130-steel,4130 Steel,Steel,4130 x 10 (20).jpg,0.2835693359375,0.3618943760710391,0.567138671875,dl_upernet_b2,UPerNet (MiT-B2),general,transformer,UPerNet,mit_b2,rgb,32.530893,9.142882347106934
4130-steel,4130 Steel,Steel,4130 x 20 (1).jpg,0.3476426866319444,0.4101288103048244,0.6952853732638888,dl_upernet_b2,UPerNet (MiT-B2),general,transformer,UPerNet,mit_b2,rgb,32.530893,9.142882347106934
4130-steel,4130 Steel,Steel,4130 x 20 (2).jpg,0.3440619574652778,0.40762642412945316,0.6881239149305556,dl_upernet_b2,UPerNet (MiT-B2),general,transformer,UPerNet,mit_b2,rgb,32.530893,9.142882347106934
4130-steel,4130 Steel,Steel,4130 x 20 (3).jpg,0.3310004340277778,0.39831559704903047,0.6620008680555556,dl_upernet_b2,UPerNet (MiT-B2),general,transformer,UPerNet,mit_b2,rgb,32.530893,9.142882347106934
4130-steel,4130 Steel,Steel,4130 x 20 (4).jpg,0.3708902994791667,0.425874877353642,0.7417805989583334,dl_upernet_b2,UPerNet (MiT-B2),general,transformer,UPerNet,mit_b2,rgb,32.530893,9.142882347106934
4130-steel,4130 Steel,Steel,4130 x 20 (5).jpg,0.2626003689236111,0.3443485993775011,0.5252007378472222,dl_upernet_b2,UPerNet (MiT-B2),general,transformer,UPerNet,mit_b2,rgb,32.530893,9.142882347106934
4130-steel,4130 Steel,Steel,4130 x 20 (6).jpg,0.2589518229166667,0.34119665451426123,0.5179036458333334,dl_upernet_b2,UPerNet (MiT-B2),general,transformer,UPerNet,mit_b2,rgb,32.530893,9.142882347106934
4130-steel,4130 Steel,Steel,4130 x 20 (7).jpg,0.2515190972222222,0.3346809125036096,0.5030381944444444,dl_upernet_b2,UPerNet (MiT-B2),general,transformer,UPerNet,mit_b2,rgb,32.530893,9.142882347106934
4130-steel,4130 Steel,Steel,4130 x 20 (8).jpg,0.2619222005208333,0.3437650200267023,0.5238444010416666,dl_upernet_b2,UPerNet (MiT-B2),general,transformer,UPerNet,mit_b2,rgb,32.530893,9.142882347106934
4130-steel,4130 Steel,Steel,4130 x 20 (9).jpg,0.2567138671875,0.33924826584933054,0.513427734375,dl_upernet_b2,UPerNet (MiT-B2),general,transformer,UPerNet,mit_b2,rgb,32.530893,9.142882347106934
4130-steel,4130 Steel,Steel,4130 x 20 (10).jpg,0.2419162326388889,0.3260694698354662,0.4838324652777778,dl_upernet_b2,UPerNet (MiT-B2),general,transformer,UPerNet,mit_b2,rgb,32.530893,9.142882347106934
4130-steel,4130 Steel,Steel,4130 x 20 (11).jpg,0.2271050347222222,0.31234144157588417,0.4542100694444444,dl_upernet_b2,UPerNet (MiT-B2),general,transformer,UPerNet,mit_b2,rgb,32.530893,9.142882347106934
4130-steel,4130 Steel,Steel,4130 x 20 (12).jpg,0.23486328125,0.3196013289036545,0.4697265625,dl_upernet_b2,UPerNet (MiT-B2),general,transformer,UPerNet,mit_b2,rgb,32.530893,9.142882347106934
4130-steel,4130 Steel,Steel,4130 x 20 (13).jpg,0.22627766927083334,0.31155807048013895,0.4525553385416667,dl_upernet_b2,UPerNet (MiT-B2),general,transformer,UPerNet,mit_b2,rgb,32.530893,9.142882347106934
4130-steel,4130 Steel,Steel,4130 x 20 (14).jpg,0.22627766927083334,0.31155807048013895,0.4525553385416667,dl_upernet_b2,UPerNet (MiT-B2),general,transformer,UPerNet,mit_b2,rgb,32.530893,9.142882347106934
4130-steel,4130 Steel,Steel,4130 x 20 (15).jpg,0.24857584635416666,0.3320650105995543,0.4971516927083333,dl_upernet_b2,UPerNet (MiT-B2),general,transformer,UPerNet,mit_b2,rgb,32.530893,9.142882347106934
4130-steel,4130 Steel,Steel,4130 x 20 (16).jpg,0.2648518880208333,0.3462786614885354,0.5297037760416666,dl_upernet_b2,UPerNet (MiT-B2),general,transformer,UPerNet,mit_b2,rgb,32.530893,9.142882347106934
4130-steel,4130 Steel,Steel,4130 x 20 (17).jpg,0.2643093532986111,0.3458146261823215,0.5286187065972222,dl_upernet_b2,UPerNet (MiT-B2),general,transformer,UPerNet,mit_b2,rgb,32.530893,9.142882347106934
4130-steel,4130 Steel,Steel,4130 x 20 (18).jpg,0.283203125,0.36159600997506236,0.56640625,dl_upernet_b2,UPerNet (MiT-B2),general,transformer,UPerNet,mit_b2,rgb,32.530893,9.142882347106934
4130-steel,4130 Steel,Steel,4130 x 20 (19).jpg,0.2777777777777778,0.35714285714285715,0.5555555555555556,dl_upernet_b2,UPerNet (MiT-B2),general,transformer,UPerNet,mit_b2,rgb,32.530893,9.142882347106934
4130-steel,4130 Steel,Steel,4130 x 20 (20).jpg,0.2778591579861111,0.3572101133391456,0.5557183159722222,dl_upernet_b2,UPerNet (MiT-B2),general,transformer,UPerNet,mit_b2,rgb,32.530893,9.142882347106934
418-17-4ph-x20,418 Printed 17-4 PH Steel,Steel,x20 (1).jpg,0.25044627854721296,0.3971638991215559,0.4062228732638889,dl_upernet_b2,UPerNet (MiT-B2),general,transformer,UPerNet,mit_b2,rgb,32.530893,9.142882347106934
418-17-4ph-x20,418 Printed 17-4 PH Steel,Steel,x20 (2).jpg,0.29380982902973796,0.44494505682220953,0.4708116319444444,dl_upernet_b2,UPerNet (MiT-B2),general,transformer,UPerNet,mit_b2,rgb,32.530893,9.142882347106934
418-17-4ph-x20,418 Printed 17-4 PH Steel,Steel,x20 (3).jpg,0.38646020790575175,0.5282742998188219,0.619384765625,dl_upernet_b2,UPerNet (MiT-B2),general,transformer,UPerNet,mit_b2,rgb,32.530893,9.142882347106934
418-17-4ph-x20,418 Printed 17-4 PH Steel,Steel,x20 (4).jpg,0.41669240837776667,0.5541503981969111,0.6647677951388888,dl_upernet_b2,UPerNet (MiT-B2),general,transformer,UPerNet,mit_b2,rgb,32.530893,9.142882347106934
418-17-4ph-x20,418 Printed 17-4 PH Steel,Steel,x20 (5).jpg,0.45824035103126176,0.5918160004971283,0.7183159722222222,dl_upernet_b2,UPerNet (MiT-B2),general,transformer,UPerNet,mit_b2,rgb,32.530893,9.142882347106934
418-17-4ph-x20,418 Printed 17-4 PH Steel,Steel,x20 (6).jpg,0.3056606344829731,0.444631668273606,0.5106608072916666,dl_upernet_b2,UPerNet (MiT-B2),general,transformer,UPerNet,mit_b2,rgb,32.530893,9.142882347106934
418-17-4ph-x20,418 Printed 17-4 PH Steel,Steel,x20 (7).jpg,0.34520957085950815,0.5120804947284715,0.515625,dl_upernet_b2,UPerNet (MiT-B2),general,transformer,UPerNet,mit_b2,rgb,32.530893,9.142882347106934
418-17-4ph-x20,418 Printed 17-4 PH Steel,Steel,x20 (8).jpg,0.4539069851868801,0.5922983096686382,0.703125,dl_upernet_b2,UPerNet (MiT-B2),general,transformer,UPerNet,mit_b2,rgb,32.530893,9.142882347106934
418-17-4ph-x20,418 Printed 17-4 PH Steel,Steel,x20 (9).jpg,0.21644582211882651,0.3558247468483784,0.3559299045138889,dl_upernet_b2,UPerNet (MiT-B2),general,transformer,UPerNet,mit_b2,rgb,32.530893,9.142882347106934
418-17-4ph-x20,418 Printed 17-4 PH Steel,Steel,x20 (10).jpg,0.2750954276486518,0.4248662539774112,0.4430067274305556,dl_upernet_b2,UPerNet (MiT-B2),general,transformer,UPerNet,mit_b2,rgb,32.530893,9.142882347106934
418-17-4ph-x20,418 Printed 17-4 PH Steel,Steel,x20 (11).jpg,0.4850802951388889,0.4924271630776009,0.9701605902777778,dl_upernet_b2,UPerNet (MiT-B2),general,transformer,UPerNet,mit_b2,rgb,32.530893,9.142882347106934
418-17-4ph-x20,418 Printed 17-4 PH Steel,Steel,x20 (12).jpg,0.4870876736111111,0.49345938221391666,0.9741753472222222,dl_upernet_b2,UPerNet (MiT-B2),general,transformer,UPerNet,mit_b2,rgb,32.530893,9.142882347106934
418-17-4ph-x20,418 Printed 17-4 PH Steel,Steel,x20 (13).jpg,0.4949137369791667,0.4974438673264897,0.9898274739583334,dl_upernet_b2,UPerNet (MiT-B2),general,transformer,UPerNet,mit_b2,rgb,32.530893,9.142882347106934
418-17-4ph-x20,418 Printed 17-4 PH Steel,Steel,x20 (14).jpg,0.4920518663194444,0.49599409368078534,0.9841037326388888,dl_upernet_b2,UPerNet (MiT-B2),general,transformer,UPerNet,mit_b2,rgb,32.530893,9.142882347106934
418-17-4ph-x20,418 Printed 17-4 PH Steel,Steel,x20 (15).jpg,0.4906684027777778,0.49529025191675796,0.9813368055555556,dl_upernet_b2,UPerNet (MiT-B2),general,transformer,UPerNet,mit_b2,rgb,32.530893,9.142882347106934
418-17-4ph-x20,418 Printed 17-4 PH Steel,Steel,x20 (16).jpg,0.4878065321180556,0.4938280080737069,0.9756130642361112,dl_upernet_b2,UPerNet (MiT-B2),general,transformer,UPerNet,mit_b2,rgb,32.530893,9.142882347106934
418-17-4ph-x20,418 Printed 17-4 PH Steel,Steel,x20 (17).jpg,0.4913330078125,0.4956286171653737,0.982666015625,dl_upernet_b2,UPerNet (MiT-B2),general,transformer,UPerNet,mit_b2,rgb,32.530893,9.142882347106934
418-17-4ph-x20,418 Printed 17-4 PH Steel,Steel,x20 (18).jpg,0.4890001085069444,0.49443888256510826,0.9780002170138888,dl_upernet_b2,UPerNet (MiT-B2),general,transformer,UPerNet,mit_b2,rgb,32.530893,9.142882347106934
418-17-4ph-x20,418 Printed 17-4 PH Steel,Steel,x20 (19).jpg,0.4912245008680556,0.49557340485215035,0.9824490017361112,dl_upernet_b2,UPerNet (MiT-B2),general,transformer,UPerNet,mit_b2,rgb,32.530893,9.142882347106934
418-17-4ph-x20,418 Printed 17-4 PH Steel,Steel,x20 (20).jpg,0.31304450291020974,0.4536669569304985,0.5192057291666666,dl_upernet_b2,UPerNet (MiT-B2),general,transformer,UPerNet,mit_b2,rgb,32.530893,9.142882347106934
418-17-4ph-x20,418 Printed 17-4 PH Steel,Steel,x20 (21).jpg,0.3090531917100871,0.4605052071665807,0.4938151041666667,dl_upernet_b2,UPerNet (MiT-B2),general,transformer,UPerNet,mit_b2,rgb,32.530893,9.142882347106934
418-17-4ph-x5,418 Printed 17-4 PH Steel,Steel,x5 (1).jpg,0.800140807547282,0.8775462667043514,0.9823133680555556,dl_upernet_b2,UPerNet (MiT-B2),general,transformer,UPerNet,mit_b2,rgb,32.530893,9.142882347106934
418-17-4ph-x5,418 Printed 17-4 PH Steel,Steel,x5 (2).jpg,0.8360993760464902,0.90386902367532,0.9821506076388888,dl_upernet_b2,UPerNet (MiT-B2),general,transformer,UPerNet,mit_b2,rgb,32.530893,9.142882347106934
418-17-4ph-x5,418 Printed 17-4 PH Steel,Steel,x5 (3).jpg,0.7978996507594731,0.8752383997600739,0.9865993923611112,dl_upernet_b2,UPerNet (MiT-B2),general,transformer,UPerNet,mit_b2,rgb,32.530893,9.142882347106934
418-17-4ph-x5,418 Printed 17-4 PH Steel,Steel,x5 (4).jpg,0.7113294430441276,0.8038498224396855,0.9713541666666666,dl_upernet_b2,UPerNet (MiT-B2),general,transformer,UPerNet,mit_b2,rgb,32.530893,9.142882347106934
418-17-4ph-x5,418 Printed 17-4 PH Steel,Steel,x5 (5).jpg,0.9102075110613688,0.9516194346498804,0.9813910590277778,dl_upernet_b2,UPerNet (MiT-B2),general,transformer,UPerNet,mit_b2,rgb,32.530893,9.142882347106934
418-17-4ph-x5,418 Printed 17-4 PH Steel,Steel,x5 (6).jpg,0.8050789022018592,0.8819722279883319,0.9771050347222222,dl_upernet_b2,UPerNet (MiT-B2),general,transformer,UPerNet,mit_b2,rgb,32.530893,9.142882347106934
418-17-4ph-x5,418 Printed 17-4 PH Steel,Steel,x5 (7).jpg,0.7986511488203321,0.876402243844573,0.9823404947916666,dl_upernet_b2,UPerNet (MiT-B2),general,transformer,UPerNet,mit_b2,rgb,32.530893,9.142882347106934
418-17-4ph-x5,418 Printed 17-4 PH Steel,Steel,x5 (8).jpg,0.8055873498722368,0.8810738271256454,0.9869520399305556,dl_upernet_b2,UPerNet (MiT-B2),general,transformer,UPerNet,mit_b2,rgb,32.530893,9.142882347106934
418-17-4ph-x5,418 Printed 17-4 PH Steel,Steel,x5 (9).jpg,0.828875043662878,0.8982946318436726,0.9864366319444444,dl_upernet_b2,UPerNet (MiT-B2),general,transformer,UPerNet,mit_b2,rgb,32.530893,9.142882347106934
418-17-4ph-x5,418 Printed 17-4 PH Steel,Steel,x5 (10).jpg,0.8355780665051751,0.9029649595687331,0.9873046875,dl_upernet_b2,UPerNet (MiT-B2),general,transformer,UPerNet,mit_b2,rgb,32.530893,9.142882347106934
418-17-4ph-x5,418 Printed 17-4 PH Steel,Steel,x5 (11).jpg,0.7879098885717635,0.8681409169584366,0.9817437065972222,dl_upernet_b2,UPerNet (MiT-B2),general,transformer,UPerNet,mit_b2,rgb,32.530893,9.142882347106934
418-17-4ph-x5,418 Printed 17-4 PH Steel,Steel,x5 (12).jpg,0.8011076066955005,0.8782039819826608,0.98291015625,dl_upernet_b2,UPerNet (MiT-B2),general,transformer,UPerNet,mit_b2,rgb,32.530893,9.142882347106934
418-17-4ph-x5,418 Printed 17-4 PH Steel,Steel,x5 (13).jpg,0.7995991657493686,0.8764368520209433,0.9874131944444444,dl_upernet_b2,UPerNet (MiT-B2),general,transformer,UPerNet,mit_b2,rgb,32.530893,9.142882347106934
418-17-4ph-x5,418 Printed 17-4 PH Steel,Steel,x5 (14).jpg,0.8288943502878783,0.898305457486973,0.9864637586805556,dl_upernet_b2,UPerNet (MiT-B2),general,transformer,UPerNet,mit_b2,rgb,32.530893,9.142882347106934
418-17-4ph-x5,418 Printed 17-4 PH Steel,Steel,x5 (15).jpg,0.8466129168685687,0.9123868913831005,0.9688585069444444,dl_upernet_b2,UPerNet (MiT-B2),general,transformer,UPerNet,mit_b2,rgb,32.530893,9.142882347106934
418-17-4ph-x5,418 Printed 17-4 PH Steel,Steel,x5 (16).jpg,0.8246653124080623,0.8969229286689072,0.9716796875,dl_upernet_b2,UPerNet (MiT-B2),general,transformer,UPerNet,mit_b2,rgb,32.530893,9.142882347106934
418-17-4ph-x5,418 Printed 17-4 PH Steel,Steel,x5 (17).jpg,0.882293689825687,0.935169355907914,0.972900390625,dl_upernet_b2,UPerNet (MiT-B2),general,transformer,UPerNet,mit_b2,rgb,32.530893,9.142882347106934
418-17-4ph-x5,418 Printed 17-4 PH Steel,Steel,x5 (18).jpg,0.7541309271964732,0.8412619811902302,0.9768337673611112,dl_upernet_b2,UPerNet (MiT-B2),general,transformer,UPerNet,mit_b2,rgb,32.530893,9.142882347106934
418-17-4ph-x5,418 Printed 17-4 PH Steel,Steel,x5 (19).jpg,0.7913638563349841,0.8708674528569282,0.9816080729166666,dl_upernet_b2,UPerNet (MiT-B2),general,transformer,UPerNet,mit_b2,rgb,32.530893,9.142882347106934
418-17-4ph-x5,418 Printed 17-4 PH Steel,Steel,x5 (20).jpg,0.7958003022734592,0.8742835515152443,0.9817979600694444,dl_upernet_b2,UPerNet (MiT-B2),general,transformer,UPerNet,mit_b2,rgb,32.530893,9.142882347106934
418-17-4ph-x5,418 Printed 17-4 PH Steel,Steel,x5 (21).jpg,0.7694553128672572,0.8530227861225037,0.9832356770833334,dl_upernet_b2,UPerNet (MiT-B2),general,transformer,UPerNet,mit_b2,rgb,32.530893,9.142882347106934
418-17-4ph-x5,418 Printed 17-4 PH Steel,Steel,x5 (22).jpg,0.7599521887808272,0.8462697786476965,0.9763726128472222,dl_upernet_b2,UPerNet (MiT-B2),general,transformer,UPerNet,mit_b2,rgb,32.530893,9.142882347106934
418-17-4ph-x5,418 Printed 17-4 PH Steel,Steel,x5 (23).jpg,0.7904289521407719,0.8700863065833244,0.9819607204861112,dl_upernet_b2,UPerNet (MiT-B2),general,transformer,UPerNet,mit_b2,rgb,32.530893,9.142882347106934
418-17-4ph-x5,418 Printed 17-4 PH Steel,Steel,x5 (24).jpg,0.7981353727148639,0.8759729832088043,0.9825846354166666,dl_upernet_b2,UPerNet (MiT-B2),general,transformer,UPerNet,mit_b2,rgb,32.530893,9.142882347106934
418-17-4ph-x5,418 Printed 17-4 PH Steel,Steel,x5 (25).jpg,0.7750492850293632,0.8580544371518689,0.98046875,dl_upernet_b2,UPerNet (MiT-B2),general,transformer,UPerNet,mit_b2,rgb,32.530893,9.142882347106934
5884-armor-steel,5884 Armor Steel,Steel,5884 x 5 (1).jpg,0.42222993836587197,0.5900576646950528,0.602783203125,dl_upernet_b2,UPerNet (MiT-B2),general,transformer,UPerNet,mit_b2,rgb,32.530893,9.142882347106934
5884-armor-steel,5884 Armor Steel,Steel,5884 x 5 (2).jpg,0.40090432217975824,0.5633018980015579,0.5930718315972222,dl_upernet_b2,UPerNet (MiT-B2),general,transformer,UPerNet,mit_b2,rgb,32.530893,9.142882347106934
5884-armor-steel,5884 Armor Steel,Steel,5884 x 5 (3).jpg,0.39649987089881,0.5598623364429944,0.5859917534722222,dl_upernet_b2,UPerNet (MiT-B2),general,transformer,UPerNet,mit_b2,rgb,32.530893,9.142882347106934
5884-armor-steel,5884 Armor Steel,Steel,5884 x 5 (4).jpg,0.31323779456251394,0.4372959007517174,0.5476888020833334,dl_upernet_b2,UPerNet (MiT-B2),general,transformer,UPerNet,mit_b2,rgb,32.530893,9.142882347106934
5884-armor-steel,5884 Armor Steel,Steel,5884 x 5 (5).jpg,0.3493912281396745,0.5151013976640334,0.5235188802083334,dl_upernet_b2,UPerNet (MiT-B2),general,transformer,UPerNet,mit_b2,rgb,32.530893,9.142882347106934
5884-armor-steel,5884 Armor Steel,Steel,5884 x 10 (1).jpg,0.4024149524702989,0.5675399530760872,0.5885687934027778,dl_upernet_b2,UPerNet (MiT-B2),general,transformer,UPerNet,mit_b2,rgb,32.530893,9.142882347106934
5884-armor-steel,5884 Armor Steel,Steel,5884 x 10 (2).jpg,0.42599859659750267,0.5877365469592712,0.62109375,dl_upernet_b2,UPerNet (MiT-B2),general,transformer,UPerNet,mit_b2,rgb,32.530893,9.142882347106934
5884-armor-steel,5884 Armor Steel,Steel,5884 x 10 (3).jpg,0.45815663590015904,0.5995481437033355,0.7004665798611112,dl_upernet_b2,UPerNet (MiT-B2),general,transformer,UPerNet,mit_b2,rgb,32.530893,9.142882347106934
5884-armor-steel,5884 Armor Steel,Steel,5884 x 10 (4).jpg,0.4122576614824587,0.5565478847379138,0.6453450520833334,dl_upernet_b2,UPerNet (MiT-B2),general,transformer,UPerNet,mit_b2,rgb,32.530893,9.142882347106934
5884-armor-steel,5884 Armor Steel,Steel,5884 x 10 (5).jpg,0.44949053220132834,0.5948410014630562,0.6828070746527778,dl_upernet_b2,UPerNet (MiT-B2),general,transformer,UPerNet,mit_b2,rgb,32.530893,9.142882347106934
5884-armor-steel,5884 Armor Steel,Steel,5884 x 10 (6).jpg,0.4394393752635603,0.5859507183088714,0.6700303819444444,dl_upernet_b2,UPerNet (MiT-B2),general,transformer,UPerNet,mit_b2,rgb,32.530893,9.142882347106934
5884-armor-steel,5884 Armor Steel,Steel,5884 x 20 (1).jpg,0.22113573172167839,0.36123467641103335,0.3636610243055556,dl_upernet_b2,UPerNet (MiT-B2),general,transformer,UPerNet,mit_b2,rgb,32.530893,9.142882347106934
5884-armor-steel,5884 Armor Steel,Steel,5884 x 20 (2).jpg,0.2292459337445427,0.37276110735682677,0.3733452690972222,dl_upernet_b2,UPerNet (MiT-B2),general,transformer,UPerNet,mit_b2,rgb,32.530893,9.142882347106934
5884-armor-steel,5884 Armor Steel,Steel,5884 x 20 (3).jpg,0.41849008651080827,0.5724634256466042,0.6311848958333334,dl_upernet_b2,UPerNet (MiT-B2),general,transformer,UPerNet,mit_b2,rgb,32.530893,9.142882347106934
5884-armor-steel,5884 Armor Steel,Steel,5884 x 20 (4).jpg,0.24169629960187933,0.38792477612894877,0.3915473090277778,dl_upernet_b2,UPerNet (MiT-B2),general,transformer,UPerNet,mit_b2,rgb,32.530893,9.142882347106934
5884-armor-steel,5884 Armor Steel,Steel,5884 x 20 (5).jpg,0.30938915855928306,0.46967617068228584,0.47802734375,dl_upernet_b2,UPerNet (MiT-B2),general,transformer,UPerNet,mit_b2,rgb,32.530893,9.142882347106934
5884-armor-steel,5884 Armor Steel,Steel,5884 x 20 (6).jpg,0.26836418778771665,0.422046177220066,0.4251030815972222,dl_upernet_b2,UPerNet (MiT-B2),general,transformer,UPerNet,mit_b2,rgb,32.530893,9.142882347106934
5884-armor-steel,5884 Armor Steel,Steel,5884 x 50 (1).jpg,0.46863368043835973,0.6232295552636357,0.6778971354166666,dl_upernet_b2,UPerNet (MiT-B2),general,transformer,UPerNet,mit_b2,rgb,32.530893,9.142882347106934
5884-armor-steel,5884 Armor Steel,Steel,5884 x 50 (2).jpg,0.4786689468162669,0.6145014942770086,0.7328559027777778,dl_upernet_b2,UPerNet (MiT-B2),general,transformer,UPerNet,mit_b2,rgb,32.530893,9.142882347106934
5884-armor-steel,5884 Armor Steel,Steel,5884 x 50 (3).jpg,0.503129969018065,0.6645414017825071,0.6840549045138888,dl_upernet_b2,UPerNet (MiT-B2),general,transformer,UPerNet,mit_b2,rgb,32.530893,9.142882347106934
5884-armor-steel,5884 Armor Steel,Steel,5884 x 50 (4).jpg,0.49090820492799725,0.6441756270656037,0.6988932291666666,dl_upernet_b2,UPerNet (MiT-B2),general,transformer,UPerNet,mit_b2,rgb,32.530893,9.142882347106934
6280-cast-iron-high,6280 Gray Cast Iron,Cast Iron,6280 x 20 (1).jpg,0.25775661575930997,0.40891072598833356,0.4114854600694444,dl_upernet_b2,UPerNet (MiT-B2),general,transformer,UPerNet,mit_b2,rgb,32.530893,9.142882347106934
6280-cast-iron-high,6280 Gray Cast Iron,Cast Iron,6280 x 20 (2).jpg,0.26222088398299176,0.4141351695912582,0.4178059895833333,dl_upernet_b2,UPerNet (MiT-B2),general,transformer,UPerNet,mit_b2,rgb,32.530893,9.142882347106934
6280-cast-iron-high,6280 Gray Cast Iron,Cast Iron,6280 x 20 (3).jpg,0.25873599930912466,0.4104800784561963,0.4121636284722222,dl_upernet_b2,UPerNet (MiT-B2),general,transformer,UPerNet,mit_b2,rgb,32.530893,9.142882347106934
6280-cast-iron-high,6280 Gray Cast Iron,Cast Iron,6280 x 20 (4).jpg,0.2453412672235564,0.3931082438093718,0.3955078125,dl_upernet_b2,UPerNet (MiT-B2),general,transformer,UPerNet,mit_b2,rgb,32.530893,9.142882347106934
6280-cast-iron-high,6280 Gray Cast Iron,Cast Iron,6280 x 20 (5).jpg,0.2560611926782812,0.4058548825240498,0.4108615451388889,dl_upernet_b2,UPerNet (MiT-B2),general,transformer,UPerNet,mit_b2,rgb,32.530893,9.142882347106934
6280-cast-iron-high,6280 Gray Cast Iron,Cast Iron,6280 x 20 (6).jpg,0.22331280775908735,0.364886183094313,0.3654242621527778,dl_upernet_b2,UPerNet (MiT-B2),general,transformer,UPerNet,mit_b2,rgb,32.530893,9.142882347106934
6280-cast-iron-high,6280 Gray Cast Iron,Cast Iron,6280 x 20 (7).jpg,0.279585741901748,0.4304331358605165,0.4485134548611111,dl_upernet_b2,UPerNet (MiT-B2),general,transformer,UPerNet,mit_b2,rgb,32.530893,9.142882347106934
6280-cast-iron-high,6280 Gray Cast Iron,Cast Iron,6280 x 20 (8).jpg,0.22229836855522028,0.36359758833621,0.3639594184027778,dl_upernet_b2,UPerNet (MiT-B2),general,transformer,UPerNet,mit_b2,rgb,32.530893,9.142882347106934
6280-cast-iron-high,6280 Gray Cast Iron,Cast Iron,6280 x 20 (9).jpg,0.2657379321802905,0.41688828574241604,0.425048828125,dl_upernet_b2,UPerNet (MiT-B2),general,transformer,UPerNet,mit_b2,rgb,32.530893,9.142882347106934
6280-cast-iron-high,6280 Gray Cast Iron,Cast Iron,6280 x 20 (10).jpg,0.26004176389101175,0.40957424555805666,0.4181315104166667,dl_upernet_b2,UPerNet (MiT-B2),general,transformer,UPerNet,mit_b2,rgb,32.530893,9.142882347106934
6280-cast-iron-low,6280 Gray Cast Iron,Cast Iron,6280 x 10 (1).jpg,0.23450447739147764,0.3366971093307965,0.4944932725694444,dl_upernet_b2,UPerNet (MiT-B2),general,transformer,UPerNet,mit_b2,rgb,32.530893,9.142882347106934
6280-cast-iron-low,6280 Gray Cast Iron,Cast Iron,6280 x 10 (2).jpg,0.23630755173138582,0.3391309669924873,0.4958767361111111,dl_upernet_b2,UPerNet (MiT-B2),general,transformer,UPerNet,mit_b2,rgb,32.530893,9.142882347106934
6280-cast-iron-low,6280 Gray Cast Iron,Cast Iron,6280 x 10 (3).jpg,0.22527273754941882,0.3290944365479332,0.4608832465277778,dl_upernet_b2,UPerNet (MiT-B2),general,transformer,UPerNet,mit_b2,rgb,32.530893,9.142882347106934
6280-cast-iron-low,6280 Gray Cast Iron,Cast Iron,6280 x 10 (4).jpg,0.24903956997727472,0.3547603168031732,0.501953125,dl_upernet_b2,UPerNet (MiT-B2),general,transformer,UPerNet,mit_b2,rgb,32.530893,9.142882347106934
6280-cast-iron-low,6280 Gray Cast Iron,Cast Iron,6280 x 10 (5).jpg,0.233190819353944,0.33276340728855575,0.5080023871527778,dl_upernet_b2,UPerNet (MiT-B2),general,transformer,UPerNet,mit_b2,rgb,32.530893,9.142882347106934
6280-cast-iron-low,6280 Gray Cast Iron,Cast Iron,6280 x 10 (6).jpg,0.23876173465678438,0.34147712691852333,0.5010036892361112,dl_upernet_b2,UPerNet (MiT-B2),general,transformer,UPerNet,mit_b2,rgb,32.530893,9.142882347106934
6280-cast-iron-low,6280 Gray Cast Iron,Cast Iron,6280 x 10 (7).jpg,0.23830680705809917,0.33992779473288426,0.5092502170138888,dl_upernet_b2,UPerNet (MiT-B2),general,transformer,UPerNet,mit_b2,rgb,32.530893,9.142882347106934
6280-cast-iron-low,6280 Gray Cast Iron,Cast Iron,6280 x 10 (8).jpg,0.2294385081790824,0.32972095784748173,0.4938422309027778,dl_upernet_b2,UPerNet (MiT-B2),general,transformer,UPerNet,mit_b2,rgb,32.530893,9.142882347106934
6280-cast-iron-low,6280 Gray Cast Iron,Cast Iron,6280 x 10 (9).jpg,0.27202671291452446,0.3819362928628733,0.5161675347222222,dl_upernet_b2,UPerNet (MiT-B2),general,transformer,UPerNet,mit_b2,rgb,32.530893,9.142882347106934
6280-cast-iron-low,6280 Gray Cast Iron,Cast Iron,6280 x 10 (10).jpg,0.24013294715727415,0.33465391130676064,0.5498589409722222,dl_upernet_b2,UPerNet (MiT-B2),general,transformer,UPerNet,mit_b2,rgb,32.530893,9.142882347106934
6280-cast-iron-low,6280 Gray Cast Iron,Cast Iron,6280 x 10 (11).jpg,0.23517233696879103,0.3280392463798219,0.5469563802083334,dl_upernet_b2,UPerNet (MiT-B2),general,transformer,UPerNet,mit_b2,rgb,32.530893,9.142882347106934
4130-steel,4130 Steel,Steel,4130 x 10 (1).jpg,0.6789726266353573,0.8084598627112465,0.810546875,dl_unet_effb0,U-Net (EfficientNet-B0),general,encoder-decoder,Unet,tu-efficientnet_b0,rgb,5.836441,4.644568920135498
4130-steel,4130 Steel,Steel,4130 x 10 (2).jpg,0.5134846243638964,0.6779865192522554,0.6802842881944444,dl_unet_effb0,U-Net (EfficientNet-B0),general,encoder-decoder,Unet,tu-efficientnet_b0,rgb,5.836441,4.644568920135498
4130-steel,4130 Steel,Steel,4130 x 10 (3).jpg,0.5112316043632379,0.6760427068131193,0.67822265625,dl_unet_effb0,U-Net (EfficientNet-B0),general,encoder-decoder,Unet,tu-efficientnet_b0,rgb,5.836441,4.644568920135498
4130-steel,4130 Steel,Steel,4130 x 10 (4).jpg,0.5044276899135202,0.6701851557246121,0.6718207465277778,dl_unet_effb0,U-Net (EfficientNet-B0),general,encoder-decoder,Unet,tu-efficientnet_b0,rgb,5.836441,4.644568920135498
4130-steel,4130 Steel,Steel,4130 x 10 (5).jpg,0.4407098856978774,0.6110804597051698,0.6136338975694444,dl_unet_effb0,U-Net (EfficientNet-B0),general,encoder-decoder,Unet,tu-efficientnet_b0,rgb,5.836441,4.644568920135498
4130-steel,4130 Steel,Steel,4130 x 10 (6).jpg,0.5680413365973973,0.7239830627588885,0.7264811197916666,dl_unet_effb0,U-Net (EfficientNet-B0),general,encoder-decoder,Unet,tu-efficientnet_b0,rgb,5.836441,4.644568920135498
4130-steel,4130 Steel,Steel,4130 x 10 (7).jpg,0.5777452976248705,0.7315747614060202,0.7353244357638888,dl_unet_effb0,U-Net (EfficientNet-B0),general,encoder-decoder,Unet,tu-efficientnet_b0,rgb,5.836441,4.644568920135498
4130-steel,4130 Steel,Steel,4130 x 10 (8).jpg,0.6083354306510791,0.755021728517439,0.7624240451388888,dl_unet_effb0,U-Net (EfficientNet-B0),general,encoder-decoder,Unet,tu-efficientnet_b0,rgb,5.836441,4.644568920135498
4130-steel,4130 Steel,Steel,4130 x 10 (9).jpg,0.5867467517718843,0.7386385720492488,0.7430826822916666,dl_unet_effb0,U-Net (EfficientNet-B0),general,encoder-decoder,Unet,tu-efficientnet_b0,rgb,5.836441,4.644568920135498
4130-steel,4130 Steel,Steel,4130 x 10 (10).jpg,0.6172019583730528,0.7616808240306032,0.7700737847222222,dl_unet_effb0,U-Net (EfficientNet-B0),general,encoder-decoder,Unet,tu-efficientnet_b0,rgb,5.836441,4.644568920135498
4130-steel,4130 Steel,Steel,4130 x 10 (11).jpg,0.6126696048259126,0.7572057570849062,0.7705891927083334,dl_unet_effb0,U-Net (EfficientNet-B0),general,encoder-decoder,Unet,tu-efficientnet_b0,rgb,5.836441,4.644568920135498
4130-steel,4130 Steel,Steel,4130 x 10 (12).jpg,0.6205394933286474,0.7635017242849256,0.7757432725694444,dl_unet_effb0,U-Net (EfficientNet-B0),general,encoder-decoder,Unet,tu-efficientnet_b0,rgb,5.836441,4.644568920135498
4130-steel,4130 Steel,Steel,4130 x 10 (13).jpg,0.6061898234510199,0.7526538234944451,0.7635633680555556,dl_unet_effb0,U-Net (EfficientNet-B0),general,encoder-decoder,Unet,tu-efficientnet_b0,rgb,5.836441,4.644568920135498
4130-steel,4130 Steel,Steel,4130 x 10 (14).jpg,0.6283864162241888,0.7684440745834367,0.7862413194444444,dl_unet_effb0,U-Net (EfficientNet-B0),general,encoder-decoder,Unet,tu-efficientnet_b0,rgb,5.836441,4.644568920135498
4130-steel,4130 Steel,Steel,4130 x 10 (15).jpg,0.5904370339110308,0.7392510360702087,0.7548828125,dl_unet_effb0,U-Net (EfficientNet-B0),general,encoder-decoder,Unet,tu-efficientnet_b0,rgb,5.836441,4.644568920135498
4130-steel,4130 Steel,Steel,4130 x 10 (16).jpg,0.5848116377951242,0.7363351536549423,0.7444118923611112,dl_unet_effb0,U-Net (EfficientNet-B0),general,encoder-decoder,Unet,tu-efficientnet_b0,rgb,5.836441,4.644568920135498
4130-steel,4130 Steel,Steel,4130 x 10 (17).jpg,0.6334534115748075,0.7722625306810145,0.7902560763888888,dl_unet_effb0,U-Net (EfficientNet-B0),general,encoder-decoder,Unet,tu-efficientnet_b0,rgb,5.836441,4.644568920135498
4130-steel,4130 Steel,Steel,4130 x 10 (18).jpg,0.6373365929880799,0.7768745235135339,0.7858072916666666,dl_unet_effb0,U-Net (EfficientNet-B0),general,encoder-decoder,Unet,tu-efficientnet_b0,rgb,5.836441,4.644568920135498
4130-steel,4130 Steel,Steel,4130 x 10 (19).jpg,0.584358021260458,0.7361924815755249,0.7432183159722222,dl_unet_effb0,U-Net (EfficientNet-B0),general,encoder-decoder,Unet,tu-efficientnet_b0,rgb,5.836441,4.644568920135498
4130-steel,4130 Steel,Steel,4130 x 10 (20).jpg,0.5661069536659666,0.7221396615444466,0.7258572048611112,dl_unet_effb0,U-Net (EfficientNet-B0),general,encoder-decoder,Unet,tu-efficientnet_b0,rgb,5.836441,4.644568920135498
4130-steel,4130 Steel,Steel,4130 x 20 (1).jpg,0.5374660406788581,0.6971187581683427,0.7058919270833334,dl_unet_effb0,U-Net (EfficientNet-B0),general,encoder-decoder,Unet,tu-efficientnet_b0,rgb,5.836441,4.644568920135498
4130-steel,4130 Steel,Steel,4130 x 20 (2).jpg,0.5224970236364305,0.6846945803025049,0.6916775173611112,dl_unet_effb0,U-Net (EfficientNet-B0),general,encoder-decoder,Unet,tu-efficientnet_b0,rgb,5.836441,4.644568920135498
4130-steel,4130 Steel,Steel,4130 x 20 (3).jpg,0.5489628788324793,0.7078760189474018,0.7120225694444444,dl_unet_effb0,U-Net (EfficientNet-B0),general,encoder-decoder,Unet,tu-efficientnet_b0,rgb,5.836441,4.644568920135498
4130-steel,4130 Steel,Steel,4130 x 20 (4).jpg,0.4461010476425922,0.6127479339997964,0.6278754340277778,dl_unet_effb0,U-Net (EfficientNet-B0),general,encoder-decoder,Unet,tu-efficientnet_b0,rgb,5.836441,4.644568920135498
4130-steel,4130 Steel,Steel,4130 x 20 (5).jpg,0.7435049515528483,0.8528684969958418,0.8530002170138888,dl_unet_effb0,U-Net (EfficientNet-B0),general,encoder-decoder,Unet,tu-efficientnet_b0,rgb,5.836441,4.644568920135498
4130-steel,4130 Steel,Steel,4130 x 20 (6).jpg,0.7976991278373693,0.8874593775257518,0.8875325520833334,dl_unet_effb0,U-Net (EfficientNet-B0),general,encoder-decoder,Unet,tu-efficientnet_b0,rgb,5.836441,4.644568920135498
4130-steel,4130 Steel,Steel,4130 x 20 (7).jpg,0.8038639957094804,0.8912504922042905,0.8914388020833334,dl_unet_effb0,U-Net (EfficientNet-B0),general,encoder-decoder,Unet,tu-efficientnet_b0,rgb,5.836441,4.644568920135498
4130-steel,4130 Steel,Steel,4130 x 20 (8).jpg,0.7753705235335593,0.8734669307609975,0.87353515625,dl_unet_effb0,U-Net (EfficientNet-B0),general,encoder-decoder,Unet,tu-efficientnet_b0,rgb,5.836441,4.644568920135498
4130-steel,4130 Steel,Steel,4130 x 20 (9).jpg,0.7799688808392429,0.8763749614257778,0.87646484375,dl_unet_effb0,U-Net (EfficientNet-B0),general,encoder-decoder,Unet,tu-efficientnet_b0,rgb,5.836441,4.644568920135498
4130-steel,4130 Steel,Steel,4130 x 20 (10).jpg,0.816778766248151,0.8990965316517099,0.8996853298611112,dl_unet_effb0,U-Net (EfficientNet-B0),general,encoder-decoder,Unet,tu-efficientnet_b0,rgb,5.836441,4.644568920135498
4130-steel,4130 Steel,Steel,4130 x 20 (11).jpg,0.81410571697874,0.8973710880183807,0.8990614149305556,dl_unet_effb0,U-Net (EfficientNet-B0),general,encoder-decoder,Unet,tu-efficientnet_b0,rgb,5.836441,4.644568920135498
4130-steel,4130 Steel,Steel,4130 x 20 (12).jpg,0.8066285331245305,0.8928675754625122,0.8938802083333334,dl_unet_effb0,U-Net (EfficientNet-B0),general,encoder-decoder,Unet,tu-efficientnet_b0,rgb,5.836441,4.644568920135498
4130-steel,4130 Steel,Steel,4130 x 20 (13).jpg,0.8287018050240361,0.9062182677059664,0.9074978298611112,dl_unet_effb0,U-Net (EfficientNet-B0),general,encoder-decoder,Unet,tu-efficientnet_b0,rgb,5.836441,4.644568920135498
4130-steel,4130 Steel,Steel,4130 x 20 (14).jpg,0.8233060658722979,0.9029771359025281,0.9042697482638888,dl_unet_effb0,U-Net (EfficientNet-B0),general,encoder-decoder,Unet,tu-efficientnet_b0,rgb,5.836441,4.644568920135498
4130-steel,4130 Steel,Steel,4130 x 20 (15).jpg,0.7825321269842862,0.8779562695521862,0.8783637152777778,dl_unet_effb0,U-Net (EfficientNet-B0),general,encoder-decoder,Unet,tu-efficientnet_b0,rgb,5.836441,4.644568920135498
4130-steel,4130 Steel,Steel,4130 x 20 (16).jpg,0.7467564620904807,0.855018661293973,0.8550347222222222,dl_unet_effb0,U-Net (EfficientNet-B0),general,encoder-decoder,Unet,tu-efficientnet_b0,rgb,5.836441,4.644568920135498
4130-steel,4130 Steel,Steel,4130 x 20 (17).jpg,0.7647776302162382,0.8667073139401946,0.8667534722222222,dl_unet_effb0,U-Net (EfficientNet-B0),general,encoder-decoder,Unet,tu-efficientnet_b0,rgb,5.836441,4.644568920135498
4130-steel,4130 Steel,Steel,4130 x 20 (18).jpg,0.7635990948411675,0.8659357077885281,0.8661024305555556,dl_unet_effb0,U-Net (EfficientNet-B0),general,encoder-decoder,Unet,tu-efficientnet_b0,rgb,5.836441,4.644568920135498
4130-steel,4130 Steel,Steel,4130 x 20 (19).jpg,0.7825454342025591,0.8779921579752276,0.8781467013888888,dl_unet_effb0,U-Net (EfficientNet-B0),general,encoder-decoder,Unet,tu-efficientnet_b0,rgb,5.836441,4.644568920135498
4130-steel,4130 Steel,Steel,4130 x 20 (20).jpg,0.7623931187123105,0.8651683406552488,0.8652615017361112,dl_unet_effb0,U-Net (EfficientNet-B0),general,encoder-decoder,Unet,tu-efficientnet_b0,rgb,5.836441,4.644568920135498
418-17-4ph-x20,418 Printed 17-4 PH Steel,Steel,x20 (1).jpg,0.16565752479377632,0.25047601184487983,0.3292643229166667,dl_unet_effb0,U-Net (EfficientNet-B0),general,encoder-decoder,Unet,tu-efficientnet_b0,rgb,5.836441,4.644568920135498
418-17-4ph-x20,418 Printed 17-4 PH Steel,Steel,x20 (2).jpg,0.10726477336866368,0.17812533792718158,0.21275499131944445,dl_unet_effb0,U-Net (EfficientNet-B0),general,encoder-decoder,Unet,tu-efficientnet_b0,rgb,5.836441,4.644568920135498
418-17-4ph-x20,418 Printed 17-4 PH Steel,Steel,x20 (3).jpg,0.08532342379321163,0.14714850594105042,0.16905381944444445,dl_unet_effb0,U-Net (EfficientNet-B0),general,encoder-decoder,Unet,tu-efficientnet_b0,rgb,5.836441,4.644568920135498
418-17-4ph-x20,418 Printed 17-4 PH Steel,Steel,x20 (4).jpg,0.07989107552399441,0.1394041341470158,0.1579047309027778,dl_unet_effb0,U-Net (EfficientNet-B0),general,encoder-decoder,Unet,tu-efficientnet_b0,rgb,5.836441,4.644568920135498
418-17-4ph-x20,418 Printed 17-4 PH Steel,Steel,x20 (5).jpg,0.08918001498712433,0.15297334242550528,0.1764865451388889,dl_unet_effb0,U-Net (EfficientNet-B0),general,encoder-decoder,Unet,tu-efficientnet_b0,rgb,5.836441,4.644568920135498
418-17-4ph-x20,418 Printed 17-4 PH Steel,Steel,x20 (6).jpg,0.15874215897143262,0.24202545477728804,0.316162109375,dl_unet_effb0,U-Net (EfficientNet-B0),general,encoder-decoder,Unet,tu-efficientnet_b0,rgb,5.836441,4.644568920135498
418-17-4ph-x20,418 Printed 17-4 PH Steel,Steel,x20 (7).jpg,0.19680928999612463,0.28506366855084164,0.3901909722222222,dl_unet_effb0,U-Net (EfficientNet-B0),general,encoder-decoder,Unet,tu-efficientnet_b0,rgb,5.836441,4.644568920135498
418-17-4ph-x20,418 Printed 17-4 PH Steel,Steel,x20 (8).jpg,0.09739659041454993,0.16499095164015098,0.19249131944444445,dl_unet_effb0,U-Net (EfficientNet-B0),general,encoder-decoder,Unet,tu-efficientnet_b0,rgb,5.836441,4.644568920135498
418-17-4ph-x20,418 Printed 17-4 PH Steel,Steel,x20 (9).jpg,0.21573792817594797,0.30291363017835354,0.4294976128472222,dl_unet_effb0,U-Net (EfficientNet-B0),general,encoder-decoder,Unet,tu-efficientnet_b0,rgb,5.836441,4.644568920135498
418-17-4ph-x20,418 Printed 17-4 PH Steel,Steel,x20 (10).jpg,0.12404640783071282,0.20015379562193278,0.24641927083333334,dl_unet_effb0,U-Net (EfficientNet-B0),general,encoder-decoder,Unet,tu-efficientnet_b0,rgb,5.836441,4.644568920135498
418-17-4ph-x20,418 Printed 17-4 PH Steel,Steel,x20 (11).jpg,0.503523613191518,0.5297203316727043,0.9676378038194444,dl_unet_effb0,U-Net (EfficientNet-B0),general,encoder-decoder,Unet,tu-efficientnet_b0,rgb,5.836441,4.644568920135498
418-17-4ph-x20,418 Printed 17-4 PH Steel,Steel,x20 (12).jpg,0.49367920801455073,0.5096340970426374,0.9697536892361112,dl_unet_effb0,U-Net (EfficientNet-B0),general,encoder-decoder,Unet,tu-efficientnet_b0,rgb,5.836441,4.644568920135498
418-17-4ph-x20,418 Printed 17-4 PH Steel,Steel,x20 (13).jpg,0.49403333833455226,0.4996013985938914,0.9845648871527778,dl_unet_effb0,U-Net (EfficientNet-B0),general,encoder-decoder,Unet,tu-efficientnet_b0,rgb,5.836441,4.644568920135498
418-17-4ph-x20,418 Printed 17-4 PH Steel,Steel,x20 (14).jpg,0.5007097054521634,0.5163023725149288,0.9794650607638888,dl_unet_effb0,U-Net (EfficientNet-B0),general,encoder-decoder,Unet,tu-efficientnet_b0,rgb,5.836441,4.644568920135498
418-17-4ph-x20,418 Printed 17-4 PH Steel,Steel,x20 (15).jpg,0.5042615413039674,0.5238816422764838,0.978271484375,dl_unet_effb0,U-Net (EfficientNet-B0),general,encoder-decoder,Unet,tu-efficientnet_b0,rgb,5.836441,4.644568920135498
418-17-4ph-x20,418 Printed 17-4 PH Steel,Steel,x20 (16).jpg,0.5009450316012236,0.5219921264377371,0.971923828125,dl_unet_effb0,U-Net (EfficientNet-B0),general,encoder-decoder,Unet,tu-efficientnet_b0,rgb,5.836441,4.644568920135498
418-17-4ph-x20,418 Printed 17-4 PH Steel,Steel,x20 (17).jpg,0.49824812219992554,0.5124707543208992,0.9781901041666666,dl_unet_effb0,U-Net (EfficientNet-B0),general,encoder-decoder,Unet,tu-efficientnet_b0,rgb,5.836441,4.644568920135498
418-17-4ph-x20,418 Printed 17-4 PH Steel,Steel,x20 (18).jpg,0.5019731550654882,0.5223090652203497,0.9742838541666666,dl_unet_effb0,U-Net (EfficientNet-B0),general,encoder-decoder,Unet,tu-efficientnet_b0,rgb,5.836441,4.644568920135498
418-17-4ph-x20,418 Printed 17-4 PH Steel,Steel,x20 (19).jpg,0.5118372536977885,0.5374154721875758,0.9790852864583334,dl_unet_effb0,U-Net (EfficientNet-B0),general,encoder-decoder,Unet,tu-efficientnet_b0,rgb,5.836441,4.644568920135498
418-17-4ph-x20,418 Printed 17-4 PH Steel,Steel,x20 (20).jpg,0.2530932710281297,0.34552552578487833,0.4932183159722222,dl_unet_effb0,U-Net (EfficientNet-B0),general,encoder-decoder,Unet,tu-efficientnet_b0,rgb,5.836441,4.644568920135498
418-17-4ph-x20,418 Printed 17-4 PH Steel,Steel,x20 (21).jpg,0.2902636734215465,0.38187195692449377,0.5600314670138888,dl_unet_effb0,U-Net (EfficientNet-B0),general,encoder-decoder,Unet,tu-efficientnet_b0,rgb,5.836441,4.644568920135498
418-17-4ph-x5,418 Printed 17-4 PH Steel,Steel,x5 (1).jpg,0.748723943513929,0.8376537601805919,0.9712185329861112,dl_unet_effb0,U-Net (EfficientNet-B0),general,encoder-decoder,Unet,tu-efficientnet_b0,rgb,5.836441,4.644568920135498
418-17-4ph-x5,418 Printed 17-4 PH Steel,Steel,x5 (2).jpg,0.801235948349335,0.8794773078738076,0.9740668402777778,dl_unet_effb0,U-Net (EfficientNet-B0),general,encoder-decoder,Unet,tu-efficientnet_b0,rgb,5.836441,4.644568920135498
418-17-4ph-x5,418 Printed 17-4 PH Steel,Steel,x5 (3).jpg,0.7735436177584974,0.8566683381408734,0.9814724392361112,dl_unet_effb0,U-Net (EfficientNet-B0),general,encoder-decoder,Unet,tu-efficientnet_b0,rgb,5.836441,4.644568920135498
418-17-4ph-x5,418 Printed 17-4 PH Steel,Steel,x5 (4).jpg,0.7439563672276068,0.8351606755774771,0.9625108506944444,dl_unet_effb0,U-Net (EfficientNet-B0),general,encoder-decoder,Unet,tu-efficientnet_b0,rgb,5.836441,4.644568920135498
418-17-4ph-x5,418 Printed 17-4 PH Steel,Steel,x5 (5).jpg,0.8526625884327386,0.9168909313886755,0.9635687934027778,dl_unet_effb0,U-Net (EfficientNet-B0),general,encoder-decoder,Unet,tu-efficientnet_b0,rgb,5.836441,4.644568920135498
418-17-4ph-x5,418 Printed 17-4 PH Steel,Steel,x5 (6).jpg,0.787275017439822,0.8697081839653656,0.9674750434027778,dl_unet_effb0,U-Net (EfficientNet-B0),general,encoder-decoder,Unet,tu-efficientnet_b0,rgb,5.836441,4.644568920135498
418-17-4ph-x5,418 Printed 17-4 PH Steel,Steel,x5 (7).jpg,0.7520731354581605,0.8402491365354672,0.9727105034722222,dl_unet_effb0,U-Net (EfficientNet-B0),general,encoder-decoder,Unet,tu-efficientnet_b0,rgb,5.836441,4.644568920135498
418-17-4ph-x5,418 Printed 17-4 PH Steel,Steel,x5 (8).jpg,0.7432802833204231,0.8317278017453329,0.9775933159722222,dl_unet_effb0,U-Net (EfficientNet-B0),general,encoder-decoder,Unet,tu-efficientnet_b0,rgb,5.836441,4.644568920135498
418-17-4ph-x5,418 Printed 17-4 PH Steel,Steel,x5 (9).jpg,0.7654771587344682,0.8508440083964384,0.9765625,dl_unet_effb0,U-Net (EfficientNet-B0),general,encoder-decoder,Unet,tu-efficientnet_b0,rgb,5.836441,4.644568920135498
418-17-4ph-x5,418 Printed 17-4 PH Steel,Steel,x5 (10).jpg,0.7684359088910324,0.8531147540983606,0.9775933159722222,dl_unet_effb0,U-Net (EfficientNet-B0),general,encoder-decoder,Unet,tu-efficientnet_b0,rgb,5.836441,4.644568920135498
418-17-4ph-x5,418 Printed 17-4 PH Steel,Steel,x5 (11).jpg,0.7368553213481972,0.8276506137880719,0.9694281684027778,dl_unet_effb0,U-Net (EfficientNet-B0),general,encoder-decoder,Unet,tu-efficientnet_b0,rgb,5.836441,4.644568920135498
418-17-4ph-x5,418 Printed 17-4 PH Steel,Steel,x5 (12).jpg,0.7792229546543339,0.8619311915730288,0.9771864149305556,dl_unet_effb0,U-Net (EfficientNet-B0),general,encoder-decoder,Unet,tu-efficientnet_b0,rgb,5.836441,4.644568920135498
418-17-4ph-x5,418 Printed 17-4 PH Steel,Steel,x5 (13).jpg,0.7359925916765422,0.8250774699775004,0.978515625,dl_unet_effb0,U-Net (EfficientNet-B0),general,encoder-decoder,Unet,tu-efficientnet_b0,rgb,5.836441,4.644568920135498
418-17-4ph-x5,418 Printed 17-4 PH Steel,Steel,x5 (14).jpg,0.7784585374502383,0.8611261160523103,0.9784342447916666,dl_unet_effb0,U-Net (EfficientNet-B0),general,encoder-decoder,Unet,tu-efficientnet_b0,rgb,5.836441,4.644568920135498
418-17-4ph-x5,418 Printed 17-4 PH Steel,Steel,x5 (15).jpg,0.7955560215368063,0.8780244890720346,0.9526638454861112,dl_unet_effb0,U-Net (EfficientNet-B0),general,encoder-decoder,Unet,tu-efficientnet_b0,rgb,5.836441,4.644568920135498
418-17-4ph-x5,418 Printed 17-4 PH Steel,Steel,x5 (16).jpg,0.7610170478108922,0.8521012979176161,0.9467230902777778,dl_unet_effb0,U-Net (EfficientNet-B0),general,encoder-decoder,Unet,tu-efficientnet_b0,rgb,5.836441,4.644568920135498
418-17-4ph-x5,418 Printed 17-4 PH Steel,Steel,x5 (17).jpg,0.8240557174755541,0.8987816821953103,0.9505750868055556,dl_unet_effb0,U-Net (EfficientNet-B0),general,encoder-decoder,Unet,tu-efficientnet_b0,rgb,5.836441,4.644568920135498
418-17-4ph-x5,418 Printed 17-4 PH Steel,Steel,x5 (18).jpg,0.6795963837065851,0.7774371557172766,0.9521213107638888,dl_unet_effb0,U-Net (EfficientNet-B0),general,encoder-decoder,Unet,tu-efficientnet_b0,rgb,5.836441,4.644568920135498
418-17-4ph-x5,418 Printed 17-4 PH Steel,Steel,x5 (19).jpg,0.7297431665297108,0.8217390941038771,0.96728515625,dl_unet_effb0,U-Net (EfficientNet-B0),general,encoder-decoder,Unet,tu-efficientnet_b0,rgb,5.836441,4.644568920135498
418-17-4ph-x5,418 Printed 17-4 PH Steel,Steel,x5 (20).jpg,0.725030464558305,0.8178902393961649,0.9653049045138888,dl_unet_effb0,U-Net (EfficientNet-B0),general,encoder-decoder,Unet,tu-efficientnet_b0,rgb,5.836441,4.644568920135498
418-17-4ph-x5,418 Printed 17-4 PH Steel,Steel,x5 (21).jpg,0.7119934874522731,0.8050638617450291,0.9687771267361112,dl_unet_effb0,U-Net (EfficientNet-B0),general,encoder-decoder,Unet,tu-efficientnet_b0,rgb,5.836441,4.644568920135498
418-17-4ph-x5,418 Printed 17-4 PH Steel,Steel,x5 (22).jpg,0.7037104684431907,0.7993379980324052,0.9594184027777778,dl_unet_effb0,U-Net (EfficientNet-B0),general,encoder-decoder,Unet,tu-efficientnet_b0,rgb,5.836441,4.644568920135498
418-17-4ph-x5,418 Printed 17-4 PH Steel,Steel,x5 (23).jpg,0.7077118855234804,0.802378176536359,0.9627549913194444,dl_unet_effb0,U-Net (EfficientNet-B0),general,encoder-decoder,Unet,tu-efficientnet_b0,rgb,5.836441,4.644568920135498
418-17-4ph-x5,418 Printed 17-4 PH Steel,Steel,x5 (24).jpg,0.7320394304532781,0.823539958823324,0.9685601128472222,dl_unet_effb0,U-Net (EfficientNet-B0),general,encoder-decoder,Unet,tu-efficientnet_b0,rgb,5.836441,4.644568920135498
418-17-4ph-x5,418 Printed 17-4 PH Steel,Steel,x5 (25).jpg,0.7128611616533107,0.8066721657455335,0.9652506510416666,dl_unet_effb0,U-Net (EfficientNet-B0),general,encoder-decoder,Unet,tu-efficientnet_b0,rgb,5.836441,4.644568920135498
5884-armor-steel,5884 Armor Steel,Steel,5884 x 5 (1).jpg,0.5960652723733608,0.7465499044154601,0.7483723958333334,dl_unet_effb0,U-Net (EfficientNet-B0),general,encoder-decoder,Unet,tu-efficientnet_b0,rgb,5.836441,4.644568920135498
5884-armor-steel,5884 Armor Steel,Steel,5884 x 5 (2).jpg,0.699261054191672,0.8230165046458003,0.8230251736111112,dl_unet_effb0,U-Net (EfficientNet-B0),general,encoder-decoder,Unet,tu-efficientnet_b0,rgb,5.836441,4.644568920135498
5884-armor-steel,5884 Armor Steel,Steel,5884 x 5 (3).jpg,0.6934422562446589,0.8189718538704351,0.8189832899305556,dl_unet_effb0,U-Net (EfficientNet-B0),general,encoder-decoder,Unet,tu-efficientnet_b0,rgb,5.836441,4.644568920135498
5884-armor-steel,5884 Armor Steel,Steel,5884 x 5 (4).jpg,0.5447027225561552,0.7012772028065399,0.7185601128472222,dl_unet_effb0,U-Net (EfficientNet-B0),general,encoder-decoder,Unet,tu-efficientnet_b0,rgb,5.836441,4.644568920135498
5884-armor-steel,5884 Armor Steel,Steel,5884 x 5 (5).jpg,0.7137313305006869,0.8318846205621528,0.8393283420138888,dl_unet_effb0,U-Net (EfficientNet-B0),general,encoder-decoder,Unet,tu-efficientnet_b0,rgb,5.836441,4.644568920135498
5884-armor-steel,5884 Armor Steel,Steel,5884 x 10 (1).jpg,0.811933311491886,0.8960988394333324,0.8972439236111112,dl_unet_effb0,U-Net (EfficientNet-B0),general,encoder-decoder,Unet,tu-efficientnet_b0,rgb,5.836441,4.644568920135498
5884-armor-steel,5884 Armor Steel,Steel,5884 x 10 (2).jpg,0.8209735001221133,0.9016857559306717,0.9016927083333334,dl_unet_effb0,U-Net (EfficientNet-B0),general,encoder-decoder,Unet,tu-efficientnet_b0,rgb,5.836441,4.644568920135498
5884-armor-steel,5884 Armor Steel,Steel,5884 x 10 (3).jpg,0.7048135309987069,0.824586369053987,0.8397623697916666,dl_unet_effb0,U-Net (EfficientNet-B0),general,encoder-decoder,Unet,tu-efficientnet_b0,rgb,5.836441,4.644568920135498
5884-armor-steel,5884 Armor Steel,Steel,5884 x 10 (4).jpg,0.805729854630908,0.8921248280051641,0.8951009114583334,dl_unet_effb0,U-Net (EfficientNet-B0),general,encoder-decoder,Unet,tu-efficientnet_b0,rgb,5.836441,4.644568920135498
5884-armor-steel,5884 Armor Steel,Steel,5884 x 10 (5).jpg,0.6951227433524473,0.8189796900551598,0.8265787760416666,dl_unet_effb0,U-Net (EfficientNet-B0),general,encoder-decoder,Unet,tu-efficientnet_b0,rgb,5.836441,4.644568920135498
5884-armor-steel,5884 Armor Steel,Steel,5884 x 10 (6).jpg,0.7512377768299559,0.8570607181274376,0.8641764322916666,dl_unet_effb0,U-Net (EfficientNet-B0),general,encoder-decoder,Unet,tu-efficientnet_b0,rgb,5.836441,4.644568920135498
5884-armor-steel,5884 Armor Steel,Steel,5884 x 20 (1).jpg,0.7991477668642477,0.8827206577940856,0.9364691840277778,dl_unet_effb0,U-Net (EfficientNet-B0),general,encoder-decoder,Unet,tu-efficientnet_b0,rgb,5.836441,4.644568920135498
5884-armor-steel,5884 Armor Steel,Steel,5884 x 20 (2).jpg,0.8113753219200359,0.8915546281510718,0.9356282552083334,dl_unet_effb0,U-Net (EfficientNet-B0),general,encoder-decoder,Unet,tu-efficientnet_b0,rgb,5.836441,4.644568920135498
5884-armor-steel,5884 Armor Steel,Steel,5884 x 20 (3).jpg,0.8961962240549517,0.9452567615223937,0.9452582465277778,dl_unet_effb0,U-Net (EfficientNet-B0),general,encoder-decoder,Unet,tu-efficientnet_b0,rgb,5.836441,4.644568920135498
5884-armor-steel,5884 Armor Steel,Steel,5884 x 20 (4).jpg,0.8157492212306271,0.8958921903115333,0.923828125,dl_unet_effb0,U-Net (EfficientNet-B0),general,encoder-decoder,Unet,tu-efficientnet_b0,rgb,5.836441,4.644568920135498
5884-armor-steel,5884 Armor Steel,Steel,5884 x 20 (5).jpg,0.837637305684618,0.9105293072516828,0.9241265190972222,dl_unet_effb0,U-Net (EfficientNet-B0),general,encoder-decoder,Unet,tu-efficientnet_b0,rgb,5.836441,4.644568920135498
5884-armor-steel,5884 Armor Steel,Steel,5884 x 20 (6).jpg,0.7018351471651962,0.818339364901371,0.8603515625,dl_unet_effb0,U-Net (EfficientNet-B0),general,encoder-decoder,Unet,tu-efficientnet_b0,rgb,5.836441,4.644568920135498
5884-armor-steel,5884 Armor Steel,Steel,5884 x 50 (1).jpg,0.6949300266071803,0.8189092143638311,0.8260904947916666,dl_unet_effb0,U-Net (EfficientNet-B0),general,encoder-decoder,Unet,tu-efficientnet_b0,rgb,5.836441,4.644568920135498
5884-armor-steel,5884 Armor Steel,Steel,5884 x 50 (2).jpg,0.7120601769207776,0.827641966912383,0.8560384114583334,dl_unet_effb0,U-Net (EfficientNet-B0),general,encoder-decoder,Unet,tu-efficientnet_b0,rgb,5.836441,4.644568920135498
5884-armor-steel,5884 Armor Steel,Steel,5884 x 50 (3).jpg,0.7059179358175793,0.8272453173571216,0.8297254774305556,dl_unet_effb0,U-Net (EfficientNet-B0),general,encoder-decoder,Unet,tu-efficientnet_b0,rgb,5.836441,4.644568920135498
5884-armor-steel,5884 Armor Steel,Steel,5884 x 50 (4).jpg,0.5981114980711086,0.7435314316474182,0.7679850260416666,dl_unet_effb0,U-Net (EfficientNet-B0),general,encoder-decoder,Unet,tu-efficientnet_b0,rgb,5.836441,4.644568920135498
6280-cast-iron-high,6280 Gray Cast Iron,Cast Iron,6280 x 20 (1).jpg,0.6518371294165426,0.7685662104127056,0.8784993489583334,dl_unet_effb0,U-Net (EfficientNet-B0),general,encoder-decoder,Unet,tu-efficientnet_b0,rgb,5.836441,4.644568920135498
6280-cast-iron-high,6280 Gray Cast Iron,Cast Iron,6280 x 20 (2).jpg,0.5826361869640309,0.7025355767375319,0.8497450086805556,dl_unet_effb0,U-Net (EfficientNet-B0),general,encoder-decoder,Unet,tu-efficientnet_b0,rgb,5.836441,4.644568920135498
6280-cast-iron-high,6280 Gray Cast Iron,Cast Iron,6280 x 20 (3).jpg,0.585042460620799,0.7088573576154806,0.8390028211805556,dl_unet_effb0,U-Net (EfficientNet-B0),general,encoder-decoder,Unet,tu-efficientnet_b0,rgb,5.836441,4.644568920135498
6280-cast-iron-high,6280 Gray Cast Iron,Cast Iron,6280 x 20 (4).jpg,0.6504213158296086,0.7666940600328129,0.8803168402777778,dl_unet_effb0,U-Net (EfficientNet-B0),general,encoder-decoder,Unet,tu-efficientnet_b0,rgb,5.836441,4.644568920135498
6280-cast-iron-high,6280 Gray Cast Iron,Cast Iron,6280 x 20 (5).jpg,0.5786356929316849,0.6956258520439725,0.8561469184027778,dl_unet_effb0,U-Net (EfficientNet-B0),general,encoder-decoder,Unet,tu-efficientnet_b0,rgb,5.836441,4.644568920135498
6280-cast-iron-high,6280 Gray Cast Iron,Cast Iron,6280 x 20 (6).jpg,0.6441567691847606,0.7604328474062174,0.8801540798611112,dl_unet_effb0,U-Net (EfficientNet-B0),general,encoder-decoder,Unet,tu-efficientnet_b0,rgb,5.836441,4.644568920135498
6280-cast-iron-high,6280 Gray Cast Iron,Cast Iron,6280 x 20 (7).jpg,0.6410179492945732,0.7520976701579472,0.8988172743055556,dl_unet_effb0,U-Net (EfficientNet-B0),general,encoder-decoder,Unet,tu-efficientnet_b0,rgb,5.836441,4.644568920135498
6280-cast-iron-high,6280 Gray Cast Iron,Cast Iron,6280 x 20 (8).jpg,0.6683732307090833,0.7829417316931124,0.8854709201388888,dl_unet_effb0,U-Net (EfficientNet-B0),general,encoder-decoder,Unet,tu-efficientnet_b0,rgb,5.836441,4.644568920135498
6280-cast-iron-high,6280 Gray Cast Iron,Cast Iron,6280 x 20 (9).jpg,0.5888250510661278,0.7043744422508785,0.8658040364583334,dl_unet_effb0,U-Net (EfficientNet-B0),general,encoder-decoder,Unet,tu-efficientnet_b0,rgb,5.836441,4.644568920135498
6280-cast-iron-high,6280 Gray Cast Iron,Cast Iron,6280 x 20 (10).jpg,0.6367943658058972,0.7509611528231734,0.8870713975694444,dl_unet_effb0,U-Net (EfficientNet-B0),general,encoder-decoder,Unet,tu-efficientnet_b0,rgb,5.836441,4.644568920135498
6280-cast-iron-low,6280 Gray Cast Iron,Cast Iron,6280 x 10 (1).jpg,0.5297910478067966,0.6789400568534116,0.7688259548611112,dl_unet_effb0,U-Net (EfficientNet-B0),general,encoder-decoder,Unet,tu-efficientnet_b0,rgb,5.836441,4.644568920135498
6280-cast-iron-low,6280 Gray Cast Iron,Cast Iron,6280 x 10 (2).jpg,0.5360809688251549,0.68716448823479,0.7674153645833334,dl_unet_effb0,U-Net (EfficientNet-B0),general,encoder-decoder,Unet,tu-efficientnet_b0,rgb,5.836441,4.644568920135498
6280-cast-iron-low,6280 Gray Cast Iron,Cast Iron,6280 x 10 (3).jpg,0.5237336307579961,0.6763676653457938,0.7560221354166666,dl_unet_effb0,U-Net (EfficientNet-B0),general,encoder-decoder,Unet,tu-efficientnet_b0,rgb,5.836441,4.644568920135498
6280-cast-iron-low,6280 Gray Cast Iron,Cast Iron,6280 x 10 (4).jpg,0.5645883906634488,0.7112213399177317,0.7900933159722222,dl_unet_effb0,U-Net (EfficientNet-B0),general,encoder-decoder,Unet,tu-efficientnet_b0,rgb,5.836441,4.644568920135498
6280-cast-iron-low,6280 Gray Cast Iron,Cast Iron,6280 x 10 (5).jpg,0.444978845414482,0.6036255042797571,0.6913248697916666,dl_unet_effb0,U-Net (EfficientNet-B0),general,encoder-decoder,Unet,tu-efficientnet_b0,rgb,5.836441,4.644568920135498
6280-cast-iron-low,6280 Gray Cast Iron,Cast Iron,6280 x 10 (6).jpg,0.5356913855808259,0.6847685552074606,0.7724880642361112,dl_unet_effb0,U-Net (EfficientNet-B0),general,encoder-decoder,Unet,tu-efficientnet_b0,rgb,5.836441,4.644568920135498
6280-cast-iron-low,6280 Gray Cast Iron,Cast Iron,6280 x 10 (7).jpg,0.5003354526950794,0.6598884489688382,0.7253689236111112,dl_unet_effb0,U-Net (EfficientNet-B0),general,encoder-decoder,Unet,tu-efficientnet_b0,rgb,5.836441,4.644568920135498
6280-cast-iron-low,6280 Gray Cast Iron,Cast Iron,6280 x 10 (8).jpg,0.5276592828294125,0.6759625386484149,0.7699110243055556,dl_unet_effb0,U-Net (EfficientNet-B0),general,encoder-decoder,Unet,tu-efficientnet_b0,rgb,5.836441,4.644568920135498
6280-cast-iron-low,6280 Gray Cast Iron,Cast Iron,6280 x 10 (9).jpg,0.5078142942332016,0.6679297183498139,0.7245008680555556,dl_unet_effb0,U-Net (EfficientNet-B0),general,encoder-decoder,Unet,tu-efficientnet_b0,rgb,5.836441,4.644568920135498
6280-cast-iron-low,6280 Gray Cast Iron,Cast Iron,6280 x 10 (10).jpg,0.5227384008756601,0.6662854124189025,0.7791341145833334,dl_unet_effb0,U-Net (EfficientNet-B0),general,encoder-decoder,Unet,tu-efficientnet_b0,rgb,5.836441,4.644568920135498
6280-cast-iron-low,6280 Gray Cast Iron,Cast Iron,6280 x 10 (11).jpg,0.49881874353028816,0.6456007653977585,0.7584906684027778,dl_unet_effb0,U-Net (EfficientNet-B0),general,encoder-decoder,Unet,tu-efficientnet_b0,rgb,5.836441,4.644568920135498
4130-steel,4130 Steel,Steel,4130 x 10 (1).jpg,0.49378611900751757,0.6592766569814426,0.6665310329861112,dl_deeplabv3p_effb0,DeepLabV3+ (EfficientNet-B0),general,context-atrous,DeepLabV3Plus,tu-efficientnet_b0,rgb,4.498393,4.165714263916016
4130-steel,4130 Steel,Steel,4130 x 10 (2).jpg,0.48038540421698156,0.6480242100123743,0.6517740885416666,dl_deeplabv3p_effb0,DeepLabV3+ (EfficientNet-B0),general,context-atrous,DeepLabV3Plus,tu-efficientnet_b0,rgb,4.498393,4.165714263916016
4130-steel,4130 Steel,Steel,4130 x 10 (3).jpg,0.48403141432519514,0.6496117953911048,0.6600477430555556,dl_deeplabv3p_effb0,DeepLabV3+ (EfficientNet-B0),general,context-atrous,DeepLabV3Plus,tu-efficientnet_b0,rgb,4.498393,4.165714263916016
4130-steel,4130 Steel,Steel,4130 x 10 (4).jpg,0.475428057391421,0.6405257017905099,0.6554090711805556,dl_deeplabv3p_effb0,DeepLabV3+ (EfficientNet-B0),general,context-atrous,DeepLabV3Plus,tu-efficientnet_b0,rgb,4.498393,4.165714263916016
4130-steel,4130 Steel,Steel,4130 x 10 (5).jpg,0.4886785540252174,0.6522457080232955,0.6688368055555556,dl_deeplabv3p_effb0,DeepLabV3+ (EfficientNet-B0),general,context-atrous,DeepLabV3Plus,tu-efficientnet_b0,rgb,4.498393,4.165714263916016
4130-steel,4130 Steel,Steel,4130 x 10 (6).jpg,0.5281549986881536,0.6893240975164543,0.6973741319444444,dl_deeplabv3p_effb0,DeepLabV3+ (EfficientNet-B0),general,context-atrous,DeepLabV3Plus,tu-efficientnet_b0,rgb,4.498393,4.165714263916016
4130-steel,4130 Steel,Steel,4130 x 10 (7).jpg,0.5162316073978837,0.6795248693842223,0.6853569878472222,dl_deeplabv3p_effb0,DeepLabV3+ (EfficientNet-B0),general,context-atrous,DeepLabV3Plus,tu-efficientnet_b0,rgb,4.498393,4.165714263916016
4130-steel,4130 Steel,Steel,4130 x 10 (8).jpg,0.5128971811151792,0.6778234532271991,0.6786838107638888,dl_deeplabv3p_effb0,DeepLabV3+ (EfficientNet-B0),general,context-atrous,DeepLabV3Plus,tu-efficientnet_b0,rgb,4.498393,4.165714263916016
4130-steel,4130 Steel,Steel,4130 x 10 (9).jpg,0.5117463242384811,0.675865310511897,0.6806098090277778,dl_deeplabv3p_effb0,DeepLabV3+ (EfficientNet-B0),general,context-atrous,DeepLabV3Plus,tu-efficientnet_b0,rgb,4.498393,4.165714263916016
4130-steel,4130 Steel,Steel,4130 x 10 (10).jpg,0.5142409301686792,0.6790865938633915,0.6795789930555556,dl_deeplabv3p_effb0,DeepLabV3+ (EfficientNet-B0),general,context-atrous,DeepLabV3Plus,tu-efficientnet_b0,rgb,4.498393,4.165714263916016
4130-steel,4130 Steel,Steel,4130 x 10 (11).jpg,0.5154633419461613,0.6801113556014254,0.6807725694444444,dl_deeplabv3p_effb0,DeepLabV3+ (EfficientNet-B0),general,context-atrous,DeepLabV3Plus,tu-efficientnet_b0,rgb,4.498393,4.165714263916016
4130-steel,4130 Steel,Steel,4130 x 10 (12).jpg,0.5190453029622799,0.683325605007364,0.6835666232638888,dl_deeplabv3p_effb0,DeepLabV3+ (EfficientNet-B0),general,context-atrous,DeepLabV3Plus,tu-efficientnet_b0,rgb,4.498393,4.165714263916016
4130-steel,4130 Steel,Steel,4130 x 10 (13).jpg,0.5250580315583474,0.6885712011175442,0.6885850694444444,dl_deeplabv3p_effb0,DeepLabV3+ (EfficientNet-B0),general,context-atrous,DeepLabV3Plus,tu-efficientnet_b0,rgb,4.498393,4.165714263916016
4130-steel,4130 Steel,Steel,4130 x 10 (14).jpg,0.5083205374178126,0.673278688435829,0.6762966579861112,dl_deeplabv3p_effb0,DeepLabV3+ (EfficientNet-B0),general,context-atrous,DeepLabV3Plus,tu-efficientnet_b0,rgb,4.498393,4.165714263916016
4130-steel,4130 Steel,Steel,4130 x 10 (15).jpg,0.5122797904618879,0.6774419248503161,0.6776529947916666,dl_deeplabv3p_effb0,DeepLabV3+ (EfficientNet-B0),general,context-atrous,DeepLabV3Plus,tu-efficientnet_b0,rgb,4.498393,4.165714263916016
4130-steel,4130 Steel,Steel,4130 x 10 (16).jpg,0.5131294225442781,0.6780044583545486,0.678955078125,dl_deeplabv3p_effb0,DeepLabV3+ (EfficientNet-B0),general,context-atrous,DeepLabV3Plus,tu-efficientnet_b0,rgb,4.498393,4.165714263916016
4130-steel,4130 Steel,Steel,4130 x 10 (17).jpg,0.5043454078187204,0.6697833747650188,0.6727430555555556,dl_deeplabv3p_effb0,DeepLabV3+ (EfficientNet-B0),general,context-atrous,DeepLabV3Plus,tu-efficientnet_b0,rgb,4.498393,4.165714263916016
4130-steel,4130 Steel,Steel,4130 x 10 (18).jpg,0.5107534961447842,0.6761560828395344,0.6761610243055556,dl_deeplabv3p_effb0,DeepLabV3+ (EfficientNet-B0),general,context-atrous,DeepLabV3Plus,tu-efficientnet_b0,rgb,4.498393,4.165714263916016
4130-steel,4130 Steel,Steel,4130 x 10 (19).jpg,0.5232724392473799,0.6868158379079894,0.687744140625,dl_deeplabv3p_effb0,DeepLabV3+ (EfficientNet-B0),general,context-atrous,DeepLabV3Plus,tu-efficientnet_b0,rgb,4.498393,4.165714263916016
4130-steel,4130 Steel,Steel,4130 x 10 (20).jpg,0.5172873616593143,0.680628067467549,0.6857096354166666,dl_deeplabv3p_effb0,DeepLabV3+ (EfficientNet-B0),general,context-atrous,DeepLabV3Plus,tu-efficientnet_b0,rgb,4.498393,4.165714263916016
4130-steel,4130 Steel,Steel,4130 x 20 (1).jpg,0.5105689295510005,0.6713859901739678,0.6900227864583334,dl_deeplabv3p_effb0,DeepLabV3+ (EfficientNet-B0),general,context-atrous,DeepLabV3Plus,tu-efficientnet_b0,rgb,4.498393,4.165714263916016
4130-steel,4130 Steel,Steel,4130 x 20 (2).jpg,0.4990781666959264,0.6623365243947333,0.6762424045138888,dl_deeplabv3p_effb0,DeepLabV3+ (EfficientNet-B0),general,context-atrous,DeepLabV3Plus,tu-efficientnet_b0,rgb,4.498393,4.165714263916016
4130-steel,4130 Steel,Steel,4130 x 20 (3).jpg,0.5059196254695724,0.6687013986314736,0.6815863715277778,dl_deeplabv3p_effb0,DeepLabV3+ (EfficientNet-B0),general,context-atrous,DeepLabV3Plus,tu-efficientnet_b0,rgb,4.498393,4.165714263916016
4130-steel,4130 Steel,Steel,4130 x 20 (4).jpg,0.4303701405870398,0.5921721848276675,0.6252712673611112,dl_deeplabv3p_effb0,DeepLabV3+ (EfficientNet-B0),general,context-atrous,DeepLabV3Plus,tu-efficientnet_b0,rgb,4.498393,4.165714263916016
4130-steel,4130 Steel,Steel,4130 x 20 (5).jpg,0.6621933025884716,0.7967437578994242,0.7969021267361112,dl_deeplabv3p_effb0,DeepLabV3+ (EfficientNet-B0),general,context-atrous,DeepLabV3Plus,tu-efficientnet_b0,rgb,4.498393,4.165714263916016
4130-steel,4130 Steel,Steel,4130 x 20 (6).jpg,0.6796426916313315,0.8092289020169023,0.8094889322916666,dl_deeplabv3p_effb0,DeepLabV3+ (EfficientNet-B0),general,context-atrous,DeepLabV3Plus,tu-efficientnet_b0,rgb,4.498393,4.165714263916016
4130-steel,4130 Steel,Steel,4130 x 20 (7).jpg,0.6660464689181409,0.7995518370443109,0.799560546875,dl_deeplabv3p_effb0,DeepLabV3+ (EfficientNet-B0),general,context-atrous,DeepLabV3Plus,tu-efficientnet_b0,rgb,4.498393,4.165714263916016
4130-steel,4130 Steel,Steel,4130 x 20 (8).jpg,0.664965839050891,0.7987414528968442,0.7989366319444444,dl_deeplabv3p_effb0,DeepLabV3+ (EfficientNet-B0),general,context-atrous,DeepLabV3Plus,tu-efficientnet_b0,rgb,4.498393,4.165714263916016
4130-steel,4130 Steel,Steel,4130 x 20 (9).jpg,0.674183062908247,0.8053864796542479,0.8053927951388888,dl_deeplabv3p_effb0,DeepLabV3+ (EfficientNet-B0),general,context-atrous,DeepLabV3Plus,tu-efficientnet_b0,rgb,4.498393,4.165714263916016
4130-steel,4130 Steel,Steel,4130 x 20 (10).jpg,0.6537828300691437,0.7906262210982276,0.790771484375,dl_deeplabv3p_effb0,DeepLabV3+ (EfficientNet-B0),general,context-atrous,DeepLabV3Plus,tu-efficientnet_b0,rgb,4.498393,4.165714263916016
4130-steel,4130 Steel,Steel,4130 x 20 (11).jpg,0.6594513341779168,0.7946032820439453,0.795654296875,dl_deeplabv3p_effb0,DeepLabV3+ (EfficientNet-B0),general,context-atrous,DeepLabV3Plus,tu-efficientnet_b0,rgb,4.498393,4.165714263916016
4130-steel,4130 Steel,Steel,4130 x 20 (12).jpg,0.6680317572853195,0.8008221452964426,0.8017849392361112,dl_deeplabv3p_effb0,DeepLabV3+ (EfficientNet-B0),general,context-atrous,DeepLabV3Plus,tu-efficientnet_b0,rgb,4.498393,4.165714263916016
4130-steel,4130 Steel,Steel,4130 x 20 (13).jpg,0.6678703913855594,0.8006016972268774,0.8021918402777778,dl_deeplabv3p_effb0,DeepLabV3+ (EfficientNet-B0),general,context-atrous,DeepLabV3Plus,tu-efficientnet_b0,rgb,4.498393,4.165714263916016
4130-steel,4130 Steel,Steel,4130 x 20 (14).jpg,0.6626947442878673,0.7969765625694196,0.7979058159722222,dl_deeplabv3p_effb0,DeepLabV3+ (EfficientNet-B0),general,context-atrous,DeepLabV3Plus,tu-efficientnet_b0,rgb,4.498393,4.165714263916016
4130-steel,4130 Steel,Steel,4130 x 20 (15).jpg,0.6656550988268171,0.7992621600176053,0.79931640625,dl_deeplabv3p_effb0,DeepLabV3+ (EfficientNet-B0),general,context-atrous,DeepLabV3Plus,tu-efficientnet_b0,rgb,4.498393,4.165714263916016
4130-steel,4130 Steel,Steel,4130 x 20 (16).jpg,0.6538234803824996,0.7906337736686464,0.7909071180555556,dl_deeplabv3p_effb0,DeepLabV3+ (EfficientNet-B0),general,context-atrous,DeepLabV3Plus,tu-efficientnet_b0,rgb,4.498393,4.165714263916016
4130-steel,4130 Steel,Steel,4130 x 20 (17).jpg,0.6669721294685478,0.800178188202531,0.8004286024305556,dl_deeplabv3p_effb0,DeepLabV3+ (EfficientNet-B0),general,context-atrous,DeepLabV3Plus,tu-efficientnet_b0,rgb,4.498393,4.165714263916016
4130-steel,4130 Steel,Steel,4130 x 20 (18).jpg,0.6492227881712654,0.787095642050456,0.7883029513888888,dl_deeplabv3p_effb0,DeepLabV3+ (EfficientNet-B0),general,context-atrous,DeepLabV3Plus,tu-efficientnet_b0,rgb,4.498393,4.165714263916016
4130-steel,4130 Steel,Steel,4130 x 20 (19).jpg,0.6705975965152231,0.8027020624179512,0.8034396701388888,dl_deeplabv3p_effb0,DeepLabV3+ (EfficientNet-B0),general,context-atrous,DeepLabV3Plus,tu-efficientnet_b0,rgb,4.498393,4.165714263916016
4130-steel,4130 Steel,Steel,4130 x 20 (20).jpg,0.6675522463923997,0.8005598737116052,0.801025390625,dl_deeplabv3p_effb0,DeepLabV3+ (EfficientNet-B0),general,context-atrous,DeepLabV3Plus,tu-efficientnet_b0,rgb,4.498393,4.165714263916016
418-17-4ph-x20,418 Printed 17-4 PH Steel,Steel,x20 (1).jpg,0.3892746085547286,0.49179515973154664,0.6953938802083334,dl_deeplabv3p_effb0,DeepLabV3+ (EfficientNet-B0),general,context-atrous,DeepLabV3Plus,tu-efficientnet_b0,rgb,4.498393,4.165714263916016
418-17-4ph-x20,418 Printed 17-4 PH Steel,Steel,x20 (2).jpg,0.47975641862939133,0.5776244971900215,0.8160536024305556,dl_deeplabv3p_effb0,DeepLabV3+ (EfficientNet-B0),general,context-atrous,DeepLabV3Plus,tu-efficientnet_b0,rgb,4.498393,4.165714263916016
418-17-4ph-x20,418 Printed 17-4 PH Steel,Steel,x20 (3).jpg,0.5170368932387401,0.6129285491464381,0.8591579861111112,dl_deeplabv3p_effb0,DeepLabV3+ (EfficientNet-B0),general,context-atrous,DeepLabV3Plus,tu-efficientnet_b0,rgb,4.498393,4.165714263916016
418-17-4ph-x20,418 Printed 17-4 PH Steel,Steel,x20 (4).jpg,0.5291499766169863,0.624175397126803,0.8727756076388888,dl_deeplabv3p_effb0,DeepLabV3+ (EfficientNet-B0),general,context-atrous,DeepLabV3Plus,tu-efficientnet_b0,rgb,4.498393,4.165714263916016
418-17-4ph-x20,418 Printed 17-4 PH Steel,Steel,x20 (5).jpg,0.5160377358490567,0.615020666608038,0.8515625,dl_deeplabv3p_effb0,DeepLabV3+ (EfficientNet-B0),general,context-atrous,DeepLabV3Plus,tu-efficientnet_b0,rgb,4.498393,4.165714263916016
418-17-4ph-x20,418 Printed 17-4 PH Steel,Steel,x20 (6).jpg,0.39143489329544545,0.48995467844177254,0.7051323784722222,dl_deeplabv3p_effb0,DeepLabV3+ (EfficientNet-B0),general,context-atrous,DeepLabV3Plus,tu-efficientnet_b0,rgb,4.498393,4.165714263916016
418-17-4ph-x20,418 Printed 17-4 PH Steel,Steel,x20 (7).jpg,0.3676408484602022,0.4819357178421402,0.6451280381944444,dl_deeplabv3p_effb0,DeepLabV3+ (EfficientNet-B0),general,context-atrous,DeepLabV3Plus,tu-efficientnet_b0,rgb,4.498393,4.165714263916016
418-17-4ph-x20,418 Printed 17-4 PH Steel,Steel,x20 (8).jpg,0.49233791056047294,0.5872252661003897,0.835693359375,dl_deeplabv3p_effb0,DeepLabV3+ (EfficientNet-B0),general,context-atrous,DeepLabV3Plus,tu-efficientnet_b0,rgb,4.498393,4.165714263916016
418-17-4ph-x20,418 Printed 17-4 PH Steel,Steel,x20 (9).jpg,0.32859422372385316,0.43799393350826443,0.595458984375,dl_deeplabv3p_effb0,DeepLabV3+ (EfficientNet-B0),general,context-atrous,DeepLabV3Plus,tu-efficientnet_b0,rgb,4.498393,4.165714263916016
418-17-4ph-x20,418 Printed 17-4 PH Steel,Steel,x20 (10).jpg,0.44844917795665656,0.5468268987068655,0.7789442274305556,dl_deeplabv3p_effb0,DeepLabV3+ (EfficientNet-B0),general,context-atrous,DeepLabV3Plus,tu-efficientnet_b0,rgb,4.498393,4.165714263916016
418-17-4ph-x20,418 Printed 17-4 PH Steel,Steel,x20 (11).jpg,0.4852566189236111,0.49251799947687946,0.9705132378472222,dl_deeplabv3p_effb0,DeepLabV3+ (EfficientNet-B0),general,context-atrous,DeepLabV3Plus,tu-efficientnet_b0,rgb,4.498393,4.165714263916016
418-17-4ph-x20,418 Printed 17-4 PH Steel,Steel,x20 (12).jpg,0.4870876736111111,0.49345938221391666,0.9741753472222222,dl_deeplabv3p_effb0,DeepLabV3+ (EfficientNet-B0),general,context-atrous,DeepLabV3Plus,tu-efficientnet_b0,rgb,4.498393,4.165714263916016
418-17-4ph-x20,418 Printed 17-4 PH Steel,Steel,x20 (13).jpg,0.4949137369791667,0.4974438673264897,0.9898274739583334,dl_deeplabv3p_effb0,DeepLabV3+ (EfficientNet-B0),general,context-atrous,DeepLabV3Plus,tu-efficientnet_b0,rgb,4.498393,4.165714263916016
418-17-4ph-x20,418 Printed 17-4 PH Steel,Steel,x20 (14).jpg,0.4920518663194444,0.49599409368078534,0.9841037326388888,dl_deeplabv3p_effb0,DeepLabV3+ (EfficientNet-B0),general,context-atrous,DeepLabV3Plus,tu-efficientnet_b0,rgb,4.498393,4.165714263916016
418-17-4ph-x20,418 Printed 17-4 PH Steel,Steel,x20 (15).jpg,0.4913601345486111,0.49564241835520106,0.9827202690972222,dl_deeplabv3p_effb0,DeepLabV3+ (EfficientNet-B0),general,context-atrous,DeepLabV3Plus,tu-efficientnet_b0,rgb,4.498393,4.165714263916016
418-17-4ph-x20,418 Printed 17-4 PH Steel,Steel,x20 (16).jpg,0.4878065321180556,0.4938280080737069,0.9756130642361112,dl_deeplabv3p_effb0,DeepLabV3+ (EfficientNet-B0),general,context-atrous,DeepLabV3Plus,tu-efficientnet_b0,rgb,4.498393,4.165714263916016
418-17-4ph-x20,418 Printed 17-4 PH Steel,Steel,x20 (17).jpg,0.4913330078125,0.4956286171653737,0.982666015625,dl_deeplabv3p_effb0,DeepLabV3+ (EfficientNet-B0),general,context-atrous,DeepLabV3Plus,tu-efficientnet_b0,rgb,4.498393,4.165714263916016
418-17-4ph-x20,418 Printed 17-4 PH Steel,Steel,x20 (18).jpg,0.4891221788194444,0.4945012752653375,0.9782443576388888,dl_deeplabv3p_effb0,DeepLabV3+ (EfficientNet-B0),general,context-atrous,DeepLabV3Plus,tu-efficientnet_b0,rgb,4.498393,4.165714263916016
418-17-4ph-x20,418 Printed 17-4 PH Steel,Steel,x20 (19).jpg,0.4912245008680556,0.49557340485215035,0.9824490017361112,dl_deeplabv3p_effb0,DeepLabV3+ (EfficientNet-B0),general,context-atrous,DeepLabV3Plus,tu-efficientnet_b0,rgb,4.498393,4.165714263916016
418-17-4ph-x20,418 Printed 17-4 PH Steel,Steel,x20 (20).jpg,0.2622899226137846,0.36406456755996097,0.49658203125,dl_deeplabv3p_effb0,DeepLabV3+ (EfficientNet-B0),general,context-atrous,DeepLabV3Plus,tu-efficientnet_b0,rgb,4.498393,4.165714263916016
418-17-4ph-x20,418 Printed 17-4 PH Steel,Steel,x20 (21).jpg,0.29108365079462667,0.3859970507324284,0.556640625,dl_deeplabv3p_effb0,DeepLabV3+ (EfficientNet-B0),general,context-atrous,DeepLabV3Plus,tu-efficientnet_b0,rgb,4.498393,4.165714263916016
418-17-4ph-x5,418 Printed 17-4 PH Steel,Steel,x5 (1).jpg,0.7709600139030229,0.8555270443467631,0.9754774305555556,dl_deeplabv3p_effb0,DeepLabV3+ (EfficientNet-B0),general,context-atrous,DeepLabV3Plus,tu-efficientnet_b0,rgb,4.498393,4.165714263916016
418-17-4ph-x5,418 Printed 17-4 PH Steel,Steel,x5 (2).jpg,0.8066029252519692,0.8833275055512977,0.9754231770833334,dl_deeplabv3p_effb0,DeepLabV3+ (EfficientNet-B0),general,context-atrous,DeepLabV3Plus,tu-efficientnet_b0,rgb,4.498393,4.165714263916016
418-17-4ph-x5,418 Printed 17-4 PH Steel,Steel,x5 (3).jpg,0.7637613612965926,0.8488116571672764,0.9801432291666666,dl_deeplabv3p_effb0,DeepLabV3+ (EfficientNet-B0),general,context-atrous,DeepLabV3Plus,tu-efficientnet_b0,rgb,4.498393,4.165714263916016
418-17-4ph-x5,418 Printed 17-4 PH Steel,Steel,x5 (4).jpg,0.7417699549498966,0.832826134542149,0.9648980034722222,dl_deeplabv3p_effb0,DeepLabV3+ (EfficientNet-B0),general,context-atrous,DeepLabV3Plus,tu-efficientnet_b0,rgb,4.498393,4.165714263916016
418-17-4ph-x5,418 Printed 17-4 PH Steel,Steel,x5 (5).jpg,0.8567592976944778,0.9194024470556643,0.9656846788194444,dl_deeplabv3p_effb0,DeepLabV3+ (EfficientNet-B0),general,context-atrous,DeepLabV3Plus,tu-efficientnet_b0,rgb,4.498393,4.165714263916016
418-17-4ph-x5,418 Printed 17-4 PH Steel,Steel,x5 (6).jpg,0.7773357892286392,0.8623276574862697,0.9647352430555556,dl_deeplabv3p_effb0,DeepLabV3+ (EfficientNet-B0),general,context-atrous,DeepLabV3Plus,tu-efficientnet_b0,rgb,4.498393,4.165714263916016
418-17-4ph-x5,418 Printed 17-4 PH Steel,Steel,x5 (7).jpg,0.7549788581684985,0.8426029812469946,0.9733615451388888,dl_deeplabv3p_effb0,DeepLabV3+ (EfficientNet-B0),general,context-atrous,DeepLabV3Plus,tu-efficientnet_b0,rgb,4.498393,4.165714263916016
418-17-4ph-x5,418 Printed 17-4 PH Steel,Steel,x5 (8).jpg,0.7563761139312603,0.8426696018619069,0.9796549479166666,dl_deeplabv3p_effb0,DeepLabV3+ (EfficientNet-B0),general,context-atrous,DeepLabV3Plus,tu-efficientnet_b0,rgb,4.498393,4.165714263916016
418-17-4ph-x5,418 Printed 17-4 PH Steel,Steel,x5 (9).jpg,0.7770952643102503,0.8599703922533977,0.9788140190972222,dl_deeplabv3p_effb0,DeepLabV3+ (EfficientNet-B0),general,context-atrous,DeepLabV3Plus,tu-efficientnet_b0,rgb,4.498393,4.165714263916016
418-17-4ph-x5,418 Printed 17-4 PH Steel,Steel,x5 (10).jpg,0.7812863010017499,0.8632355155759787,0.9794379340277778,dl_deeplabv3p_effb0,DeepLabV3+ (EfficientNet-B0),general,context-atrous,DeepLabV3Plus,tu-efficientnet_b0,rgb,4.498393,4.165714263916016
418-17-4ph-x5,418 Printed 17-4 PH Steel,Steel,x5 (11).jpg,0.748698950115522,0.8375974505428762,0.9714084201388888,dl_deeplabv3p_effb0,DeepLabV3+ (EfficientNet-B0),general,context-atrous,DeepLabV3Plus,tu-efficientnet_b0,rgb,4.498393,4.165714263916016
418-17-4ph-x5,418 Printed 17-4 PH Steel,Steel,x5 (12).jpg,0.7767593427637325,0.8599836850011298,0.9769965277777778,dl_deeplabv3p_effb0,DeepLabV3+ (EfficientNet-B0),general,context-atrous,DeepLabV3Plus,tu-efficientnet_b0,rgb,4.498393,4.165714263916016
418-17-4ph-x5,418 Printed 17-4 PH Steel,Steel,x5 (13).jpg,0.7477415150962714,0.8350891749766236,0.9804416232638888,dl_deeplabv3p_effb0,DeepLabV3+ (EfficientNet-B0),general,context-atrous,DeepLabV3Plus,tu-efficientnet_b0,rgb,4.498393,4.165714263916016
418-17-4ph-x5,418 Printed 17-4 PH Steel,Steel,x5 (14).jpg,0.8044449667037666,0.8808282553520079,0.9822319878472222,dl_deeplabv3p_effb0,DeepLabV3+ (EfficientNet-B0),general,context-atrous,DeepLabV3Plus,tu-efficientnet_b0,rgb,4.498393,4.165714263916016
418-17-4ph-x5,418 Printed 17-4 PH Steel,Steel,x5 (15).jpg,0.8281363036544319,0.9002975751070732,0.9630805121527778,dl_deeplabv3p_effb0,DeepLabV3+ (EfficientNet-B0),general,context-atrous,DeepLabV3Plus,tu-efficientnet_b0,rgb,4.498393,4.165714263916016
418-17-4ph-x5,418 Printed 17-4 PH Steel,Steel,x5 (16).jpg,0.792700543153938,0.8750512374973543,0.9589029947916666,dl_deeplabv3p_effb0,DeepLabV3+ (EfficientNet-B0),general,context-atrous,DeepLabV3Plus,tu-efficientnet_b0,rgb,4.498393,4.165714263916016
418-17-4ph-x5,418 Printed 17-4 PH Steel,Steel,x5 (17).jpg,0.8656357146561358,0.9251573914541269,0.9656846788194444,dl_deeplabv3p_effb0,DeepLabV3+ (EfficientNet-B0),general,context-atrous,DeepLabV3Plus,tu-efficientnet_b0,rgb,4.498393,4.165714263916016
418-17-4ph-x5,418 Printed 17-4 PH Steel,Steel,x5 (18).jpg,0.708302946522903,0.8028394825188147,0.9631890190972222,dl_deeplabv3p_effb0,DeepLabV3+ (EfficientNet-B0),general,context-atrous,DeepLabV3Plus,tu-efficientnet_b0,rgb,4.498393,4.165714263916016
418-17-4ph-x5,418 Printed 17-4 PH Steel,Steel,x5 (19).jpg,0.7638719492044468,0.8497138752559477,0.9753689236111112,dl_deeplabv3p_effb0,DeepLabV3+ (EfficientNet-B0),general,context-atrous,DeepLabV3Plus,tu-efficientnet_b0,rgb,4.498393,4.165714263916016
418-17-4ph-x5,418 Printed 17-4 PH Steel,Steel,x5 (20).jpg,0.7579961890482905,0.8450597095041514,0.973876953125,dl_deeplabv3p_effb0,DeepLabV3+ (EfficientNet-B0),general,context-atrous,DeepLabV3Plus,tu-efficientnet_b0,rgb,4.498393,4.165714263916016
418-17-4ph-x5,418 Printed 17-4 PH Steel,Steel,x5 (21).jpg,0.7337716538942031,0.8237078055925847,0.9754231770833334,dl_deeplabv3p_effb0,DeepLabV3+ (EfficientNet-B0),general,context-atrous,DeepLabV3Plus,tu-efficientnet_b0,rgb,4.498393,4.165714263916016
418-17-4ph-x5,418 Printed 17-4 PH Steel,Steel,x5 (22).jpg,0.73253681551999,0.8241314845864991,0.9678276909722222,dl_deeplabv3p_effb0,DeepLabV3+ (EfficientNet-B0),general,context-atrous,DeepLabV3Plus,tu-efficientnet_b0,rgb,4.498393,4.165714263916016
418-17-4ph-x5,418 Printed 17-4 PH Steel,Steel,x5 (23).jpg,0.7537321856576914,0.8413409944480044,0.9745008680555556,dl_deeplabv3p_effb0,DeepLabV3+ (EfficientNet-B0),general,context-atrous,DeepLabV3Plus,tu-efficientnet_b0,rgb,4.498393,4.165714263916016
418-17-4ph-x5,418 Printed 17-4 PH Steel,Steel,x5 (24).jpg,0.7798353875614459,0.8622337394018023,0.9784071180555556,dl_deeplabv3p_effb0,DeepLabV3+ (EfficientNet-B0),general,context-atrous,DeepLabV3Plus,tu-efficientnet_b0,rgb,4.498393,4.165714263916016
418-17-4ph-x5,418 Printed 17-4 PH Steel,Steel,x5 (25).jpg,0.7404003236284413,0.8300905119379889,0.9729546440972222,dl_deeplabv3p_effb0,DeepLabV3+ (EfficientNet-B0),general,context-atrous,DeepLabV3Plus,tu-efficientnet_b0,rgb,4.498393,4.165714263916016
5884-armor-steel,5884 Armor Steel,Steel,5884 x 5 (1).jpg,0.5668485872371793,0.7216347767076584,0.7304416232638888,dl_deeplabv3p_effb0,DeepLabV3+ (EfficientNet-B0),general,context-atrous,DeepLabV3Plus,tu-efficientnet_b0,rgb,4.498393,4.165714263916016
5884-armor-steel,5884 Armor Steel,Steel,5884 x 5 (2).jpg,0.5983557025141377,0.7486021990058616,0.7491590711805556,dl_deeplabv3p_effb0,DeepLabV3+ (EfficientNet-B0),general,context-atrous,DeepLabV3Plus,tu-efficientnet_b0,rgb,4.498393,4.165714263916016
5884-armor-steel,5884 Armor Steel,Steel,5884 x 5 (3).jpg,0.6253376460192792,0.7694260800860975,0.7697482638888888,dl_deeplabv3p_effb0,DeepLabV3+ (EfficientNet-B0),general,context-atrous,DeepLabV3Plus,tu-efficientnet_b0,rgb,4.498393,4.165714263916016
5884-armor-steel,5884 Armor Steel,Steel,5884 x 5 (4).jpg,0.588498346838217,0.7389048908109899,0.748779296875,dl_deeplabv3p_effb0,DeepLabV3+ (EfficientNet-B0),general,context-atrous,DeepLabV3Plus,tu-efficientnet_b0,rgb,4.498393,4.165714263916016
5884-armor-steel,5884 Armor Steel,Steel,5884 x 5 (5).jpg,0.6577150003648953,0.7915540606474994,0.8029513888888888,dl_deeplabv3p_effb0,DeepLabV3+ (EfficientNet-B0),general,context-atrous,DeepLabV3Plus,tu-efficientnet_b0,rgb,4.498393,4.165714263916016
5884-armor-steel,5884 Armor Steel,Steel,5884 x 10 (1).jpg,0.7126979191959433,0.8320199398895997,0.8336317274305556,dl_deeplabv3p_effb0,DeepLabV3+ (EfficientNet-B0),general,context-atrous,DeepLabV3Plus,tu-efficientnet_b0,rgb,4.498393,4.165714263916016
5884-armor-steel,5884 Armor Steel,Steel,5884 x 10 (2).jpg,0.7185212510850267,0.8362087437377401,0.8362087673611112,dl_deeplabv3p_effb0,DeepLabV3+ (EfficientNet-B0),general,context-atrous,DeepLabV3Plus,tu-efficientnet_b0,rgb,4.498393,4.165714263916016
5884-armor-steel,5884 Armor Steel,Steel,5884 x 10 (3).jpg,0.6214502861661666,0.7627887063711131,0.7823350694444444,dl_deeplabv3p_effb0,DeepLabV3+ (EfficientNet-B0),general,context-atrous,DeepLabV3Plus,tu-efficientnet_b0,rgb,4.498393,4.165714263916016
5884-armor-steel,5884 Armor Steel,Steel,5884 x 10 (4).jpg,0.6887075566571161,0.8145281480951804,0.82177734375,dl_deeplabv3p_effb0,DeepLabV3+ (EfficientNet-B0),general,context-atrous,DeepLabV3Plus,tu-efficientnet_b0,rgb,4.498393,4.165714263916016
5884-armor-steel,5884 Armor Steel,Steel,5884 x 10 (5).jpg,0.618752496924998,0.7620524970009865,0.7746853298611112,dl_deeplabv3p_effb0,DeepLabV3+ (EfficientNet-B0),general,context-atrous,DeepLabV3Plus,tu-efficientnet_b0,rgb,4.498393,4.165714263916016
5884-armor-steel,5884 Armor Steel,Steel,5884 x 10 (6).jpg,0.6230778841056457,0.7663738724923732,0.7737630208333334,dl_deeplabv3p_effb0,DeepLabV3+ (EfficientNet-B0),general,context-atrous,DeepLabV3Plus,tu-efficientnet_b0,rgb,4.498393,4.165714263916016
5884-armor-steel,5884 Armor Steel,Steel,5884 x 20 (1).jpg,0.7215013859242468,0.827169602806858,0.9021809895833334,dl_deeplabv3p_effb0,DeepLabV3+ (EfficientNet-B0),general,context-atrous,DeepLabV3Plus,tu-efficientnet_b0,rgb,4.498393,4.165714263916016
5884-armor-steel,5884 Armor Steel,Steel,5884 x 20 (2).jpg,0.7485535800540015,0.8485470280915941,0.9067111545138888,dl_deeplabv3p_effb0,DeepLabV3+ (EfficientNet-B0),general,context-atrous,DeepLabV3Plus,tu-efficientnet_b0,rgb,4.498393,4.165714263916016
5884-armor-steel,5884 Armor Steel,Steel,5884 x 20 (3).jpg,0.8530396039292675,0.9206909604839195,0.9207085503472222,dl_deeplabv3p_effb0,DeepLabV3+ (EfficientNet-B0),general,context-atrous,DeepLabV3Plus,tu-efficientnet_b0,rgb,4.498393,4.165714263916016
5884-armor-steel,5884 Armor Steel,Steel,5884 x 20 (4).jpg,0.7510191084175419,0.8532426825237462,0.888916015625,dl_deeplabv3p_effb0,DeepLabV3+ (EfficientNet-B0),general,context-atrous,DeepLabV3Plus,tu-efficientnet_b0,rgb,4.498393,4.165714263916016
5884-armor-steel,5884 Armor Steel,Steel,5884 x 20 (5).jpg,0.7645367719643895,0.8640983566913254,0.8846571180555556,dl_deeplabv3p_effb0,DeepLabV3+ (EfficientNet-B0),general,context-atrous,DeepLabV3Plus,tu-efficientnet_b0,rgb,4.498393,4.165714263916016
5884-armor-steel,5884 Armor Steel,Steel,5884 x 20 (6).jpg,0.6209056360045802,0.7552696507839889,0.8104654947916666,dl_deeplabv3p_effb0,DeepLabV3+ (EfficientNet-B0),general,context-atrous,DeepLabV3Plus,tu-efficientnet_b0,rgb,4.498393,4.165714263916016
5884-armor-steel,5884 Armor Steel,Steel,5884 x 50 (1).jpg,0.6709112098540688,0.8026284050800703,0.80517578125,dl_deeplabv3p_effb0,DeepLabV3+ (EfficientNet-B0),general,context-atrous,DeepLabV3Plus,tu-efficientnet_b0,rgb,4.498393,4.165714263916016
5884-armor-steel,5884 Armor Steel,Steel,5884 x 50 (2).jpg,0.661821062112691,0.793930786883462,0.8089735243055556,dl_deeplabv3p_effb0,DeepLabV3+ (EfficientNet-B0),general,context-atrous,DeepLabV3Plus,tu-efficientnet_b0,rgb,4.498393,4.165714263916016
5884-armor-steel,5884 Armor Steel,Steel,5884 x 50 (3).jpg,0.740875264182858,0.8511521674573085,0.8511555989583334,dl_deeplabv3p_effb0,DeepLabV3+ (EfficientNet-B0),general,context-atrous,DeepLabV3Plus,tu-efficientnet_b0,rgb,4.498393,4.165714263916016
5884-armor-steel,5884 Armor Steel,Steel,5884 x 50 (4).jpg,0.663120476321768,0.79711039254105,0.799072265625,dl_deeplabv3p_effb0,DeepLabV3+ (EfficientNet-B0),general,context-atrous,DeepLabV3Plus,tu-efficientnet_b0,rgb,4.498393,4.165714263916016
6280-cast-iron-high,6280 Gray Cast Iron,Cast Iron,6280 x 20 (1).jpg,0.5589621587641482,0.6803664882157809,0.8320041232638888,dl_deeplabv3p_effb0,DeepLabV3+ (EfficientNet-B0),general,context-atrous,DeepLabV3Plus,tu-efficientnet_b0,rgb,4.498393,4.165714263916016
6280-cast-iron-high,6280 Gray Cast Iron,Cast Iron,6280 x 20 (2).jpg,0.5649290070077848,0.6860405009438358,0.8364800347222222,dl_deeplabv3p_effb0,DeepLabV3+ (EfficientNet-B0),general,context-atrous,DeepLabV3Plus,tu-efficientnet_b0,rgb,4.498393,4.165714263916016
6280-cast-iron-high,6280 Gray Cast Iron,Cast Iron,6280 x 20 (3).jpg,0.5572109071952766,0.6826158186592666,0.8197428385416666,dl_deeplabv3p_effb0,DeepLabV3+ (EfficientNet-B0),general,context-atrous,DeepLabV3Plus,tu-efficientnet_b0,rgb,4.498393,4.165714263916016
6280-cast-iron-high,6280 Gray Cast Iron,Cast Iron,6280 x 20 (4).jpg,0.5673542452652901,0.6873821148207664,0.8409830729166666,dl_deeplabv3p_effb0,DeepLabV3+ (EfficientNet-B0),general,context-atrous,DeepLabV3Plus,tu-efficientnet_b0,rgb,4.498393,4.165714263916016
6280-cast-iron-high,6280 Gray Cast Iron,Cast Iron,6280 x 20 (5).jpg,0.5641339883319139,0.6821133187987849,0.8447265625,dl_deeplabv3p_effb0,DeepLabV3+ (EfficientNet-B0),general,context-atrous,DeepLabV3Plus,tu-efficientnet_b0,rgb,4.498393,4.165714263916016
6280-cast-iron-high,6280 Gray Cast Iron,Cast Iron,6280 x 20 (6).jpg,0.5574144107162314,0.6755148976931291,0.8400336371527778,dl_deeplabv3p_effb0,DeepLabV3+ (EfficientNet-B0),general,context-atrous,DeepLabV3Plus,tu-efficientnet_b0,rgb,4.498393,4.165714263916016
6280-cast-iron-high,6280 Gray Cast Iron,Cast Iron,6280 x 20 (7).jpg,0.5744789099058649,0.6858517823577821,0.8694390190972222,dl_deeplabv3p_effb0,DeepLabV3+ (EfficientNet-B0),general,context-atrous,DeepLabV3Plus,tu-efficientnet_b0,rgb,4.498393,4.165714263916016
6280-cast-iron-high,6280 Gray Cast Iron,Cast Iron,6280 x 20 (8).jpg,0.5612467856084566,0.6822070794909885,0.8346625434027778,dl_deeplabv3p_effb0,DeepLabV3+ (EfficientNet-B0),general,context-atrous,DeepLabV3Plus,tu-efficientnet_b0,rgb,4.498393,4.165714263916016
6280-cast-iron-high,6280 Gray Cast Iron,Cast Iron,6280 x 20 (9).jpg,0.5607655528553885,0.6759597588462737,0.85009765625,dl_deeplabv3p_effb0,DeepLabV3+ (EfficientNet-B0),general,context-atrous,DeepLabV3Plus,tu-efficientnet_b0,rgb,4.498393,4.165714263916016
6280-cast-iron-high,6280 Gray Cast Iron,Cast Iron,6280 x 20 (10).jpg,0.5727450975980908,0.687538180915417,0.8589138454861112,dl_deeplabv3p_effb0,DeepLabV3+ (EfficientNet-B0),general,context-atrous,DeepLabV3Plus,tu-efficientnet_b0,rgb,4.498393,4.165714263916016
6280-cast-iron-low,6280 Gray Cast Iron,Cast Iron,6280 x 10 (1).jpg,0.5043336432104953,0.6636739647539399,0.7256130642361112,dl_deeplabv3p_effb0,DeepLabV3+ (EfficientNet-B0),general,context-atrous,DeepLabV3Plus,tu-efficientnet_b0,rgb,4.498393,4.165714263916016
6280-cast-iron-low,6280 Gray Cast Iron,Cast Iron,6280 x 10 (2).jpg,0.5174559961850883,0.6778351801988229,0.7261555989583334,dl_deeplabv3p_effb0,DeepLabV3+ (EfficientNet-B0),general,context-atrous,DeepLabV3Plus,tu-efficientnet_b0,rgb,4.498393,4.165714263916016
6280-cast-iron-low,6280 Gray Cast Iron,Cast Iron,6280 x 10 (3).jpg,0.5073271203133601,0.6632863682065301,0.7378200954861112,dl_deeplabv3p_effb0,DeepLabV3+ (EfficientNet-B0),general,context-atrous,DeepLabV3Plus,tu-efficientnet_b0,rgb,4.498393,4.165714263916016
6280-cast-iron-low,6280 Gray Cast Iron,Cast Iron,6280 x 10 (4).jpg,0.5354400601731474,0.6904247800898243,0.7534993489583334,dl_deeplabv3p_effb0,DeepLabV3+ (EfficientNet-B0),general,context-atrous,DeepLabV3Plus,tu-efficientnet_b0,rgb,4.498393,4.165714263916016
6280-cast-iron-low,6280 Gray Cast Iron,Cast Iron,6280 x 10 (5).jpg,0.4597004417896824,0.6211034926867283,0.6922200520833334,dl_deeplabv3p_effb0,DeepLabV3+ (EfficientNet-B0),general,context-atrous,DeepLabV3Plus,tu-efficientnet_b0,rgb,4.498393,4.165714263916016
6280-cast-iron-low,6280 Gray Cast Iron,Cast Iron,6280 x 10 (6).jpg,0.5198814058009136,0.675184984675863,0.7462293836805556,dl_deeplabv3p_effb0,DeepLabV3+ (EfficientNet-B0),general,context-atrous,DeepLabV3Plus,tu-efficientnet_b0,rgb,4.498393,4.165714263916016
6280-cast-iron-low,6280 Gray Cast Iron,Cast Iron,6280 x 10 (7).jpg,0.4807960191121398,0.6451044506020619,0.6929796006944444,dl_deeplabv3p_effb0,DeepLabV3+ (EfficientNet-B0),general,context-atrous,DeepLabV3Plus,tu-efficientnet_b0,rgb,4.498393,4.165714263916016
6280-cast-iron-low,6280 Gray Cast Iron,Cast Iron,6280 x 10 (8).jpg,0.5324368759764195,0.6872367068516221,0.7517632378472222,dl_deeplabv3p_effb0,DeepLabV3+ (EfficientNet-B0),general,context-atrous,DeepLabV3Plus,tu-efficientnet_b0,rgb,4.498393,4.165714263916016
6280-cast-iron-low,6280 Gray Cast Iron,Cast Iron,6280 x 10 (9).jpg,0.5447320288614602,0.6984889120679285,0.7575412326388888,dl_deeplabv3p_effb0,DeepLabV3+ (EfficientNet-B0),general,context-atrous,DeepLabV3Plus,tu-efficientnet_b0,rgb,4.498393,4.165714263916016
6280-cast-iron-low,6280 Gray Cast Iron,Cast Iron,6280 x 10 (10).jpg,0.5166613385790296,0.6669807317883828,0.7579210069444444,dl_deeplabv3p_effb0,DeepLabV3+ (EfficientNet-B0),general,context-atrous,DeepLabV3Plus,tu-efficientnet_b0,rgb,4.498393,4.165714263916016
6280-cast-iron-low,6280 Gray Cast Iron,Cast Iron,6280 x 10 (11).jpg,0.5022263170211388,0.6555556943302534,0.7419976128472222,dl_deeplabv3p_effb0,DeepLabV3+ (EfficientNet-B0),general,context-atrous,DeepLabV3Plus,tu-efficientnet_b0,rgb,4.498393,4.165714263916016
4130-steel,4130 Steel,Steel,4130 x 10 (1).jpg,0.549484511382935,0.7092380837632961,0.7092827690972222,metal_unet_gray_r34,Metal-U-Net Gray (ResNet34),metallography,micrograph-contrast,Unet,resnet34,gray,24.431837,5.371512413024902
4130-steel,4130 Steel,Steel,4130 x 10 (2).jpg,0.4230165813764762,0.5940277350903038,0.5957845052083334,metal_unet_gray_r34,Metal-U-Net Gray (ResNet34),metallography,micrograph-contrast,Unet,resnet34,gray,24.431837,5.371512413024902
4130-steel,4130 Steel,Steel,4130 x 10 (3).jpg,0.5024603783219406,0.6688455037432104,0.6688639322916666,metal_unet_gray_r34,Metal-U-Net Gray (ResNet34),metallography,micrograph-contrast,Unet,resnet34,gray,24.431837,5.371512413024902
4130-steel,4130 Steel,Steel,4130 x 10 (4).jpg,0.4861263184516398,0.6539860670296602,0.6548936631944444,metal_unet_gray_r34,Metal-U-Net Gray (ResNet34),metallography,micrograph-contrast,Unet,resnet34,gray,24.431837,5.371512413024902
4130-steel,4130 Steel,Steel,4130 x 10 (5).jpg,0.41589525537792543,0.5854232941094222,0.5923936631944444,metal_unet_gray_r34,Metal-U-Net Gray (ResNet34),metallography,micrograph-contrast,Unet,resnet34,gray,24.431837,5.371512413024902
4130-steel,4130 Steel,Steel,4130 x 10 (6).jpg,0.4509241437884541,0.6210077738877299,0.623046875,metal_unet_gray_r34,Metal-U-Net Gray (ResNet34),metallography,micrograph-contrast,Unet,resnet34,gray,24.431837,5.371512413024902
4130-steel,4130 Steel,Steel,4130 x 10 (7).jpg,0.4664390468880682,0.6356687518920765,0.6374782986111112,metal_unet_gray_r34,Metal-U-Net Gray (ResNet34),metallography,micrograph-contrast,Unet,resnet34,gray,24.431837,5.371512413024902
4130-steel,4130 Steel,Steel,4130 x 10 (8).jpg,0.454910504018448,0.6253014760371374,0.6254611545138888,metal_unet_gray_r34,Metal-U-Net Gray (ResNet34),metallography,micrograph-contrast,Unet,resnet34,gray,24.431837,5.371512413024902
4130-steel,4130 Steel,Steel,4130 x 10 (9).jpg,0.44073714983236745,0.6117500772999196,0.6120062934027778,metal_unet_gray_r34,Metal-U-Net Gray (ResNet34),metallography,micrograph-contrast,Unet,resnet34,gray,24.431837,5.371512413024902
4130-steel,4130 Steel,Steel,4130 x 10 (10).jpg,0.45545710817424545,0.6258384147310863,0.6259223090277778,metal_unet_gray_r34,Metal-U-Net Gray (ResNet34),metallography,micrograph-contrast,Unet,resnet34,gray,24.431837,5.371512413024902
4130-steel,4130 Steel,Steel,4130 x 10 (11).jpg,0.44723605540736633,0.6176197352990218,0.6191948784722222,metal_unet_gray_r34,Metal-U-Net Gray (ResNet34),metallography,micrograph-contrast,Unet,resnet34,gray,24.431837,5.371512413024902
4130-steel,4130 Steel,Steel,4130 x 10 (12).jpg,0.44906448356157974,0.6194097099424587,0.6208224826388888,metal_unet_gray_r34,Metal-U-Net Gray (ResNet34),metallography,micrograph-contrast,Unet,resnet34,gray,24.431837,5.371512413024902
4130-steel,4130 Steel,Steel,4130 x 10 (13).jpg,0.4519982165353551,0.6223632710313588,0.6231825086805556,metal_unet_gray_r34,Metal-U-Net Gray (ResNet34),metallography,micrograph-contrast,Unet,resnet34,gray,24.431837,5.371512413024902
4130-steel,4130 Steel,Steel,4130 x 10 (14).jpg,0.45562746133811527,0.624879104822019,0.6290690104166666,metal_unet_gray_r34,Metal-U-Net Gray (ResNet34),metallography,micrograph-contrast,Unet,resnet34,gray,24.431837,5.371512413024902
4130-steel,4130 Steel,Steel,4130 x 10 (15).jpg,0.45670032284345163,0.6262836355834971,0.6290418836805556,metal_unet_gray_r34,Metal-U-Net Gray (ResNet34),metallography,micrograph-contrast,Unet,resnet34,gray,24.431837,5.371512413024902
4130-steel,4130 Steel,Steel,4130 x 10 (16).jpg,0.4472040054864727,0.6180234567743222,0.6180284288194444,metal_unet_gray_r34,Metal-U-Net Gray (ResNet34),metallography,micrograph-contrast,Unet,resnet34,gray,24.431837,5.371512413024902
4130-steel,4130 Steel,Steel,4130 x 10 (17).jpg,0.45491871066053224,0.6238835881267494,0.6292588975694444,metal_unet_gray_r34,Metal-U-Net Gray (ResNet34),metallography,micrograph-contrast,Unet,resnet34,gray,24.431837,5.371512413024902
4130-steel,4130 Steel,Steel,4130 x 10 (18).jpg,0.4556748496331532,0.6258468278620174,0.6266547309027778,metal_unet_gray_r34,Metal-U-Net Gray (ResNet34),metallography,micrograph-contrast,Unet,resnet34,gray,24.431837,5.371512413024902
4130-steel,4130 Steel,Steel,4130 x 10 (19).jpg,0.4435766839068196,0.6145298776644363,0.6146104600694444,metal_unet_gray_r34,Metal-U-Net Gray (ResNet34),metallography,micrograph-contrast,Unet,resnet34,gray,24.431837,5.371512413024902
4130-steel,4130 Steel,Steel,4130 x 10 (20).jpg,0.4418385015779064,0.6126013581609108,0.6136067708333334,metal_unet_gray_r34,Metal-U-Net Gray (ResNet34),metallography,micrograph-contrast,Unet,resnet34,gray,24.431837,5.371512413024902
4130-steel,4130 Steel,Steel,4130 x 20 (1).jpg,0.50375470088907,0.6638751974186213,0.6882052951388888,metal_unet_gray_r34,Metal-U-Net Gray (ResNet34),metallography,micrograph-contrast,Unet,resnet34,gray,24.431837,5.371512413024902
4130-steel,4130 Steel,Steel,4130 x 20 (2).jpg,0.5000051214259629,0.6586349901548236,0.6902126736111112,metal_unet_gray_r34,Metal-U-Net Gray (ResNet34),metallography,micrograph-contrast,Unet,resnet34,gray,24.431837,5.371512413024902
4130-steel,4130 Steel,Steel,4130 x 20 (3).jpg,0.4942857166535989,0.6539841240881197,0.6834852430555556,metal_unet_gray_r34,Metal-U-Net Gray (ResNet34),metallography,micrograph-contrast,Unet,resnet34,gray,24.431837,5.371512413024902
4130-steel,4130 Steel,Steel,4130 x 20 (4).jpg,0.46443573387794707,0.6199062203328685,0.672119140625,metal_unet_gray_r34,Metal-U-Net Gray (ResNet34),metallography,micrograph-contrast,Unet,resnet34,gray,24.431837,5.371512413024902
4130-steel,4130 Steel,Steel,4130 x 20 (5).jpg,0.4743203969116677,0.6428408553154252,0.6451280381944444,metal_unet_gray_r34,Metal-U-Net Gray (ResNet34),metallography,micrograph-contrast,Unet,resnet34,gray,24.431837,5.371512413024902
4130-steel,4130 Steel,Steel,4130 x 20 (6).jpg,0.4939927884898666,0.6609224836199394,0.6624348958333334,metal_unet_gray_r34,Metal-U-Net Gray (ResNet34),metallography,micrograph-contrast,Unet,resnet34,gray,24.431837,5.371512413024902
4130-steel,4130 Steel,Steel,4130 x 20 (7).jpg,0.4912846330145001,0.6586127448656915,0.6596408420138888,metal_unet_gray_r34,Metal-U-Net Gray (ResNet34),metallography,micrograph-contrast,Unet,resnet34,gray,24.431837,5.371512413024902
4130-steel,4130 Steel,Steel,4130 x 20 (8).jpg,0.48619016724925496,0.6535467200780747,0.6563856336805556,metal_unet_gray_r34,Metal-U-Net Gray (ResNet34),metallography,micrograph-contrast,Unet,resnet34,gray,24.431837,5.371512413024902
4130-steel,4130 Steel,Steel,4130 x 20 (9).jpg,0.48884083579350224,0.6562683480561216,0.6578504774305556,metal_unet_gray_r34,Metal-U-Net Gray (ResNet34),metallography,micrograph-contrast,Unet,resnet34,gray,24.431837,5.371512413024902
4130-steel,4130 Steel,Steel,4130 x 20 (10).jpg,0.48953293506323686,0.6572377680855181,0.657470703125,metal_unet_gray_r34,Metal-U-Net Gray (ResNet34),metallography,micrograph-contrast,Unet,resnet34,gray,24.431837,5.371512413024902
4130-steel,4130 Steel,Steel,4130 x 20 (11).jpg,0.48467571528363196,0.6529013841779729,0.6529134114583334,metal_unet_gray_r34,Metal-U-Net Gray (ResNet34),metallography,micrograph-contrast,Unet,resnet34,gray,24.431837,5.371512413024902
4130-steel,4130 Steel,Steel,4130 x 20 (12).jpg,0.4874212958916665,0.655356780121532,0.6554904513888888,metal_unet_gray_r34,Metal-U-Net Gray (ResNet34),metallography,micrograph-contrast,Unet,resnet34,gray,24.431837,5.371512413024902
4130-steel,4130 Steel,Steel,4130 x 20 (13).jpg,0.4802703706970616,0.6488943550696804,0.6488986545138888,metal_unet_gray_r34,Metal-U-Net Gray (ResNet34),metallography,micrograph-contrast,Unet,resnet34,gray,24.431837,5.371512413024902
4130-steel,4130 Steel,Steel,4130 x 20 (14).jpg,0.487999208624151,0.6559094045061438,0.6559244791666666,metal_unet_gray_r34,Metal-U-Net Gray (ResNet34),metallography,micrograph-contrast,Unet,resnet34,gray,24.431837,5.371512413024902
4130-steel,4130 Steel,Steel,4130 x 20 (15).jpg,0.4865678022193241,0.6543647445408295,0.6553548177083334,metal_unet_gray_r34,Metal-U-Net Gray (ResNet34),metallography,micrograph-contrast,Unet,resnet34,gray,24.431837,5.371512413024902
4130-steel,4130 Steel,Steel,4130 x 20 (16).jpg,0.49917465209085,0.665287420561727,0.6678602430555556,metal_unet_gray_r34,Metal-U-Net Gray (ResNet34),metallography,micrograph-contrast,Unet,resnet34,gray,24.431837,5.371512413024902
4130-steel,4130 Steel,Steel,4130 x 20 (17).jpg,0.4784143474666427,0.646464220744335,0.6492784288194444,metal_unet_gray_r34,Metal-U-Net Gray (ResNet34),metallography,micrograph-contrast,Unet,resnet34,gray,24.431837,5.371512413024902
4130-steel,4130 Steel,Steel,4130 x 20 (18).jpg,0.47175816360483336,0.6387173588411041,0.6476236979166666,metal_unet_gray_r34,Metal-U-Net Gray (ResNet34),metallography,micrograph-contrast,Unet,resnet34,gray,24.431837,5.371512413024902
4130-steel,4130 Steel,Steel,4130 x 20 (19).jpg,0.47690991278904776,0.6435932866881111,0.6520724826388888,metal_unet_gray_r34,Metal-U-Net Gray (ResNet34),metallography,micrograph-contrast,Unet,resnet34,gray,24.431837,5.371512413024902
4130-steel,4130 Steel,Steel,4130 x 20 (20).jpg,0.4842178488735005,0.6506537834972688,0.6577419704861112,metal_unet_gray_r34,Metal-U-Net Gray (ResNet34),metallography,micrograph-contrast,Unet,resnet34,gray,24.431837,5.371512413024902
418-17-4ph-x20,418 Printed 17-4 PH Steel,Steel,x20 (1).jpg,0.2315359884069168,0.3744386011832642,0.3785264756944444,metal_unet_gray_r34,Metal-U-Net Gray (ResNet34),metallography,micrograph-contrast,Unet,resnet34,gray,24.431837,5.371512413024902
418-17-4ph-x20,418 Printed 17-4 PH Steel,Steel,x20 (2).jpg,0.2449959508457346,0.3889198354409289,0.4011773003472222,metal_unet_gray_r34,Metal-U-Net Gray (ResNet34),metallography,micrograph-contrast,Unet,resnet34,gray,24.431837,5.371512413024902
418-17-4ph-x20,418 Printed 17-4 PH Steel,Steel,x20 (3).jpg,0.22315508948614932,0.3591142034945514,0.3738878038194444,metal_unet_gray_r34,Metal-U-Net Gray (ResNet34),metallography,micrograph-contrast,Unet,resnet34,gray,24.431837,5.371512413024902
418-17-4ph-x20,418 Printed 17-4 PH Steel,Steel,x20 (4).jpg,0.22583522411889176,0.3615120060478382,0.3793402777777778,metal_unet_gray_r34,Metal-U-Net Gray (ResNet34),metallography,micrograph-contrast,Unet,resnet34,gray,24.431837,5.371512413024902
418-17-4ph-x20,418 Printed 17-4 PH Steel,Steel,x20 (5).jpg,0.23920355936989135,0.3802384853889317,0.3954535590277778,metal_unet_gray_r34,Metal-U-Net Gray (ResNet34),metallography,micrograph-contrast,Unet,resnet34,gray,24.431837,5.371512413024902
418-17-4ph-x20,418 Printed 17-4 PH Steel,Steel,x20 (6).jpg,0.15860432174883898,0.2736829854911617,0.27392578125,metal_unet_gray_r34,Metal-U-Net Gray (ResNet34),metallography,micrograph-contrast,Unet,resnet34,gray,24.431837,5.371512413024902
418-17-4ph-x20,418 Printed 17-4 PH Steel,Steel,x20 (7).jpg,0.28527265736384894,0.44358235259293083,0.4444986979166667,metal_unet_gray_r34,Metal-U-Net Gray (ResNet34),metallography,micrograph-contrast,Unet,resnet34,gray,24.431837,5.371512413024902
418-17-4ph-x20,418 Printed 17-4 PH Steel,Steel,x20 (8).jpg,0.2133971898396007,0.3489333544112452,0.3560384114583333,metal_unet_gray_r34,Metal-U-Net Gray (ResNet34),metallography,micrograph-contrast,Unet,resnet34,gray,24.431837,5.371512413024902
418-17-4ph-x20,418 Printed 17-4 PH Steel,Steel,x20 (9).jpg,0.17285056850191782,0.29259932765714414,0.2977973090277778,metal_unet_gray_r34,Metal-U-Net Gray (ResNet34),metallography,micrograph-contrast,Unet,resnet34,gray,24.431837,5.371512413024902
418-17-4ph-x20,418 Printed 17-4 PH Steel,Steel,x20 (10).jpg,0.22589344849849047,0.365087777460365,0.3739691840277778,metal_unet_gray_r34,Metal-U-Net Gray (ResNet34),metallography,micrograph-contrast,Unet,resnet34,gray,24.431837,5.371512413024902
418-17-4ph-x20,418 Printed 17-4 PH Steel,Steel,x20 (11).jpg,0.5163743473927624,0.564816840246531,0.9481879340277778,metal_unet_gray_r34,Metal-U-Net Gray (ResNet34),metallography,micrograph-contrast,Unet,resnet34,gray,24.431837,5.371512413024902
418-17-4ph-x20,418 Printed 17-4 PH Steel,Steel,x20 (12).jpg,0.5196522149024477,0.5675281543644345,0.9530164930555556,metal_unet_gray_r34,Metal-U-Net Gray (ResNet34),metallography,micrograph-contrast,Unet,resnet34,gray,24.431837,5.371512413024902
418-17-4ph-x20,418 Printed 17-4 PH Steel,Steel,x20 (13).jpg,0.37805203491133027,0.4401955312638325,0.7424587673611112,metal_unet_gray_r34,Metal-U-Net Gray (ResNet34),metallography,micrograph-contrast,Unet,resnet34,gray,24.431837,5.371512413024902
418-17-4ph-x20,418 Printed 17-4 PH Steel,Steel,x20 (14).jpg,0.5049953403684793,0.5424262170840297,0.9522840711805556,metal_unet_gray_r34,Metal-U-Net Gray (ResNet34),metallography,micrograph-contrast,Unet,resnet34,gray,24.431837,5.371512413024902
418-17-4ph-x20,418 Printed 17-4 PH Steel,Steel,x20 (15).jpg,0.5175586080286316,0.5626753359678229,0.9551595052083334,metal_unet_gray_r34,Metal-U-Net Gray (ResNet34),metallography,micrograph-contrast,Unet,resnet34,gray,24.431837,5.371512413024902
418-17-4ph-x20,418 Printed 17-4 PH Steel,Steel,x20 (16).jpg,0.5130194833246933,0.5570090281246942,0.9515787760416666,metal_unet_gray_r34,Metal-U-Net Gray (ResNet34),metallography,micrograph-contrast,Unet,resnet34,gray,24.431837,5.371512413024902
418-17-4ph-x20,418 Printed 17-4 PH Steel,Steel,x20 (17).jpg,0.5160073636429426,0.5592790145872388,0.9563530815972222,metal_unet_gray_r34,Metal-U-Net Gray (ResNet34),metallography,micrograph-contrast,Unet,resnet34,gray,24.431837,5.371512413024902
418-17-4ph-x20,418 Printed 17-4 PH Steel,Steel,x20 (18).jpg,0.5064527318959369,0.5472627356593263,0.94873046875,metal_unet_gray_r34,Metal-U-Net Gray (ResNet34),metallography,micrograph-contrast,Unet,resnet34,gray,24.431837,5.371512413024902
418-17-4ph-x20,418 Printed 17-4 PH Steel,Steel,x20 (19).jpg,0.5240365608208888,0.5737929947184486,0.9549424913194444,metal_unet_gray_r34,Metal-U-Net Gray (ResNet34),metallography,micrograph-contrast,Unet,resnet34,gray,24.431837,5.371512413024902
418-17-4ph-x20,418 Printed 17-4 PH Steel,Steel,x20 (20).jpg,0.2901885201479011,0.4456261408581832,0.4574381510416667,metal_unet_gray_r34,Metal-U-Net Gray (ResNet34),metallography,micrograph-contrast,Unet,resnet34,gray,24.431837,5.371512413024902
418-17-4ph-x20,418 Printed 17-4 PH Steel,Steel,x20 (21).jpg,0.294187258493208,0.4522575864763326,0.4589572482638889,metal_unet_gray_r34,Metal-U-Net Gray (ResNet34),metallography,micrograph-contrast,Unet,resnet34,gray,24.431837,5.371512413024902
418-17-4ph-x5,418 Printed 17-4 PH Steel,Steel,x5 (1).jpg,0.7821539490823781,0.8640503962839909,0.9786241319444444,metal_unet_gray_r34,Metal-U-Net Gray (ResNet34),metallography,micrograph-contrast,Unet,resnet34,gray,24.431837,5.371512413024902
418-17-4ph-x5,418 Printed 17-4 PH Steel,Steel,x5 (2).jpg,0.8347275378007364,0.9030400184629397,0.9808756510416666,metal_unet_gray_r34,Metal-U-Net Gray (ResNet34),metallography,micrograph-contrast,Unet,resnet34,gray,24.431837,5.371512413024902
418-17-4ph-x5,418 Printed 17-4 PH Steel,Steel,x5 (3).jpg,0.7937842077383546,0.8722977912889296,0.9848090277777778,metal_unet_gray_r34,Metal-U-Net Gray (ResNet34),metallography,micrograph-contrast,Unet,resnet34,gray,24.431837,5.371512413024902
418-17-4ph-x5,418 Printed 17-4 PH Steel,Steel,x5 (4).jpg,0.8062235473425441,0.8826279221836004,0.9786783854166666,metal_unet_gray_r34,Metal-U-Net Gray (ResNet34),metallography,micrograph-contrast,Unet,resnet34,gray,24.431837,5.371512413024902
418-17-4ph-x5,418 Printed 17-4 PH Steel,Steel,x5 (5).jpg,0.8936200804496337,0.9419431656983637,0.9761827256944444,metal_unet_gray_r34,Metal-U-Net Gray (ResNet34),metallography,micrograph-contrast,Unet,resnet34,gray,24.431837,5.371512413024902
418-17-4ph-x5,418 Printed 17-4 PH Steel,Steel,x5 (6).jpg,0.8301295488268025,0.9001971755643468,0.9771592881944444,metal_unet_gray_r34,Metal-U-Net Gray (ResNet34),metallography,micrograph-contrast,Unet,resnet34,gray,24.431837,5.371512413024902
418-17-4ph-x5,418 Printed 17-4 PH Steel,Steel,x5 (7).jpg,0.7815977818407704,0.8635705633291435,0.9788682725694444,metal_unet_gray_r34,Metal-U-Net Gray (ResNet34),metallography,micrograph-contrast,Unet,resnet34,gray,24.431837,5.371512413024902
418-17-4ph-x5,418 Printed 17-4 PH Steel,Steel,x5 (8).jpg,0.7859865828615828,0.8662477165715128,0.9842664930555556,metal_unet_gray_r34,Metal-U-Net Gray (ResNet34),metallography,micrograph-contrast,Unet,resnet34,gray,24.431837,5.371512413024902
418-17-4ph-x5,418 Printed 17-4 PH Steel,Steel,x5 (9).jpg,0.791820159177711,0.8712116663374136,0.981689453125,metal_unet_gray_r34,Metal-U-Net Gray (ResNet34),metallography,micrograph-contrast,Unet,resnet34,gray,24.431837,5.371512413024902
418-17-4ph-x5,418 Printed 17-4 PH Steel,Steel,x5 (10).jpg,0.8080496206627246,0.8833084819599357,0.9840494791666666,metal_unet_gray_r34,Metal-U-Net Gray (ResNet34),metallography,micrograph-contrast,Unet,resnet34,gray,24.431837,5.371512413024902
418-17-4ph-x5,418 Printed 17-4 PH Steel,Steel,x5 (11).jpg,0.7753966474690921,0.8587054466634411,0.9781358506944444,metal_unet_gray_r34,Metal-U-Net Gray (ResNet34),metallography,micrograph-contrast,Unet,resnet34,gray,24.431837,5.371512413024902
418-17-4ph-x5,418 Printed 17-4 PH Steel,Steel,x5 (12).jpg,0.7977921999868288,0.8758283768472541,0.9817165798611112,metal_unet_gray_r34,Metal-U-Net Gray (ResNet34),metallography,micrograph-contrast,Unet,resnet34,gray,24.431837,5.371512413024902
418-17-4ph-x5,418 Printed 17-4 PH Steel,Steel,x5 (13).jpg,0.7699137436620764,0.8532982364210219,0.9838595920138888,metal_unet_gray_r34,Metal-U-Net Gray (ResNet34),metallography,micrograph-contrast,Unet,resnet34,gray,24.431837,5.371512413024902
418-17-4ph-x5,418 Printed 17-4 PH Steel,Steel,x5 (14).jpg,0.8172993591712836,0.8901114638459967,0.9845920138888888,metal_unet_gray_r34,Metal-U-Net Gray (ResNet34),metallography,micrograph-contrast,Unet,resnet34,gray,24.431837,5.371512413024902
418-17-4ph-x5,418 Printed 17-4 PH Steel,Steel,x5 (15).jpg,0.8306838157328507,0.9019801567474997,0.9639485677083334,metal_unet_gray_r34,Metal-U-Net Gray (ResNet34),metallography,micrograph-contrast,Unet,resnet34,gray,24.431837,5.371512413024902
418-17-4ph-x5,418 Printed 17-4 PH Steel,Steel,x5 (16).jpg,0.8126573366503487,0.889076948352215,0.9648980034722222,metal_unet_gray_r34,Metal-U-Net Gray (ResNet34),metallography,micrograph-contrast,Unet,resnet34,gray,24.431837,5.371512413024902
418-17-4ph-x5,418 Printed 17-4 PH Steel,Steel,x5 (17).jpg,0.8556000532074897,0.9189021136387213,0.9626193576388888,metal_unet_gray_r34,Metal-U-Net Gray (ResNet34),metallography,micrograph-contrast,Unet,resnet34,gray,24.431837,5.371512413024902
418-17-4ph-x5,418 Printed 17-4 PH Steel,Steel,x5 (18).jpg,0.6906984220057357,0.7866762618190655,0.95947265625,metal_unet_gray_r34,Metal-U-Net Gray (ResNet34),metallography,micrograph-contrast,Unet,resnet34,gray,24.431837,5.371512413024902
418-17-4ph-x5,418 Printed 17-4 PH Steel,Steel,x5 (19).jpg,0.7747082699843613,0.8580836721032061,0.9785427517361112,metal_unet_gray_r34,Metal-U-Net Gray (ResNet34),metallography,micrograph-contrast,Unet,resnet34,gray,24.431837,5.371512413024902
418-17-4ph-x5,418 Printed 17-4 PH Steel,Steel,x5 (20).jpg,0.7707716829514553,0.8551011988239476,0.9771592881944444,metal_unet_gray_r34,Metal-U-Net Gray (ResNet34),metallography,micrograph-contrast,Unet,resnet34,gray,24.431837,5.371512413024902
418-17-4ph-x5,418 Printed 17-4 PH Steel,Steel,x5 (21).jpg,0.7597870511579369,0.845422084758857,0.9804416232638888,metal_unet_gray_r34,Metal-U-Net Gray (ResNet34),metallography,micrograph-contrast,Unet,resnet34,gray,24.431837,5.371512413024902
418-17-4ph-x5,418 Printed 17-4 PH Steel,Steel,x5 (22).jpg,0.7437651254677936,0.8331666875176896,0.9722764756944444,metal_unet_gray_r34,Metal-U-Net Gray (ResNet34),metallography,micrograph-contrast,Unet,resnet34,gray,24.431837,5.371512413024902
418-17-4ph-x5,418 Printed 17-4 PH Steel,Steel,x5 (23).jpg,0.7638883138360415,0.8493926484886356,0.9773491753472222,metal_unet_gray_r34,Metal-U-Net Gray (ResNet34),metallography,micrograph-contrast,Unet,resnet34,gray,24.431837,5.371512413024902
418-17-4ph-x5,418 Printed 17-4 PH Steel,Steel,x5 (24).jpg,0.7861975319029133,0.8670349656551654,0.9800889756944444,metal_unet_gray_r34,Metal-U-Net Gray (ResNet34),metallography,micrograph-contrast,Unet,resnet34,gray,24.431837,5.371512413024902
418-17-4ph-x5,418 Printed 17-4 PH Steel,Steel,x5 (25).jpg,0.7267903978092208,0.8182747058591002,0.9711371527777778,metal_unet_gray_r34,Metal-U-Net Gray (ResNet34),metallography,micrograph-contrast,Unet,resnet34,gray,24.431837,5.371512413024902
5884-armor-steel,5884 Armor Steel,Steel,5884 x 5 (1).jpg,0.600796021345511,0.7497657057612694,0.7540418836805556,metal_unet_gray_r34,Metal-U-Net Gray (ResNet34),metallography,micrograph-contrast,Unet,resnet34,gray,24.431837,5.371512413024902
5884-armor-steel,5884 Armor Steel,Steel,5884 x 5 (2).jpg,0.7033965265759263,0.8257290232349864,0.8267144097222222,metal_unet_gray_r34,Metal-U-Net Gray (ResNet34),metallography,micrograph-contrast,Unet,resnet34,gray,24.431837,5.371512413024902
5884-armor-steel,5884 Armor Steel,Steel,5884 x 5 (3).jpg,0.7114456378291056,0.831336123944969,0.8317599826388888,metal_unet_gray_r34,Metal-U-Net Gray (ResNet34),metallography,micrograph-contrast,Unet,resnet34,gray,24.431837,5.371512413024902
5884-armor-steel,5884 Armor Steel,Steel,5884 x 5 (4).jpg,0.5696987659934445,0.7231020946730461,0.7358669704861112,metal_unet_gray_r34,Metal-U-Net Gray (ResNet34),metallography,micrograph-contrast,Unet,resnet34,gray,24.431837,5.371512413024902
5884-armor-steel,5884 Armor Steel,Steel,5884 x 5 (5).jpg,0.7358656592519404,0.846170736329783,0.8586697048611112,metal_unet_gray_r34,Metal-U-Net Gray (ResNet34),metallography,micrograph-contrast,Unet,resnet34,gray,24.431837,5.371512413024902
5884-armor-steel,5884 Armor Steel,Steel,5884 x 10 (1).jpg,0.7886108572097041,0.8816249200150064,0.8834092881944444,metal_unet_gray_r34,Metal-U-Net Gray (ResNet34),metallography,micrograph-contrast,Unet,resnet34,gray,24.431837,5.371512413024902
5884-armor-steel,5884 Armor Steel,Steel,5884 x 10 (2).jpg,0.7982398477697425,0.8877918987539397,0.8878851996527778,metal_unet_gray_r34,Metal-U-Net Gray (ResNet34),metallography,micrograph-contrast,Unet,resnet34,gray,24.431837,5.371512413024902
5884-armor-steel,5884 Armor Steel,Steel,5884 x 10 (3).jpg,0.6795495072271294,0.8057666049723237,0.826904296875,metal_unet_gray_r34,Metal-U-Net Gray (ResNet34),metallography,micrograph-contrast,Unet,resnet34,gray,24.431837,5.371512413024902
5884-armor-steel,5884 Armor Steel,Steel,5884 x 10 (4).jpg,0.7752279760427607,0.8729202480030601,0.8770345052083334,metal_unet_gray_r34,Metal-U-Net Gray (ResNet34),metallography,micrograph-contrast,Unet,resnet34,gray,24.431837,5.371512413024902
5884-armor-steel,5884 Armor Steel,Steel,5884 x 10 (5).jpg,0.6868665307225919,0.8128667784321465,0.8224012586805556,metal_unet_gray_r34,Metal-U-Net Gray (ResNet34),metallography,micrograph-contrast,Unet,resnet34,gray,24.431837,5.371512413024902
5884-armor-steel,5884 Armor Steel,Steel,5884 x 10 (6).jpg,0.7247022056178789,0.8384014037609284,0.8526204427083334,metal_unet_gray_r34,Metal-U-Net Gray (ResNet34),metallography,micrograph-contrast,Unet,resnet34,gray,24.431837,5.371512413024902
5884-armor-steel,5884 Armor Steel,Steel,5884 x 20 (1).jpg,0.7774716968382608,0.8687271365888796,0.9211154513888888,metal_unet_gray_r34,Metal-U-Net Gray (ResNet34),metallography,micrograph-contrast,Unet,resnet34,gray,24.431837,5.371512413024902
5884-armor-steel,5884 Armor Steel,Steel,5884 x 20 (2).jpg,0.7964481115885371,0.8822090964009897,0.9247504340277778,metal_unet_gray_r34,Metal-U-Net Gray (ResNet34),metallography,micrograph-contrast,Unet,resnet34,gray,24.431837,5.371512413024902
5884-armor-steel,5884 Armor Steel,Steel,5884 x 20 (3).jpg,0.8962356680484194,0.9452709945097746,0.9454210069444444,metal_unet_gray_r34,Metal-U-Net Gray (ResNet34),metallography,micrograph-contrast,Unet,resnet34,gray,24.431837,5.371512413024902
5884-armor-steel,5884 Armor Steel,Steel,5884 x 20 (4).jpg,0.7963618966555072,0.8841112179209326,0.908447265625,metal_unet_gray_r34,Metal-U-Net Gray (ResNet34),metallography,micrograph-contrast,Unet,resnet34,gray,24.431837,5.371512413024902
5884-armor-steel,5884 Armor Steel,Steel,5884 x 20 (5).jpg,0.7816175082253889,0.8761933105073757,0.8873697916666666,metal_unet_gray_r34,Metal-U-Net Gray (ResNet34),metallography,micrograph-contrast,Unet,resnet34,gray,24.431837,5.371512413024902
5884-armor-steel,5884 Armor Steel,Steel,5884 x 20 (6).jpg,0.6671142089495288,0.7984582518813295,0.8095703125,metal_unet_gray_r34,Metal-U-Net Gray (ResNet34),metallography,micrograph-contrast,Unet,resnet34,gray,24.431837,5.371512413024902
5884-armor-steel,5884 Armor Steel,Steel,5884 x 50 (1).jpg,0.724970379064759,0.8402625310507023,0.8424207899305556,metal_unet_gray_r34,Metal-U-Net Gray (ResNet34),metallography,micrograph-contrast,Unet,resnet34,gray,24.431837,5.371512413024902
5884-armor-steel,5884 Armor Steel,Steel,5884 x 50 (2).jpg,0.7314036617967017,0.8419621458144483,0.8632541232638888,metal_unet_gray_r34,Metal-U-Net Gray (ResNet34),metallography,micrograph-contrast,Unet,resnet34,gray,24.431837,5.371512413024902
5884-armor-steel,5884 Armor Steel,Steel,5884 x 50 (3).jpg,0.7945645621597043,0.8855233284448298,0.8855251736111112,metal_unet_gray_r34,Metal-U-Net Gray (ResNet34),metallography,micrograph-contrast,Unet,resnet34,gray,24.431837,5.371512413024902
5884-armor-steel,5884 Armor Steel,Steel,5884 x 50 (4).jpg,0.6908767453107836,0.8166124952890206,0.8202853732638888,metal_unet_gray_r34,Metal-U-Net Gray (ResNet34),metallography,micrograph-contrast,Unet,resnet34,gray,24.431837,5.371512413024902
6280-cast-iron-high,6280 Gray Cast Iron,Cast Iron,6280 x 20 (1).jpg,0.592688790807999,0.7102562295558936,0.8616265190972222,metal_unet_gray_r34,Metal-U-Net Gray (ResNet34),metallography,micrograph-contrast,Unet,resnet34,gray,24.431837,5.371512413024902
6280-cast-iron-high,6280 Gray Cast Iron,Cast Iron,6280 x 20 (2).jpg,0.578083206484395,0.6961506664837692,0.8527289496527778,metal_unet_gray_r34,Metal-U-Net Gray (ResNet34),metallography,micrograph-contrast,Unet,resnet34,gray,24.431837,5.371512413024902
6280-cast-iron-high,6280 Gray Cast Iron,Cast Iron,6280 x 20 (3).jpg,0.5765722077170442,0.6989121893607739,0.8394097222222222,metal_unet_gray_r34,Metal-U-Net Gray (ResNet34),metallography,micrograph-contrast,Unet,resnet34,gray,24.431837,5.371512413024902
6280-cast-iron-high,6280 Gray Cast Iron,Cast Iron,6280 x 20 (4).jpg,0.6080414522460963,0.7242459971069761,0.872314453125,metal_unet_gray_r34,Metal-U-Net Gray (ResNet34),metallography,micrograph-contrast,Unet,resnet34,gray,24.431837,5.371512413024902
6280-cast-iron-high,6280 Gray Cast Iron,Cast Iron,6280 x 20 (5).jpg,0.5683353924785616,0.6832298565492835,0.8558756510416666,metal_unet_gray_r34,Metal-U-Net Gray (ResNet34),metallography,micrograph-contrast,Unet,resnet34,gray,24.431837,5.371512413024902
6280-cast-iron-high,6280 Gray Cast Iron,Cast Iron,6280 x 20 (6).jpg,0.5945874483719038,0.7104473573515788,0.8677029079861112,metal_unet_gray_r34,Metal-U-Net Gray (ResNet34),metallography,micrograph-contrast,Unet,resnet34,gray,24.431837,5.371512413024902
6280-cast-iron-high,6280 Gray Cast Iron,Cast Iron,6280 x 20 (7).jpg,0.6075945639666985,0.7177150512484868,0.8911946614583334,metal_unet_gray_r34,Metal-U-Net Gray (ResNet34),metallography,micrograph-contrast,Unet,resnet34,gray,24.431837,5.371512413024902
6280-cast-iron-high,6280 Gray Cast Iron,Cast Iron,6280 x 20 (8).jpg,0.599081507335079,0.7166932225102769,0.8643120659722222,metal_unet_gray_r34,Metal-U-Net Gray (ResNet34),metallography,micrograph-contrast,Unet,resnet34,gray,24.431837,5.371512413024902
6280-cast-iron-high,6280 Gray Cast Iron,Cast Iron,6280 x 20 (9).jpg,0.5799119972026616,0.6945700847660046,0.8635525173611112,metal_unet_gray_r34,Metal-U-Net Gray (ResNet34),metallography,micrograph-contrast,Unet,resnet34,gray,24.431837,5.371512413024902
6280-cast-iron-high,6280 Gray Cast Iron,Cast Iron,6280 x 20 (10).jpg,0.6017557070288951,0.7136455986125582,0.8831108940972222,metal_unet_gray_r34,Metal-U-Net Gray (ResNet34),metallography,micrograph-contrast,Unet,resnet34,gray,24.431837,5.371512413024902
6280-cast-iron-low,6280 Gray Cast Iron,Cast Iron,6280 x 10 (1).jpg,0.4982974749709954,0.662129857967885,0.6869032118055556,metal_unet_gray_r34,Metal-U-Net Gray (ResNet34),metallography,micrograph-contrast,Unet,resnet34,gray,24.431837,5.371512413024902
6280-cast-iron-low,6280 Gray Cast Iron,Cast Iron,6280 x 10 (2).jpg,0.5627969713679745,0.7174408865743479,0.7535807291666666,metal_unet_gray_r34,Metal-U-Net Gray (ResNet34),metallography,micrograph-contrast,Unet,resnet34,gray,24.431837,5.371512413024902
6280-cast-iron-low,6280 Gray Cast Iron,Cast Iron,6280 x 10 (3).jpg,0.4928135384028733,0.6549999199447151,0.6940646701388888,metal_unet_gray_r34,Metal-U-Net Gray (ResNet34),metallography,micrograph-contrast,Unet,resnet34,gray,24.431837,5.371512413024902
6280-cast-iron-low,6280 Gray Cast Iron,Cast Iron,6280 x 10 (4).jpg,0.5788129694210854,0.7296079248473312,0.7724609375,metal_unet_gray_r34,Metal-U-Net Gray (ResNet34),metallography,micrograph-contrast,Unet,resnet34,gray,24.431837,5.371512413024902
6280-cast-iron-low,6280 Gray Cast Iron,Cast Iron,6280 x 10 (5).jpg,0.4989061795701155,0.6619499774664103,0.7041558159722222,metal_unet_gray_r34,Metal-U-Net Gray (ResNet34),metallography,micrograph-contrast,Unet,resnet34,gray,24.431837,5.371512413024902
6280-cast-iron-low,6280 Gray Cast Iron,Cast Iron,6280 x 10 (6).jpg,0.4646398694296332,0.6304254077139528,0.6612955729166666,metal_unet_gray_r34,Metal-U-Net Gray (ResNet34),metallography,micrograph-contrast,Unet,resnet34,gray,24.431837,5.371512413024902
6280-cast-iron-low,6280 Gray Cast Iron,Cast Iron,6280 x 10 (7).jpg,0.5105095380080644,0.6747231179645903,0.6863335503472222,metal_unet_gray_r34,Metal-U-Net Gray (ResNet34),metallography,micrograph-contrast,Unet,resnet34,gray,24.431837,5.371512413024902
6280-cast-iron-low,6280 Gray Cast Iron,Cast Iron,6280 x 10 (8).jpg,0.5565847516751198,0.7123876316447624,0.7470703125,metal_unet_gray_r34,Metal-U-Net Gray (ResNet34),metallography,micrograph-contrast,Unet,resnet34,gray,24.431837,5.371512413024902
6280-cast-iron-low,6280 Gray Cast Iron,Cast Iron,6280 x 10 (9).jpg,0.48278591418830036,0.6492455185355244,0.6748046875,metal_unet_gray_r34,Metal-U-Net Gray (ResNet34),metallography,micrograph-contrast,Unet,resnet34,gray,24.431837,5.371512413024902
6280-cast-iron-low,6280 Gray Cast Iron,Cast Iron,6280 x 10 (10).jpg,0.514174962718287,0.6759385675497702,0.7138400607638888,metal_unet_gray_r34,Metal-U-Net Gray (ResNet34),metallography,micrograph-contrast,Unet,resnet34,gray,24.431837,5.371512413024902
6280-cast-iron-low,6280 Gray Cast Iron,Cast Iron,6280 x 10 (11).jpg,0.4352084630581998,0.6038897560797066,0.6252712673611112,metal_unet_gray_r34,Metal-U-Net Gray (ResNet34),metallography,micrograph-contrast,Unet,resnet34,gray,24.431837,5.371512413024902
4130-steel,4130 Steel,Steel,4130 x 10 (1).jpg,0.7162943584516581,0.834691256111795,0.8347439236111112,metal_unet_clahe_r34,Metal-U-Net CLAHE (ResNet34),metallography,micrograph-contrast,Unet,resnet34,clahe_rgb,24.438109,5.648527383804321
4130-steel,4130 Steel,Steel,4130 x 10 (2).jpg,0.5376284158343773,0.6992290049100668,0.6995171440972222,metal_unet_clahe_r34,Metal-U-Net CLAHE (ResNet34),metallography,micrograph-contrast,Unet,resnet34,clahe_rgb,24.438109,5.648527383804321
4130-steel,4130 Steel,Steel,4130 x 10 (3).jpg,0.5595938938739906,0.717524117696775,0.7179361979166666,metal_unet_clahe_r34,Metal-U-Net CLAHE (ResNet34),metallography,micrograph-contrast,Unet,resnet34,clahe_rgb,24.438109,5.648527383804321
4130-steel,4130 Steel,Steel,4130 x 10 (4).jpg,0.5432595872720178,0.703758836205959,0.7049967447916666,metal_unet_clahe_r34,Metal-U-Net CLAHE (ResNet34),metallography,micrograph-contrast,Unet,resnet34,clahe_rgb,24.438109,5.648527383804321
4130-steel,4130 Steel,Steel,4130 x 10 (5).jpg,0.5218391404383784,0.6852829179418942,0.6874457465277778,metal_unet_clahe_r34,Metal-U-Net CLAHE (ResNet34),metallography,micrograph-contrast,Unet,resnet34,clahe_rgb,24.438109,5.648527383804321
4130-steel,4130 Steel,Steel,4130 x 10 (6).jpg,0.6888309961271576,0.8155175088281434,0.8170030381944444,metal_unet_clahe_r34,Metal-U-Net CLAHE (ResNet34),metallography,micrograph-contrast,Unet,resnet34,clahe_rgb,24.438109,5.648527383804321
4130-steel,4130 Steel,Steel,4130 x 10 (7).jpg,0.6854980610439849,0.8127286263343649,0.8170301649305556,metal_unet_clahe_r34,Metal-U-Net CLAHE (ResNet34),metallography,micrograph-contrast,Unet,resnet34,clahe_rgb,24.438109,5.648527383804321
4130-steel,4130 Steel,Steel,4130 x 10 (8).jpg,0.7019389152261124,0.8248696756824359,0.8248697916666666,metal_unet_clahe_r34,Metal-U-Net CLAHE (ResNet34),metallography,micrograph-contrast,Unet,resnet34,clahe_rgb,24.438109,5.648527383804321
4130-steel,4130 Steel,Steel,4130 x 10 (9).jpg,0.6985177502264328,0.8224774126385812,0.8226453993055556,metal_unet_clahe_r34,Metal-U-Net CLAHE (ResNet34),metallography,micrograph-contrast,Unet,resnet34,clahe_rgb,24.438109,5.648527383804321
4130-steel,4130 Steel,Steel,4130 x 10 (10).jpg,0.707479843606555,0.8286485795911542,0.8288845486111112,metal_unet_clahe_r34,Metal-U-Net CLAHE (ResNet34),metallography,micrograph-contrast,Unet,resnet34,clahe_rgb,24.438109,5.648527383804321
4130-steel,4130 Steel,Steel,4130 x 10 (11).jpg,0.6848843963354421,0.8124228963563386,0.81591796875,metal_unet_clahe_r34,Metal-U-Net CLAHE (ResNet34),metallography,micrograph-contrast,Unet,resnet34,clahe_rgb,24.438109,5.648527383804321
4130-steel,4130 Steel,Steel,4130 x 10 (12).jpg,0.6854067591643769,0.8126469248423409,0.8170572916666666,metal_unet_clahe_r34,Metal-U-Net CLAHE (ResNet34),metallography,micrograph-contrast,Unet,resnet34,clahe_rgb,24.438109,5.648527383804321
4130-steel,4130 Steel,Steel,4130 x 10 (13).jpg,0.6672750297750298,0.7998152238039251,0.8035481770833334,metal_unet_clahe_r34,Metal-U-Net CLAHE (ResNet34),metallography,micrograph-contrast,Unet,resnet34,clahe_rgb,24.438109,5.648527383804321
4130-steel,4130 Steel,Steel,4130 x 10 (14).jpg,0.7107374655724634,0.8303188360111737,0.8344184027777778,metal_unet_clahe_r34,Metal-U-Net CLAHE (ResNet34),metallography,micrograph-contrast,Unet,resnet34,clahe_rgb,24.438109,5.648527383804321
4130-steel,4130 Steel,Steel,4130 x 10 (15).jpg,0.67770943154855,0.807602893827821,0.8094346788194444,metal_unet_clahe_r34,Metal-U-Net CLAHE (ResNet34),metallography,micrograph-contrast,Unet,resnet34,clahe_rgb,24.438109,5.648527383804321
4130-steel,4130 Steel,Steel,4130 x 10 (16).jpg,0.6699365207730206,0.8023379895995317,0.8024088541666666,metal_unet_clahe_r34,Metal-U-Net CLAHE (ResNet34),metallography,micrograph-contrast,Unet,resnet34,clahe_rgb,24.438109,5.648527383804321
4130-steel,4130 Steel,Steel,4130 x 10 (17).jpg,0.6981455737952684,0.8214271197596861,0.8268229166666666,metal_unet_clahe_r34,Metal-U-Net CLAHE (ResNet34),metallography,micrograph-contrast,Unet,resnet34,clahe_rgb,24.438109,5.648527383804321
4130-steel,4130 Steel,Steel,4130 x 10 (18).jpg,0.6711495286084453,0.8026078562254649,0.8063151041666666,metal_unet_clahe_r34,Metal-U-Net CLAHE (ResNet34),metallography,micrograph-contrast,Unet,resnet34,clahe_rgb,24.438109,5.648527383804321
4130-steel,4130 Steel,Steel,4130 x 10 (19).jpg,0.6695480428327958,0.8019772511226051,0.8025444878472222,metal_unet_clahe_r34,Metal-U-Net CLAHE (ResNet34),metallography,micrograph-contrast,Unet,resnet34,clahe_rgb,24.438109,5.648527383804321
4130-steel,4130 Steel,Steel,4130 x 10 (20).jpg,0.6649577695002136,0.7987672162598796,0.7987738715277778,metal_unet_clahe_r34,Metal-U-Net CLAHE (ResNet34),metallography,micrograph-contrast,Unet,resnet34,clahe_rgb,24.438109,5.648527383804321
4130-steel,4130 Steel,Steel,4130 x 20 (1).jpg,0.4322091101753105,0.5848677571400365,0.6485731336805556,metal_unet_clahe_r34,Metal-U-Net CLAHE (ResNet34),metallography,micrograph-contrast,Unet,resnet34,clahe_rgb,24.438109,5.648527383804321
4130-steel,4130 Steel,Steel,4130 x 20 (2).jpg,0.40497822192160116,0.557773270858102,0.6188151041666666,metal_unet_clahe_r34,Metal-U-Net CLAHE (ResNet34),metallography,micrograph-contrast,Unet,resnet34,clahe_rgb,24.438109,5.648527383804321
4130-steel,4130 Steel,Steel,4130 x 20 (3).jpg,0.5274971019523177,0.687342192526357,0.7013075086805556,metal_unet_clahe_r34,Metal-U-Net CLAHE (ResNet34),metallography,micrograph-contrast,Unet,resnet34,clahe_rgb,24.438109,5.648527383804321
4130-steel,4130 Steel,Steel,4130 x 20 (4).jpg,0.43749517354175915,0.6008273346981579,0.6283908420138888,metal_unet_clahe_r34,Metal-U-Net CLAHE (ResNet34),metallography,micrograph-contrast,Unet,resnet34,clahe_rgb,24.438109,5.648527383804321
4130-steel,4130 Steel,Steel,4130 x 20 (5).jpg,0.7101080975424419,0.8303863704481657,0.8310546875,metal_unet_clahe_r34,Metal-U-Net CLAHE (ResNet34),metallography,micrograph-contrast,Unet,resnet34,clahe_rgb,24.438109,5.648527383804321
4130-steel,4130 Steel,Steel,4130 x 20 (6).jpg,0.7438803380019074,0.8530002076951406,0.8540310329861112,metal_unet_clahe_r34,Metal-U-Net CLAHE (ResNet34),metallography,micrograph-contrast,Unet,resnet34,clahe_rgb,24.438109,5.648527383804321
4130-steel,4130 Steel,Steel,4130 x 20 (7).jpg,0.7617306782886784,0.8646177099502504,0.8657497829861112,metal_unet_clahe_r34,Metal-U-Net CLAHE (ResNet34),metallography,micrograph-contrast,Unet,resnet34,clahe_rgb,24.438109,5.648527383804321
4130-steel,4130 Steel,Steel,4130 x 20 (8).jpg,0.7440282488061445,0.8531477422714118,0.8537868923611112,metal_unet_clahe_r34,Metal-U-Net CLAHE (ResNet34),metallography,micrograph-contrast,Unet,resnet34,clahe_rgb,24.438109,5.648527383804321
4130-steel,4130 Steel,Steel,4130 x 20 (9).jpg,0.7474256657324261,0.8553282907867344,0.8563639322916666,metal_unet_clahe_r34,Metal-U-Net CLAHE (ResNet34),metallography,micrograph-contrast,Unet,resnet34,clahe_rgb,24.438109,5.648527383804321
4130-steel,4130 Steel,Steel,4130 x 20 (10).jpg,0.7658855821765047,0.867159689836916,0.8694118923611112,metal_unet_clahe_r34,Metal-U-Net CLAHE (ResNet34),metallography,micrograph-contrast,Unet,resnet34,clahe_rgb,24.438109,5.648527383804321
4130-steel,4130 Steel,Steel,4130 x 20 (11).jpg,0.7544815511423897,0.8594380352716167,0.864501953125,metal_unet_clahe_r34,Metal-U-Net CLAHE (ResNet34),metallography,micrograph-contrast,Unet,resnet34,clahe_rgb,24.438109,5.648527383804321
4130-steel,4130 Steel,Steel,4130 x 20 (12).jpg,0.7633539886184114,0.8653989530753158,0.8687608506944444,metal_unet_clahe_r34,Metal-U-Net CLAHE (ResNet34),metallography,micrograph-contrast,Unet,resnet34,clahe_rgb,24.438109,5.648527383804321
4130-steel,4130 Steel,Steel,4130 x 20 (13).jpg,0.7846823295006546,0.8789532484814822,0.8826497395833334,metal_unet_clahe_r34,Metal-U-Net CLAHE (ResNet34),metallography,micrograph-contrast,Unet,resnet34,clahe_rgb,24.438109,5.648527383804321
4130-steel,4130 Steel,Steel,4130 x 20 (14).jpg,0.772802278292342,0.8713666708037533,0.8755425347222222,metal_unet_clahe_r34,Metal-U-Net CLAHE (ResNet34),metallography,micrograph-contrast,Unet,resnet34,clahe_rgb,24.438109,5.648527383804321
4130-steel,4130 Steel,Steel,4130 x 20 (15).jpg,0.7403879218074899,0.8505634913532414,0.8526204427083334,metal_unet_clahe_r34,Metal-U-Net CLAHE (ResNet34),metallography,micrograph-contrast,Unet,resnet34,clahe_rgb,24.438109,5.648527383804321
4130-steel,4130 Steel,Steel,4130 x 20 (16).jpg,0.7169506728286389,0.8350401520612902,0.8357747395833334,metal_unet_clahe_r34,Metal-U-Net CLAHE (ResNet34),metallography,micrograph-contrast,Unet,resnet34,clahe_rgb,24.438109,5.648527383804321
4130-steel,4130 Steel,Steel,4130 x 20 (17).jpg,0.7204068173051961,0.8374049579670673,0.8379720052083334,metal_unet_clahe_r34,Metal-U-Net CLAHE (ResNet34),metallography,micrograph-contrast,Unet,resnet34,clahe_rgb,24.438109,5.648527383804321
4130-steel,4130 Steel,Steel,4130 x 20 (18).jpg,0.7303779027750417,0.8441829710759214,0.8441840277777778,metal_unet_clahe_r34,Metal-U-Net CLAHE (ResNet34),metallography,micrograph-contrast,Unet,resnet34,clahe_rgb,24.438109,5.648527383804321
4130-steel,4130 Steel,Steel,4130 x 20 (19).jpg,0.7316187967736612,0.8450050741591466,0.8450520833333334,metal_unet_clahe_r34,Metal-U-Net CLAHE (ResNet34),metallography,micrograph-contrast,Unet,resnet34,clahe_rgb,24.438109,5.648527383804321
4130-steel,4130 Steel,Steel,4130 x 20 (20).jpg,0.7146484358142844,0.8335715465277325,0.8336317274305556,metal_unet_clahe_r34,Metal-U-Net CLAHE (ResNet34),metallography,micrograph-contrast,Unet,resnet34,clahe_rgb,24.438109,5.648527383804321
418-17-4ph-x20,418 Printed 17-4 PH Steel,Steel,x20 (1).jpg,0.450881439189722,0.5851444034381199,0.709228515625,metal_unet_clahe_r34,Metal-U-Net CLAHE (ResNet34),metallography,micrograph-contrast,Unet,resnet34,clahe_rgb,24.438109,5.648527383804321
418-17-4ph-x20,418 Printed 17-4 PH Steel,Steel,x20 (2).jpg,0.49470831518982883,0.6114483711603882,0.7919108072916666,metal_unet_clahe_r34,Metal-U-Net CLAHE (ResNet34),metallography,micrograph-contrast,Unet,resnet34,clahe_rgb,24.438109,5.648527383804321
418-17-4ph-x20,418 Printed 17-4 PH Steel,Steel,x20 (3).jpg,0.5309904605125348,0.6435939576729026,0.8341200086805556,metal_unet_clahe_r34,Metal-U-Net CLAHE (ResNet34),metallography,micrograph-contrast,Unet,resnet34,clahe_rgb,24.438109,5.648527383804321
418-17-4ph-x20,418 Printed 17-4 PH Steel,Steel,x20 (4).jpg,0.5475405739100019,0.6590084038545887,0.8502061631944444,metal_unet_clahe_r34,Metal-U-Net CLAHE (ResNet34),metallography,micrograph-contrast,Unet,resnet34,clahe_rgb,24.438109,5.648527383804321
418-17-4ph-x20,418 Printed 17-4 PH Steel,Steel,x20 (5).jpg,0.5226667001314889,0.6356278014915967,0.826171875,metal_unet_clahe_r34,Metal-U-Net CLAHE (ResNet34),metallography,micrograph-contrast,Unet,resnet34,clahe_rgb,24.438109,5.648527383804321
418-17-4ph-x20,418 Printed 17-4 PH Steel,Steel,x20 (6).jpg,0.4653693785837831,0.5944936415936463,0.7354329427083334,metal_unet_clahe_r34,Metal-U-Net CLAHE (ResNet34),metallography,micrograph-contrast,Unet,resnet34,clahe_rgb,24.438109,5.648527383804321
418-17-4ph-x20,418 Printed 17-4 PH Steel,Steel,x20 (7).jpg,0.4164627185824692,0.5557108091219205,0.6607801649305556,metal_unet_clahe_r34,Metal-U-Net CLAHE (ResNet34),metallography,micrograph-contrast,Unet,resnet34,clahe_rgb,24.438109,5.648527383804321
418-17-4ph-x20,418 Printed 17-4 PH Steel,Steel,x20 (8).jpg,0.5189244342692155,0.6339175513553673,0.818115234375,metal_unet_clahe_r34,Metal-U-Net CLAHE (ResNet34),metallography,micrograph-contrast,Unet,resnet34,clahe_rgb,24.438109,5.648527383804321
418-17-4ph-x20,418 Printed 17-4 PH Steel,Steel,x20 (9).jpg,0.38914398929586796,0.5297184416438152,0.6252170138888888,metal_unet_clahe_r34,Metal-U-Net CLAHE (ResNet34),metallography,micrograph-contrast,Unet,resnet34,clahe_rgb,24.438109,5.648527383804321
418-17-4ph-x20,418 Printed 17-4 PH Steel,Steel,x20 (10).jpg,0.4918123182730741,0.6179593172476419,0.7676866319444444,metal_unet_clahe_r34,Metal-U-Net CLAHE (ResNet34),metallography,micrograph-contrast,Unet,resnet34,clahe_rgb,24.438109,5.648527383804321
418-17-4ph-x20,418 Printed 17-4 PH Steel,Steel,x20 (11).jpg,0.4852566189236111,0.49251799947687946,0.9705132378472222,metal_unet_clahe_r34,Metal-U-Net CLAHE (ResNet34),metallography,micrograph-contrast,Unet,resnet34,clahe_rgb,24.438109,5.648527383804321
418-17-4ph-x20,418 Printed 17-4 PH Steel,Steel,x20 (12).jpg,0.4870741102430556,0.4934524218481621,0.9741482204861112,metal_unet_clahe_r34,Metal-U-Net CLAHE (ResNet34),metallography,micrograph-contrast,Unet,resnet34,clahe_rgb,24.438109,5.648527383804321
418-17-4ph-x20,418 Printed 17-4 PH Steel,Steel,x20 (13).jpg,0.4949137369791667,0.4974438673264897,0.9898274739583334,metal_unet_clahe_r34,Metal-U-Net CLAHE (ResNet34),metallography,micrograph-contrast,Unet,resnet34,clahe_rgb,24.438109,5.648527383804321
418-17-4ph-x20,418 Printed 17-4 PH Steel,Steel,x20 (14).jpg,0.4920383029513889,0.4959872028000711,0.9840766059027778,metal_unet_clahe_r34,Metal-U-Net CLAHE (ResNet34),metallography,micrograph-contrast,Unet,resnet34,clahe_rgb,24.438109,5.648527383804321
418-17-4ph-x20,418 Printed 17-4 PH Steel,Steel,x20 (15).jpg,0.4913058810763889,0.495614815220217,0.9826117621527778,metal_unet_clahe_r34,Metal-U-Net CLAHE (ResNet34),metallography,micrograph-contrast,Unet,resnet34,clahe_rgb,24.438109,5.648527383804321
418-17-4ph-x20,418 Printed 17-4 PH Steel,Steel,x20 (16).jpg,0.48894534580438276,0.49606132557434285,0.9756673177083334,metal_unet_clahe_r34,Metal-U-Net CLAHE (ResNet34),metallography,micrograph-contrast,Unet,resnet34,clahe_rgb,24.438109,5.648527383804321
418-17-4ph-x20,418 Printed 17-4 PH Steel,Steel,x20 (17).jpg,0.4913330078125,0.4956286171653737,0.982666015625,metal_unet_clahe_r34,Metal-U-Net CLAHE (ResNet34),metallography,micrograph-contrast,Unet,resnet34,clahe_rgb,24.438109,5.648527383804321
418-17-4ph-x20,418 Printed 17-4 PH Steel,Steel,x20 (18).jpg,0.4891221788194444,0.4945012752653375,0.9782443576388888,metal_unet_clahe_r34,Metal-U-Net CLAHE (ResNet34),metallography,micrograph-contrast,Unet,resnet34,clahe_rgb,24.438109,5.648527383804321
418-17-4ph-x20,418 Printed 17-4 PH Steel,Steel,x20 (19).jpg,0.4910753038194444,0.4954974681811961,0.9821506076388888,metal_unet_clahe_r34,Metal-U-Net CLAHE (ResNet34),metallography,micrograph-contrast,Unet,resnet34,clahe_rgb,24.438109,5.648527383804321
418-17-4ph-x20,418 Printed 17-4 PH Steel,Steel,x20 (20).jpg,0.3015450747376406,0.45061493673122377,0.486572265625,metal_unet_clahe_r34,Metal-U-Net CLAHE (ResNet34),metallography,micrograph-contrast,Unet,resnet34,clahe_rgb,24.438109,5.648527383804321
418-17-4ph-x20,418 Printed 17-4 PH Steel,Steel,x20 (21).jpg,0.29663027409280446,0.45622394813289613,0.4599609375,metal_unet_clahe_r34,Metal-U-Net CLAHE (ResNet34),metallography,micrograph-contrast,Unet,resnet34,clahe_rgb,24.438109,5.648527383804321
418-17-4ph-x5,418 Printed 17-4 PH Steel,Steel,x5 (1).jpg,0.7511174875743244,0.8394476863556184,0.9726291232638888,metal_unet_clahe_r34,Metal-U-Net CLAHE (ResNet34),metallography,micrograph-contrast,Unet,resnet34,clahe_rgb,24.438109,5.648527383804321
418-17-4ph-x5,418 Printed 17-4 PH Steel,Steel,x5 (2).jpg,0.8047036593905541,0.8819566960705694,0.9750434027777778,metal_unet_clahe_r34,Metal-U-Net CLAHE (ResNet34),metallography,micrograph-contrast,Unet,resnet34,clahe_rgb,24.438109,5.648527383804321
418-17-4ph-x5,418 Printed 17-4 PH Steel,Steel,x5 (3).jpg,0.7762881035140051,0.8587198216520272,0.9826117621527778,metal_unet_clahe_r34,Metal-U-Net CLAHE (ResNet34),metallography,micrograph-contrast,Unet,resnet34,clahe_rgb,24.438109,5.648527383804321
418-17-4ph-x5,418 Printed 17-4 PH Steel,Steel,x5 (4).jpg,0.7654396170451864,0.8515094649838931,0.9723849826388888,metal_unet_clahe_r34,Metal-U-Net CLAHE (ResNet34),metallography,micrograph-contrast,Unet,resnet34,clahe_rgb,24.438109,5.648527383804321
418-17-4ph-x5,418 Printed 17-4 PH Steel,Steel,x5 (5).jpg,0.8529091443036854,0.9169758415058955,0.9644639756944444,metal_unet_clahe_r34,Metal-U-Net CLAHE (ResNet34),metallography,micrograph-contrast,Unet,resnet34,clahe_rgb,24.438109,5.648527383804321
418-17-4ph-x5,418 Printed 17-4 PH Steel,Steel,x5 (6).jpg,0.7903560506771516,0.8720024645990087,0.9680718315972222,metal_unet_clahe_r34,Metal-U-Net CLAHE (ResNet34),metallography,micrograph-contrast,Unet,resnet34,clahe_rgb,24.438109,5.648527383804321
418-17-4ph-x5,418 Printed 17-4 PH Steel,Steel,x5 (7).jpg,0.7461817538339728,0.8353264837452854,0.9719509548611112,metal_unet_clahe_r34,Metal-U-Net CLAHE (ResNet34),metallography,micrograph-contrast,Unet,resnet34,clahe_rgb,24.438109,5.648527383804321
418-17-4ph-x5,418 Printed 17-4 PH Steel,Steel,x5 (8).jpg,0.7328506828436983,0.8227411544028123,0.9761013454861112,metal_unet_clahe_r34,Metal-U-Net CLAHE (ResNet34),metallography,micrograph-contrast,Unet,resnet34,clahe_rgb,24.438109,5.648527383804321
418-17-4ph-x5,418 Printed 17-4 PH Steel,Steel,x5 (9).jpg,0.772291430302636,0.8562058169216382,0.9780002170138888,metal_unet_clahe_r34,Metal-U-Net CLAHE (ResNet34),metallography,micrograph-contrast,Unet,resnet34,clahe_rgb,24.438109,5.648527383804321
418-17-4ph-x5,418 Printed 17-4 PH Steel,Steel,x5 (10).jpg,0.7806088304336785,0.8626777497317926,0.9795464409722222,metal_unet_clahe_r34,Metal-U-Net CLAHE (ResNet34),metallography,micrograph-contrast,Unet,resnet34,clahe_rgb,24.438109,5.648527383804321
418-17-4ph-x5,418 Printed 17-4 PH Steel,Steel,x5 (11).jpg,0.7621538864811968,0.8482521261686768,0.9755588107638888,metal_unet_clahe_r34,Metal-U-Net CLAHE (ResNet34),metallography,micrograph-contrast,Unet,resnet34,clahe_rgb,24.438109,5.648527383804321
418-17-4ph-x5,418 Printed 17-4 PH Steel,Steel,x5 (12).jpg,0.7714160878709024,0.8555792827415866,0.9774576822916666,metal_unet_clahe_r34,Metal-U-Net CLAHE (ResNet34),metallography,micrograph-contrast,Unet,resnet34,clahe_rgb,24.438109,5.648527383804321
418-17-4ph-x5,418 Printed 17-4 PH Steel,Steel,x5 (13).jpg,0.7438179187635008,0.8317305631367617,0.9800347222222222,metal_unet_clahe_r34,Metal-U-Net CLAHE (ResNet34),metallography,micrograph-contrast,Unet,resnet34,clahe_rgb,24.438109,5.648527383804321
418-17-4ph-x5,418 Printed 17-4 PH Steel,Steel,x5 (14).jpg,0.796489825138073,0.874894066539386,0.9812282986111112,metal_unet_clahe_r34,Metal-U-Net CLAHE (ResNet34),metallography,micrograph-contrast,Unet,resnet34,clahe_rgb,24.438109,5.648527383804321
418-17-4ph-x5,418 Printed 17-4 PH Steel,Steel,x5 (15).jpg,0.8107697932516327,0.8885486351019741,0.9578450520833334,metal_unet_clahe_r34,Metal-U-Net CLAHE (ResNet34),metallography,micrograph-contrast,Unet,resnet34,clahe_rgb,24.438109,5.648527383804321
418-17-4ph-x5,418 Printed 17-4 PH Steel,Steel,x5 (16).jpg,0.7837266965646594,0.8685707701779672,0.9562174479166666,metal_unet_clahe_r34,Metal-U-Net CLAHE (ResNet34),metallography,micrograph-contrast,Unet,resnet34,clahe_rgb,24.438109,5.648527383804321
418-17-4ph-x5,418 Printed 17-4 PH Steel,Steel,x5 (17).jpg,0.8471685856985596,0.913605639551331,0.9595811631944444,metal_unet_clahe_r34,Metal-U-Net CLAHE (ResNet34),metallography,micrograph-contrast,Unet,resnet34,clahe_rgb,24.438109,5.648527383804321
418-17-4ph-x5,418 Printed 17-4 PH Steel,Steel,x5 (18).jpg,0.6696696698409121,0.767499996737776,0.9512261284722222,metal_unet_clahe_r34,Metal-U-Net CLAHE (ResNet34),metallography,micrograph-contrast,Unet,resnet34,clahe_rgb,24.438109,5.648527383804321
418-17-4ph-x5,418 Printed 17-4 PH Steel,Steel,x5 (19).jpg,0.7515057076826108,0.8396566722728064,0.9733072916666666,metal_unet_clahe_r34,Metal-U-Net CLAHE (ResNet34),metallography,micrograph-contrast,Unet,resnet34,clahe_rgb,24.438109,5.648527383804321
418-17-4ph-x5,418 Printed 17-4 PH Steel,Steel,x5 (20).jpg,0.7239579472462767,0.8167106487036621,0.9662814670138888,metal_unet_clahe_r34,Metal-U-Net CLAHE (ResNet34),metallography,micrograph-contrast,Unet,resnet34,clahe_rgb,24.438109,5.648527383804321
418-17-4ph-x5,418 Printed 17-4 PH Steel,Steel,x5 (21).jpg,0.7119543026615659,0.8044798393167125,0.97119140625,metal_unet_clahe_r34,Metal-U-Net CLAHE (ResNet34),metallography,micrograph-contrast,Unet,resnet34,clahe_rgb,24.438109,5.648527383804321
418-17-4ph-x5,418 Printed 17-4 PH Steel,Steel,x5 (22).jpg,0.7218893345265595,0.8148371046180866,0.9662000868055556,metal_unet_clahe_r34,Metal-U-Net CLAHE (ResNet34),metallography,micrograph-contrast,Unet,resnet34,clahe_rgb,24.438109,5.648527383804321
418-17-4ph-x5,418 Printed 17-4 PH Steel,Steel,x5 (23).jpg,0.7221217557456703,0.8146466329126107,0.9680989583333334,metal_unet_clahe_r34,Metal-U-Net CLAHE (ResNet34),metallography,micrograph-contrast,Unet,resnet34,clahe_rgb,24.438109,5.648527383804321
418-17-4ph-x5,418 Printed 17-4 PH Steel,Steel,x5 (24).jpg,0.7719850124416339,0.8561219842546351,0.9769694010416666,metal_unet_clahe_r34,Metal-U-Net CLAHE (ResNet34),metallography,micrograph-contrast,Unet,resnet34,clahe_rgb,24.438109,5.648527383804321
418-17-4ph-x5,418 Printed 17-4 PH Steel,Steel,x5 (25).jpg,0.7111734833631992,0.8047488095471178,0.9667426215277778,metal_unet_clahe_r34,Metal-U-Net CLAHE (ResNet34),metallography,micrograph-contrast,Unet,resnet34,clahe_rgb,24.438109,5.648527383804321
5884-armor-steel,5884 Armor Steel,Steel,5884 x 5 (1).jpg,0.4784094587306673,0.6463524065326036,0.6495768229166666,metal_unet_clahe_r34,Metal-U-Net CLAHE (ResNet34),metallography,micrograph-contrast,Unet,resnet34,clahe_rgb,24.438109,5.648527383804321
5884-armor-steel,5884 Armor Steel,Steel,5884 x 5 (2).jpg,0.5563023841075816,0.713505138059777,0.7197808159722222,metal_unet_clahe_r34,Metal-U-Net CLAHE (ResNet34),metallography,micrograph-contrast,Unet,resnet34,clahe_rgb,24.438109,5.648527383804321
5884-armor-steel,5884 Armor Steel,Steel,5884 x 5 (3).jpg,0.578343210767432,0.7323018585532174,0.7348904079861112,metal_unet_clahe_r34,Metal-U-Net CLAHE (ResNet34),metallography,micrograph-contrast,Unet,resnet34,clahe_rgb,24.438109,5.648527383804321
5884-armor-steel,5884 Armor Steel,Steel,5884 x 5 (4).jpg,0.5231846234135183,0.6819589277806795,0.7026909722222222,metal_unet_clahe_r34,Metal-U-Net CLAHE (ResNet34),metallography,micrograph-contrast,Unet,resnet34,clahe_rgb,24.438109,5.648527383804321
5884-armor-steel,5884 Armor Steel,Steel,5884 x 5 (5).jpg,0.544749816122744,0.705219060556145,0.7055392795138888,metal_unet_clahe_r34,Metal-U-Net CLAHE (ResNet34),metallography,micrograph-contrast,Unet,resnet34,clahe_rgb,24.438109,5.648527383804321
5884-armor-steel,5884 Armor Steel,Steel,5884 x 10 (1).jpg,0.6651749663713528,0.7988244460857321,0.7994249131944444,metal_unet_clahe_r34,Metal-U-Net CLAHE (ResNet34),metallography,micrograph-contrast,Unet,resnet34,clahe_rgb,24.438109,5.648527383804321
5884-armor-steel,5884 Armor Steel,Steel,5884 x 10 (2).jpg,0.6897627550051286,0.8160117920683034,0.8185221354166666,metal_unet_clahe_r34,Metal-U-Net CLAHE (ResNet34),metallography,micrograph-contrast,Unet,resnet34,clahe_rgb,24.438109,5.648527383804321
5884-armor-steel,5884 Armor Steel,Steel,5884 x 10 (3).jpg,0.6369422508807852,0.7711765456379498,0.8089463975694444,metal_unet_clahe_r34,Metal-U-Net CLAHE (ResNet34),metallography,micrograph-contrast,Unet,resnet34,clahe_rgb,24.438109,5.648527383804321
5884-armor-steel,5884 Armor Steel,Steel,5884 x 10 (4).jpg,0.6836678828863316,0.8095542872904027,0.8255750868055556,metal_unet_clahe_r34,Metal-U-Net CLAHE (ResNet34),metallography,micrograph-contrast,Unet,resnet34,clahe_rgb,24.438109,5.648527383804321
5884-armor-steel,5884 Armor Steel,Steel,5884 x 10 (5).jpg,0.6468640424996435,0.7821266627840743,0.8013780381944444,metal_unet_clahe_r34,Metal-U-Net CLAHE (ResNet34),metallography,micrograph-contrast,Unet,resnet34,clahe_rgb,24.438109,5.648527383804321
5884-armor-steel,5884 Armor Steel,Steel,5884 x 10 (6).jpg,0.6097817927092519,0.7497550965392423,0.7889268663194444,metal_unet_clahe_r34,Metal-U-Net CLAHE (ResNet34),metallography,micrograph-contrast,Unet,resnet34,clahe_rgb,24.438109,5.648527383804321
5884-armor-steel,5884 Armor Steel,Steel,5884 x 20 (1).jpg,0.5929197190439633,0.7322427854256625,0.7900119357638888,metal_unet_clahe_r34,Metal-U-Net CLAHE (ResNet34),metallography,micrograph-contrast,Unet,resnet34,clahe_rgb,24.438109,5.648527383804321
5884-armor-steel,5884 Armor Steel,Steel,5884 x 20 (2).jpg,0.6116555462563953,0.7495718977863202,0.7968478732638888,metal_unet_clahe_r34,Metal-U-Net CLAHE (ResNet34),metallography,micrograph-contrast,Unet,resnet34,clahe_rgb,24.438109,5.648527383804321
5884-armor-steel,5884 Armor Steel,Steel,5884 x 20 (3).jpg,0.7765743475479083,0.8740154811820294,0.8760036892361112,metal_unet_clahe_r34,Metal-U-Net CLAHE (ResNet34),metallography,micrograph-contrast,Unet,resnet34,clahe_rgb,24.438109,5.648527383804321
5884-armor-steel,5884 Armor Steel,Steel,5884 x 20 (4).jpg,0.6120382400698003,0.7550833629422602,0.7766927083333334,metal_unet_clahe_r34,Metal-U-Net CLAHE (ResNet34),metallography,micrograph-contrast,Unet,resnet34,clahe_rgb,24.438109,5.648527383804321
5884-armor-steel,5884 Armor Steel,Steel,5884 x 20 (5).jpg,0.629371515129657,0.7714332457173538,0.77734375,metal_unet_clahe_r34,Metal-U-Net CLAHE (ResNet34),metallography,micrograph-contrast,Unet,resnet34,clahe_rgb,24.438109,5.648527383804321
5884-armor-steel,5884 Armor Steel,Steel,5884 x 20 (6).jpg,0.5671449377391631,0.7226044541190464,0.7280815972222222,metal_unet_clahe_r34,Metal-U-Net CLAHE (ResNet34),metallography,micrograph-contrast,Unet,resnet34,clahe_rgb,24.438109,5.648527383804321
5884-armor-steel,5884 Armor Steel,Steel,5884 x 50 (1).jpg,0.6355756462075106,0.7742450859848391,0.7902289496527778,metal_unet_clahe_r34,Metal-U-Net CLAHE (ResNet34),metallography,micrograph-contrast,Unet,resnet34,clahe_rgb,24.438109,5.648527383804321
5884-armor-steel,5884 Armor Steel,Steel,5884 x 50 (2).jpg,0.6030507006625718,0.7391591293725793,0.8030598958333334,metal_unet_clahe_r34,Metal-U-Net CLAHE (ResNet34),metallography,micrograph-contrast,Unet,resnet34,clahe_rgb,24.438109,5.648527383804321
5884-armor-steel,5884 Armor Steel,Steel,5884 x 50 (3).jpg,0.5955616130121799,0.7440779066912593,0.7560763888888888,metal_unet_clahe_r34,Metal-U-Net CLAHE (ResNet34),metallography,micrograph-contrast,Unet,resnet34,clahe_rgb,24.438109,5.648527383804321
5884-armor-steel,5884 Armor Steel,Steel,5884 x 50 (4).jpg,0.5530728436183059,0.7035175352791632,0.7416178385416666,metal_unet_clahe_r34,Metal-U-Net CLAHE (ResNet34),metallography,micrograph-contrast,Unet,resnet34,clahe_rgb,24.438109,5.648527383804321
6280-cast-iron-high,6280 Gray Cast Iron,Cast Iron,6280 x 20 (1).jpg,0.5533182015986745,0.6652418442613135,0.8534071180555556,metal_unet_clahe_r34,Metal-U-Net CLAHE (ResNet34),metallography,micrograph-contrast,Unet,resnet34,clahe_rgb,24.438109,5.648527383804321
6280-cast-iron-high,6280 Gray Cast Iron,Cast Iron,6280 x 20 (2).jpg,0.5556047393539943,0.668395457763664,0.8528374565972222,metal_unet_clahe_r34,Metal-U-Net CLAHE (ResNet34),metallography,micrograph-contrast,Unet,resnet34,clahe_rgb,24.438109,5.648527383804321
6280-cast-iron-high,6280 Gray Cast Iron,Cast Iron,6280 x 20 (3).jpg,0.5615964829963997,0.6788826187114717,0.8449978298611112,metal_unet_clahe_r34,Metal-U-Net CLAHE (ResNet34),metallography,micrograph-contrast,Unet,resnet34,clahe_rgb,24.438109,5.648527383804321
6280-cast-iron-high,6280 Gray Cast Iron,Cast Iron,6280 x 20 (4).jpg,0.5630102529596674,0.6740144831838026,0.8627658420138888,metal_unet_clahe_r34,Metal-U-Net CLAHE (ResNet34),metallography,micrograph-contrast,Unet,resnet34,clahe_rgb,24.438109,5.648527383804321
6280-cast-iron-high,6280 Gray Cast Iron,Cast Iron,6280 x 20 (5).jpg,0.5435770567773234,0.6499739243290631,0.8595377604166666,metal_unet_clahe_r34,Metal-U-Net CLAHE (ResNet34),metallography,micrograph-contrast,Unet,resnet34,clahe_rgb,24.438109,5.648527383804321
6280-cast-iron-high,6280 Gray Cast Iron,Cast Iron,6280 x 20 (6).jpg,0.5642518262080958,0.6758593333927732,0.8620334201388888,metal_unet_clahe_r34,Metal-U-Net CLAHE (ResNet34),metallography,micrograph-contrast,Unet,resnet34,clahe_rgb,24.438109,5.648527383804321
6280-cast-iron-high,6280 Gray Cast Iron,Cast Iron,6280 x 20 (7).jpg,0.588159535519594,0.6964977469283996,0.8862575954861112,metal_unet_clahe_r34,Metal-U-Net CLAHE (ResNet34),metallography,micrograph-contrast,Unet,resnet34,clahe_rgb,24.438109,5.648527383804321
6280-cast-iron-high,6280 Gray Cast Iron,Cast Iron,6280 x 20 (8).jpg,0.5572285836867714,0.6680117117202158,0.8592122395833334,metal_unet_clahe_r34,Metal-U-Net CLAHE (ResNet34),metallography,micrograph-contrast,Unet,resnet34,clahe_rgb,24.438109,5.648527383804321
6280-cast-iron-high,6280 Gray Cast Iron,Cast Iron,6280 x 20 (9).jpg,0.5343859411195109,0.6370556384515859,0.8604600694444444,metal_unet_clahe_r34,Metal-U-Net CLAHE (ResNet34),metallography,micrograph-contrast,Unet,resnet34,clahe_rgb,24.438109,5.648527383804321
6280-cast-iron-high,6280 Gray Cast Iron,Cast Iron,6280 x 20 (10).jpg,0.5778154750894811,0.6875953110168317,0.8759223090277778,metal_unet_clahe_r34,Metal-U-Net CLAHE (ResNet34),metallography,micrograph-contrast,Unet,resnet34,clahe_rgb,24.438109,5.648527383804321
6280-cast-iron-low,6280 Gray Cast Iron,Cast Iron,6280 x 10 (1).jpg,0.5939686116010935,0.7391514739147486,0.7940266927083334,metal_unet_clahe_r34,Metal-U-Net CLAHE (ResNet34),metallography,micrograph-contrast,Unet,resnet34,clahe_rgb,24.438109,5.648527383804321
6280-cast-iron-low,6280 Gray Cast Iron,Cast Iron,6280 x 10 (2).jpg,0.5946595403746937,0.7398243037193789,0.7952745225694444,metal_unet_clahe_r34,Metal-U-Net CLAHE (ResNet34),metallography,micrograph-contrast,Unet,resnet34,clahe_rgb,24.438109,5.648527383804321
6280-cast-iron-low,6280 Gray Cast Iron,Cast Iron,6280 x 10 (3).jpg,0.5869031719998575,0.7305455800610966,0.7993706597222222,metal_unet_clahe_r34,Metal-U-Net CLAHE (ResNet34),metallography,micrograph-contrast,Unet,resnet34,clahe_rgb,24.438109,5.648527383804321
6280-cast-iron-low,6280 Gray Cast Iron,Cast Iron,6280 x 10 (4).jpg,0.6051622573677963,0.7468805966640799,0.8083767361111112,metal_unet_clahe_r34,Metal-U-Net CLAHE (ResNet34),metallography,micrograph-contrast,Unet,resnet34,clahe_rgb,24.438109,5.648527383804321
6280-cast-iron-low,6280 Gray Cast Iron,Cast Iron,6280 x 10 (5).jpg,0.47004754126077763,0.6301269054640707,0.7007649739583334,metal_unet_clahe_r34,Metal-U-Net CLAHE (ResNet34),metallography,micrograph-contrast,Unet,resnet34,clahe_rgb,24.438109,5.648527383804321
6280-cast-iron-low,6280 Gray Cast Iron,Cast Iron,6280 x 10 (6).jpg,0.574966916770939,0.7227429140431695,0.7837456597222222,metal_unet_clahe_r34,Metal-U-Net CLAHE (ResNet34),metallography,micrograph-contrast,Unet,resnet34,clahe_rgb,24.438109,5.648527383804321
6280-cast-iron-low,6280 Gray Cast Iron,Cast Iron,6280 x 10 (7).jpg,0.607207122037392,0.7516132554978786,0.7921278211805556,metal_unet_clahe_r34,Metal-U-Net CLAHE (ResNet34),metallography,micrograph-contrast,Unet,resnet34,clahe_rgb,24.438109,5.648527383804321
6280-cast-iron-low,6280 Gray Cast Iron,Cast Iron,6280 x 10 (8).jpg,0.5711410165911232,0.718141680509604,0.7864040798611112,metal_unet_clahe_r34,Metal-U-Net CLAHE (ResNet34),metallography,micrograph-contrast,Unet,resnet34,clahe_rgb,24.438109,5.648527383804321
6280-cast-iron-low,6280 Gray Cast Iron,Cast Iron,6280 x 10 (9).jpg,0.520944370863312,0.6786141150481096,0.7345648871527778,metal_unet_clahe_r34,Metal-U-Net CLAHE (ResNet34),metallography,micrograph-contrast,Unet,resnet34,clahe_rgb,24.438109,5.648527383804321
6280-cast-iron-low,6280 Gray Cast Iron,Cast Iron,6280 x 10 (10).jpg,0.5885347441623713,0.7298235720047787,0.8034125434027778,metal_unet_clahe_r34,Metal-U-Net CLAHE (ResNet34),metallography,micrograph-contrast,Unet,resnet34,clahe_rgb,24.438109,5.648527383804321
6280-cast-iron-low,6280 Gray Cast Iron,Cast Iron,6280 x 10 (11).jpg,0.5774366572610182,0.7230908408951029,0.7876790364583334,metal_unet_clahe_r34,Metal-U-Net CLAHE (ResNet34),metallography,micrograph-contrast,Unet,resnet34,clahe_rgb,24.438109,5.648527383804321
4130-steel,4130 Steel,Steel,4130 x 10 (1).jpg,0.6459060092600444,0.7842798845333213,0.7875705295138888,metal_unet_edge4_r34,Metal-U-Net RGB+Sobel (ResNet34),metallography,edge-aware,Unet,resnet34,edge4,24.441245,5.60275673866272
4130-steel,4130 Steel,Steel,4130 x 10 (2).jpg,0.5225164416452208,0.6854801129550598,0.6892632378472222,metal_unet_edge4_r34,Metal-U-Net RGB+Sobel (ResNet34),metallography,edge-aware,Unet,resnet34,edge4,24.441245,5.60275673866272
4130-steel,4130 Steel,Steel,4130 x 10 (3).jpg,0.5296284009544914,0.6904106438137487,0.69921875,metal_unet_edge4_r34,Metal-U-Net RGB+Sobel (ResNet34),metallography,edge-aware,Unet,resnet34,edge4,24.441245,5.60275673866272
4130-steel,4130 Steel,Steel,4130 x 10 (4).jpg,0.5152304917512377,0.676878752244741,0.68994140625,metal_unet_edge4_r34,Metal-U-Net RGB+Sobel (ResNet34),metallography,edge-aware,Unet,resnet34,edge4,24.441245,5.60275673866272
4130-steel,4130 Steel,Steel,4130 x 10 (5).jpg,0.5424328999363388,0.7011517614350619,0.710693359375,metal_unet_edge4_r34,Metal-U-Net RGB+Sobel (ResNet34),metallography,edge-aware,Unet,resnet34,edge4,24.441245,5.60275673866272
4130-steel,4130 Steel,Steel,4130 x 10 (6).jpg,0.6776123926005507,0.8073687576386641,0.8102213541666666,metal_unet_edge4_r34,Metal-U-Net RGB+Sobel (ResNet34),metallography,edge-aware,Unet,resnet34,edge4,24.441245,5.60275673866272
4130-steel,4130 Steel,Steel,4130 x 10 (7).jpg,0.6731143277822981,0.8041125746233299,0.8072374131944444,metal_unet_edge4_r34,Metal-U-Net RGB+Sobel (ResNet34),metallography,edge-aware,Unet,resnet34,edge4,24.441245,5.60275673866272
4130-steel,4130 Steel,Steel,4130 x 10 (8).jpg,0.6748081027249442,0.8057555663412759,0.8062337239583334,metal_unet_edge4_r34,Metal-U-Net RGB+Sobel (ResNet34),metallography,edge-aware,Unet,resnet34,edge4,24.441245,5.60275673866272
4130-steel,4130 Steel,Steel,4130 x 10 (9).jpg,0.6832052118960439,0.8115906803121595,0.8128526475694444,metal_unet_edge4_r34,Metal-U-Net RGB+Sobel (ResNet34),metallography,edge-aware,Unet,resnet34,edge4,24.441245,5.60275673866272
4130-steel,4130 Steel,Steel,4130 x 10 (10).jpg,0.6817873913456445,0.8107783989518647,0.8108452690972222,metal_unet_edge4_r34,Metal-U-Net RGB+Sobel (ResNet34),metallography,edge-aware,Unet,resnet34,edge4,24.441245,5.60275673866272
4130-steel,4130 Steel,Steel,4130 x 10 (11).jpg,0.6774631588806741,0.8076708370475922,0.8079969618055556,metal_unet_edge4_r34,Metal-U-Net RGB+Sobel (ResNet34),metallography,edge-aware,Unet,resnet34,edge4,24.441245,5.60275673866272
4130-steel,4130 Steel,Steel,4130 x 10 (12).jpg,0.6858849880419535,0.8136616578575389,0.8137749565972222,metal_unet_edge4_r34,Metal-U-Net RGB+Sobel (ResNet34),metallography,edge-aware,Unet,resnet34,edge4,24.441245,5.60275673866272
4130-steel,4130 Steel,Steel,4130 x 10 (13).jpg,0.6713344916781349,0.8033447674359604,0.8033854166666666,metal_unet_edge4_r34,Metal-U-Net RGB+Sobel (ResNet34),metallography,edge-aware,Unet,resnet34,edge4,24.441245,5.60275673866272
4130-steel,4130 Steel,Steel,4130 x 10 (14).jpg,0.6789121271034597,0.8086322460195962,0.8093804253472222,metal_unet_edge4_r34,Metal-U-Net RGB+Sobel (ResNet34),metallography,edge-aware,Unet,resnet34,edge4,24.441245,5.60275673866272
4130-steel,4130 Steel,Steel,4130 x 10 (15).jpg,0.6552563525156228,0.7916955006454494,0.7918836805555556,metal_unet_edge4_r34,Metal-U-Net RGB+Sobel (ResNet34),metallography,edge-aware,Unet,resnet34,edge4,24.441245,5.60275673866272
4130-steel,4130 Steel,Steel,4130 x 10 (16).jpg,0.6476685450058411,0.7860831835562052,0.7865397135416666,metal_unet_edge4_r34,Metal-U-Net RGB+Sobel (ResNet34),metallography,edge-aware,Unet,resnet34,edge4,24.441245,5.60275673866272
4130-steel,4130 Steel,Steel,4130 x 10 (17).jpg,0.6711445115612498,0.8030750922077871,0.8039279513888888,metal_unet_edge4_r34,Metal-U-Net RGB+Sobel (ResNet34),metallography,edge-aware,Unet,resnet34,edge4,24.441245,5.60275673866272
4130-steel,4130 Steel,Steel,4130 x 10 (18).jpg,0.6710593411995157,0.8031516577959363,0.8031684027777778,metal_unet_edge4_r34,Metal-U-Net RGB+Sobel (ResNet34),metallography,edge-aware,Unet,resnet34,edge4,24.441245,5.60275673866272
4130-steel,4130 Steel,Steel,4130 x 10 (19).jpg,0.6820161094520374,0.8109142682241757,0.8111436631944444,metal_unet_edge4_r34,Metal-U-Net RGB+Sobel (ResNet34),metallography,edge-aware,Unet,resnet34,edge4,24.441245,5.60275673866272
4130-steel,4130 Steel,Steel,4130 x 10 (20).jpg,0.6727073125119375,0.8040356160001632,0.8058539496527778,metal_unet_edge4_r34,Metal-U-Net RGB+Sobel (ResNet34),metallography,edge-aware,Unet,resnet34,edge4,24.441245,5.60275673866272
4130-steel,4130 Steel,Steel,4130 x 20 (1).jpg,0.5806731131372076,0.7307619645606687,0.7494032118055556,metal_unet_edge4_r34,Metal-U-Net RGB+Sobel (ResNet34),metallography,edge-aware,Unet,resnet34,edge4,24.441245,5.60275673866272
4130-steel,4130 Steel,Steel,4130 x 20 (2).jpg,0.5607998632771316,0.7155008254622852,0.7295193142361112,metal_unet_edge4_r34,Metal-U-Net RGB+Sobel (ResNet34),metallography,edge-aware,Unet,resnet34,edge4,24.441245,5.60275673866272
4130-steel,4130 Steel,Steel,4130 x 20 (3).jpg,0.5801699929001972,0.7321021937350976,0.7425672743055556,metal_unet_edge4_r34,Metal-U-Net RGB+Sobel (ResNet34),metallography,edge-aware,Unet,resnet34,edge4,24.441245,5.60275673866272
4130-steel,4130 Steel,Steel,4130 x 20 (4).jpg,0.492045329965365,0.6510478199983526,0.6839463975694444,metal_unet_edge4_r34,Metal-U-Net RGB+Sobel (ResNet34),metallography,edge-aware,Unet,resnet34,edge4,24.441245,5.60275673866272
4130-steel,4130 Steel,Steel,4130 x 20 (5).jpg,0.7465286920930979,0.8547728010853795,0.8555501302083334,metal_unet_edge4_r34,Metal-U-Net RGB+Sobel (ResNet34),metallography,edge-aware,Unet,resnet34,edge4,24.441245,5.60275673866272
4130-steel,4130 Steel,Steel,4130 x 20 (6).jpg,0.78157883069221,0.8773152963580138,0.8780924479166666,metal_unet_edge4_r34,Metal-U-Net RGB+Sobel (ResNet34),metallography,edge-aware,Unet,resnet34,edge4,24.441245,5.60275673866272
4130-steel,4130 Steel,Steel,4130 x 20 (7).jpg,0.7785270035725842,0.8754315811111458,0.8758138020833334,metal_unet_edge4_r34,Metal-U-Net RGB+Sobel (ResNet34),metallography,edge-aware,Unet,resnet34,edge4,24.441245,5.60275673866272
4130-steel,4130 Steel,Steel,4130 x 20 (8).jpg,0.7736934489893108,0.8723037873641095,0.8732367621527778,metal_unet_edge4_r34,Metal-U-Net RGB+Sobel (ResNet34),metallography,edge-aware,Unet,resnet34,edge4,24.441245,5.60275673866272
4130-steel,4130 Steel,Steel,4130 x 20 (9).jpg,0.7803620847697819,0.8765868056423558,0.8770073784722222,metal_unet_edge4_r34,Metal-U-Net RGB+Sobel (ResNet34),metallography,edge-aware,Unet,resnet34,edge4,24.441245,5.60275673866272
4130-steel,4130 Steel,Steel,4130 x 20 (10).jpg,0.782049894987301,0.8776884113946157,0.8777669270833334,metal_unet_edge4_r34,Metal-U-Net RGB+Sobel (ResNet34),metallography,edge-aware,Unet,resnet34,edge4,24.441245,5.60275673866272
4130-steel,4130 Steel,Steel,4130 x 20 (11).jpg,0.7644422839890928,0.8664812655248844,0.8666178385416666,metal_unet_edge4_r34,Metal-U-Net RGB+Sobel (ResNet34),metallography,edge-aware,Unet,resnet34,edge4,24.441245,5.60275673866272
4130-steel,4130 Steel,Steel,4130 x 20 (12).jpg,0.7773492111887172,0.8747287322701605,0.8747287326388888,metal_unet_edge4_r34,Metal-U-Net RGB+Sobel (ResNet34),metallography,edge-aware,Unet,resnet34,edge4,24.441245,5.60275673866272
4130-steel,4130 Steel,Steel,4130 x 20 (13).jpg,0.7782325951443829,0.8752762617005989,0.8753797743055556,metal_unet_edge4_r34,Metal-U-Net RGB+Sobel (ResNet34),metallography,edge-aware,Unet,resnet34,edge4,24.441245,5.60275673866272
4130-steel,4130 Steel,Steel,4130 x 20 (14).jpg,0.7699351586369838,0.8700053575701379,0.8700900607638888,metal_unet_edge4_r34,Metal-U-Net RGB+Sobel (ResNet34),metallography,edge-aware,Unet,resnet34,edge4,24.441245,5.60275673866272
4130-steel,4130 Steel,Steel,4130 x 20 (15).jpg,0.7784202392580745,0.875382686463574,0.8755967881944444,metal_unet_edge4_r34,Metal-U-Net RGB+Sobel (ResNet34),metallography,edge-aware,Unet,resnet34,edge4,24.441245,5.60275673866272
4130-steel,4130 Steel,Steel,4130 x 20 (16).jpg,0.7644043808221095,0.8663230975251823,0.8675944010416666,metal_unet_edge4_r34,Metal-U-Net RGB+Sobel (ResNet34),metallography,edge-aware,Unet,resnet34,edge4,24.441245,5.60275673866272
4130-steel,4130 Steel,Steel,4130 x 20 (17).jpg,0.7543896791747491,0.8598774685454003,0.8608940972222222,metal_unet_edge4_r34,Metal-U-Net RGB+Sobel (ResNet34),metallography,edge-aware,Unet,resnet34,edge4,24.441245,5.60275673866272
4130-steel,4130 Steel,Steel,4130 x 20 (18).jpg,0.7734575486648518,0.8718596048973128,0.8753797743055556,metal_unet_edge4_r34,Metal-U-Net RGB+Sobel (ResNet34),metallography,edge-aware,Unet,resnet34,edge4,24.441245,5.60275673866272
4130-steel,4130 Steel,Steel,4130 x 20 (19).jpg,0.7845362980916637,0.8790246138445175,0.8812120225694444,metal_unet_edge4_r34,Metal-U-Net RGB+Sobel (ResNet34),metallography,edge-aware,Unet,resnet34,edge4,24.441245,5.60275673866272
4130-steel,4130 Steel,Steel,4130 x 20 (20).jpg,0.7679154571843251,0.8684409973160478,0.8708767361111112,metal_unet_edge4_r34,Metal-U-Net RGB+Sobel (ResNet34),metallography,edge-aware,Unet,resnet34,edge4,24.441245,5.60275673866272
418-17-4ph-x20,418 Printed 17-4 PH Steel,Steel,x20 (1).jpg,0.31285775253677206,0.47464751222842544,0.4803331163194444,metal_unet_edge4_r34,Metal-U-Net RGB+Sobel (ResNet34),metallography,edge-aware,Unet,resnet34,edge4,24.441245,5.60275673866272
418-17-4ph-x20,418 Printed 17-4 PH Steel,Steel,x20 (2).jpg,0.24881902550035748,0.397716128074897,0.3997667100694444,metal_unet_edge4_r34,Metal-U-Net RGB+Sobel (ResNet34),metallography,edge-aware,Unet,resnet34,edge4,24.441245,5.60275673866272
418-17-4ph-x20,418 Printed 17-4 PH Steel,Steel,x20 (3).jpg,0.22411822761751998,0.36369435287129726,0.3700629340277778,metal_unet_edge4_r34,Metal-U-Net RGB+Sobel (ResNet34),metallography,edge-aware,Unet,resnet34,edge4,24.441245,5.60275673866272
418-17-4ph-x20,418 Printed 17-4 PH Steel,Steel,x20 (4).jpg,0.18967084657939756,0.3174844354909643,0.3208821614583333,metal_unet_edge4_r34,Metal-U-Net RGB+Sobel (ResNet34),metallography,edge-aware,Unet,resnet34,edge4,24.441245,5.60275673866272
418-17-4ph-x20,418 Printed 17-4 PH Steel,Steel,x20 (5).jpg,0.20913212284107838,0.3438033808993223,0.3491482204861111,metal_unet_edge4_r34,Metal-U-Net RGB+Sobel (ResNet34),metallography,edge-aware,Unet,resnet34,edge4,24.441245,5.60275673866272
418-17-4ph-x20,418 Printed 17-4 PH Steel,Steel,x20 (6).jpg,0.3468100941328979,0.514552899338445,0.5159505208333334,metal_unet_edge4_r34,Metal-U-Net RGB+Sobel (ResNet34),metallography,edge-aware,Unet,resnet34,edge4,24.441245,5.60275673866272
418-17-4ph-x20,418 Printed 17-4 PH Steel,Steel,x20 (7).jpg,0.3186454408259495,0.48177493772540936,0.4862196180555556,metal_unet_edge4_r34,Metal-U-Net RGB+Sobel (ResNet34),metallography,edge-aware,Unet,resnet34,edge4,24.441245,5.60275673866272
418-17-4ph-x20,418 Printed 17-4 PH Steel,Steel,x20 (8).jpg,0.21084790951285906,0.3481488442912497,0.3484429253472222,metal_unet_edge4_r34,Metal-U-Net RGB+Sobel (ResNet34),metallography,edge-aware,Unet,resnet34,edge4,24.441245,5.60275673866272
418-17-4ph-x20,418 Printed 17-4 PH Steel,Steel,x20 (9).jpg,0.4604056702833802,0.6287793962627433,0.6351996527777778,metal_unet_edge4_r34,Metal-U-Net RGB+Sobel (ResNet34),metallography,edge-aware,Unet,resnet34,edge4,24.441245,5.60275673866272
418-17-4ph-x20,418 Printed 17-4 PH Steel,Steel,x20 (10).jpg,0.27368000108682344,0.429656969170647,0.4299045138888889,metal_unet_edge4_r34,Metal-U-Net RGB+Sobel (ResNet34),metallography,edge-aware,Unet,resnet34,edge4,24.441245,5.60275673866272
418-17-4ph-x20,418 Printed 17-4 PH Steel,Steel,x20 (11).jpg,0.40156962993824896,0.47014691525226565,0.7671983506944444,metal_unet_edge4_r34,Metal-U-Net RGB+Sobel (ResNet34),metallography,edge-aware,Unet,resnet34,edge4,24.441245,5.60275673866272
418-17-4ph-x20,418 Printed 17-4 PH Steel,Steel,x20 (12).jpg,0.39756763103654785,0.4641085834092983,0.7645670572916666,metal_unet_edge4_r34,Metal-U-Net RGB+Sobel (ResNet34),metallography,edge-aware,Unet,resnet34,edge4,24.441245,5.60275673866272
418-17-4ph-x20,418 Printed 17-4 PH Steel,Steel,x20 (13).jpg,0.4475423416285755,0.482725776170105,0.8805338541666666,metal_unet_edge4_r34,Metal-U-Net RGB+Sobel (ResNet34),metallography,edge-aware,Unet,resnet34,edge4,24.441245,5.60275673866272
418-17-4ph-x20,418 Printed 17-4 PH Steel,Steel,x20 (14).jpg,0.40362884459029064,0.4568028479699124,0.7929416232638888,metal_unet_edge4_r34,Metal-U-Net RGB+Sobel (ResNet34),metallography,edge-aware,Unet,resnet34,edge4,24.441245,5.60275673866272
418-17-4ph-x20,418 Printed 17-4 PH Steel,Steel,x20 (15).jpg,0.40921874856310253,0.46516689150037865,0.7969292534722222,metal_unet_edge4_r34,Metal-U-Net RGB+Sobel (ResNet34),metallography,edge-aware,Unet,resnet34,edge4,24.441245,5.60275673866272
418-17-4ph-x20,418 Printed 17-4 PH Steel,Steel,x20 (16).jpg,0.40821535622587,0.4712641375893218,0.7849663628472222,metal_unet_edge4_r34,Metal-U-Net RGB+Sobel (ResNet34),metallography,edge-aware,Unet,resnet34,edge4,24.441245,5.60275673866272
418-17-4ph-x20,418 Printed 17-4 PH Steel,Steel,x20 (17).jpg,0.4289417147094113,0.4801755813339108,0.8315700954861112,metal_unet_edge4_r34,Metal-U-Net RGB+Sobel (ResNet34),metallography,edge-aware,Unet,resnet34,edge4,24.441245,5.60275673866272
418-17-4ph-x20,418 Printed 17-4 PH Steel,Steel,x20 (18).jpg,0.4123287991777519,0.4647305342588235,0.8065321180555556,metal_unet_edge4_r34,Metal-U-Net RGB+Sobel (ResNet34),metallography,edge-aware,Unet,resnet34,edge4,24.441245,5.60275673866272
418-17-4ph-x20,418 Printed 17-4 PH Steel,Steel,x20 (19).jpg,0.39914767709599075,0.4602671429764683,0.77490234375,metal_unet_edge4_r34,Metal-U-Net RGB+Sobel (ResNet34),metallography,edge-aware,Unet,resnet34,edge4,24.441245,5.60275673866272
418-17-4ph-x20,418 Printed 17-4 PH Steel,Steel,x20 (20).jpg,0.2974396149556448,0.42862284325947697,0.5107964409722222,metal_unet_edge4_r34,Metal-U-Net RGB+Sobel (ResNet34),metallography,edge-aware,Unet,resnet34,edge4,24.441245,5.60275673866272
418-17-4ph-x20,418 Printed 17-4 PH Steel,Steel,x20 (21).jpg,0.35631640138600434,0.4924278643038026,0.5904134114583334,metal_unet_edge4_r34,Metal-U-Net RGB+Sobel (ResNet34),metallography,edge-aware,Unet,resnet34,edge4,24.441245,5.60275673866272
418-17-4ph-x5,418 Printed 17-4 PH Steel,Steel,x5 (1).jpg,0.5200043948335569,0.6060650626713695,0.8825954861111112,metal_unet_edge4_r34,Metal-U-Net RGB+Sobel (ResNet34),metallography,edge-aware,Unet,resnet34,edge4,24.441245,5.60275673866272
418-17-4ph-x5,418 Printed 17-4 PH Steel,Steel,x5 (2).jpg,0.6149687154292597,0.7135217198993494,0.9293619791666666,metal_unet_edge4_r34,Metal-U-Net RGB+Sobel (ResNet34),metallography,edge-aware,Unet,resnet34,edge4,24.441245,5.60275673866272
418-17-4ph-x5,418 Printed 17-4 PH Steel,Steel,x5 (3).jpg,0.6160287443270515,0.7056512281787277,0.9551866319444444,metal_unet_edge4_r34,Metal-U-Net RGB+Sobel (ResNet34),metallography,edge-aware,Unet,resnet34,edge4,24.441245,5.60275673866272
418-17-4ph-x5,418 Printed 17-4 PH Steel,Steel,x5 (4).jpg,0.5111139941186645,0.5945782890238507,0.8784722222222222,metal_unet_edge4_r34,Metal-U-Net RGB+Sobel (ResNet34),metallography,edge-aware,Unet,resnet34,edge4,24.441245,5.60275673866272
418-17-4ph-x5,418 Printed 17-4 PH Steel,Steel,x5 (5).jpg,0.6774562223074901,0.7888558381318769,0.8970540364583334,metal_unet_edge4_r34,Metal-U-Net RGB+Sobel (ResNet34),metallography,edge-aware,Unet,resnet34,edge4,24.441245,5.60275673866272
418-17-4ph-x5,418 Printed 17-4 PH Steel,Steel,x5 (6).jpg,0.531366844073973,0.6220540420401962,0.88427734375,metal_unet_edge4_r34,Metal-U-Net RGB+Sobel (ResNet34),metallography,edge-aware,Unet,resnet34,edge4,24.441245,5.60275673866272
418-17-4ph-x5,418 Printed 17-4 PH Steel,Steel,x5 (7).jpg,0.541963734190922,0.6326327097310335,0.8943684895833334,metal_unet_edge4_r34,Metal-U-Net RGB+Sobel (ResNet34),metallography,edge-aware,Unet,resnet34,edge4,24.441245,5.60275673866272
418-17-4ph-x5,418 Printed 17-4 PH Steel,Steel,x5 (8).jpg,0.5602264486068014,0.6436217380347024,0.9272189670138888,metal_unet_edge4_r34,Metal-U-Net RGB+Sobel (ResNet34),metallography,edge-aware,Unet,resnet34,edge4,24.441245,5.60275673866272
418-17-4ph-x5,418 Printed 17-4 PH Steel,Steel,x5 (9).jpg,0.593852004679996,0.6828393391044298,0.9417317708333334,metal_unet_edge4_r34,Metal-U-Net RGB+Sobel (ResNet34),metallography,edge-aware,Unet,resnet34,edge4,24.441245,5.60275673866272
418-17-4ph-x5,418 Printed 17-4 PH Steel,Steel,x5 (10).jpg,0.7073241218141963,0.7999734909736765,0.9715711805555556,metal_unet_edge4_r34,Metal-U-Net RGB+Sobel (ResNet34),metallography,edge-aware,Unet,resnet34,edge4,24.441245,5.60275673866272
418-17-4ph-x5,418 Printed 17-4 PH Steel,Steel,x5 (11).jpg,0.6067222942412931,0.7002434968752329,0.9386664496527778,metal_unet_edge4_r34,Metal-U-Net RGB+Sobel (ResNet34),metallography,edge-aware,Unet,resnet34,edge4,24.441245,5.60275673866272
418-17-4ph-x5,418 Printed 17-4 PH Steel,Steel,x5 (12).jpg,0.6400060949191974,0.7337836563893734,0.9559461805555556,metal_unet_edge4_r34,Metal-U-Net RGB+Sobel (ResNet34),metallography,edge-aware,Unet,resnet34,edge4,24.441245,5.60275673866272
418-17-4ph-x5,418 Printed 17-4 PH Steel,Steel,x5 (13).jpg,0.5736843090321897,0.6563636363636364,0.9407552083333334,metal_unet_edge4_r34,Metal-U-Net RGB+Sobel (ResNet34),metallography,edge-aware,Unet,resnet34,edge4,24.441245,5.60275673866272
418-17-4ph-x5,418 Printed 17-4 PH Steel,Steel,x5 (14).jpg,0.6444406446110239,0.7388394700232939,0.9558648003472222,metal_unet_edge4_r34,Metal-U-Net RGB+Sobel (ResNet34),metallography,edge-aware,Unet,resnet34,edge4,24.441245,5.60275673866272
418-17-4ph-x5,418 Printed 17-4 PH Steel,Steel,x5 (15).jpg,0.7696646216034614,0.8590934477959286,0.9461263020833334,metal_unet_edge4_r34,Metal-U-Net RGB+Sobel (ResNet34),metallography,edge-aware,Unet,resnet34,edge4,24.441245,5.60275673866272
418-17-4ph-x5,418 Printed 17-4 PH Steel,Steel,x5 (16).jpg,0.4796545260911844,0.5960430692433989,0.7777777777777778,metal_unet_edge4_r34,Metal-U-Net RGB+Sobel (ResNet34),metallography,edge-aware,Unet,resnet34,edge4,24.441245,5.60275673866272
418-17-4ph-x5,418 Printed 17-4 PH Steel,Steel,x5 (17).jpg,0.587862825711409,0.7143368848636329,0.8318413628472222,metal_unet_edge4_r34,Metal-U-Net RGB+Sobel (ResNet34),metallography,edge-aware,Unet,resnet34,edge4,24.441245,5.60275673866272
418-17-4ph-x5,418 Printed 17-4 PH Steel,Steel,x5 (18).jpg,0.47423325153963025,0.5591322181697737,0.8344184027777778,metal_unet_edge4_r34,Metal-U-Net RGB+Sobel (ResNet34),metallography,edge-aware,Unet,resnet34,edge4,24.441245,5.60275673866272
418-17-4ph-x5,418 Printed 17-4 PH Steel,Steel,x5 (19).jpg,0.5124179676469446,0.5943406114053605,0.8828938802083334,metal_unet_edge4_r34,Metal-U-Net RGB+Sobel (ResNet34),metallography,edge-aware,Unet,resnet34,edge4,24.441245,5.60275673866272
418-17-4ph-x5,418 Printed 17-4 PH Steel,Steel,x5 (20).jpg,0.5291177378706832,0.6171055890962809,0.8878038194444444,metal_unet_edge4_r34,Metal-U-Net RGB+Sobel (ResNet34),metallography,edge-aware,Unet,resnet34,edge4,24.441245,5.60275673866272
418-17-4ph-x5,418 Printed 17-4 PH Steel,Steel,x5 (21).jpg,0.4885705046357771,0.56339167744539,0.8695203993055556,metal_unet_edge4_r34,Metal-U-Net RGB+Sobel (ResNet34),metallography,edge-aware,Unet,resnet34,edge4,24.441245,5.60275673866272
418-17-4ph-x5,418 Printed 17-4 PH Steel,Steel,x5 (22).jpg,0.4592979505850747,0.5483768607661893,0.8090549045138888,metal_unet_edge4_r34,Metal-U-Net RGB+Sobel (ResNet34),metallography,edge-aware,Unet,resnet34,edge4,24.441245,5.60275673866272
418-17-4ph-x5,418 Printed 17-4 PH Steel,Steel,x5 (23).jpg,0.5091689876729864,0.5906333679431909,0.8802897135416666,metal_unet_edge4_r34,Metal-U-Net RGB+Sobel (ResNet34),metallography,edge-aware,Unet,resnet34,edge4,24.441245,5.60275673866272
418-17-4ph-x5,418 Printed 17-4 PH Steel,Steel,x5 (24).jpg,0.53399706460668,0.6194852462656429,0.8978678385416666,metal_unet_edge4_r34,Metal-U-Net RGB+Sobel (ResNet34),metallography,edge-aware,Unet,resnet34,edge4,24.441245,5.60275673866272
418-17-4ph-x5,418 Printed 17-4 PH Steel,Steel,x5 (25).jpg,0.5242961879533723,0.6063111303757918,0.8952094184027778,metal_unet_edge4_r34,Metal-U-Net RGB+Sobel (ResNet34),metallography,edge-aware,Unet,resnet34,edge4,24.441245,5.60275673866272
5884-armor-steel,5884 Armor Steel,Steel,5884 x 5 (1).jpg,0.4921618361734089,0.6591988129646155,0.6610243055555556,metal_unet_edge4_r34,Metal-U-Net RGB+Sobel (ResNet34),metallography,edge-aware,Unet,resnet34,edge4,24.441245,5.60275673866272
5884-armor-steel,5884 Armor Steel,Steel,5884 x 5 (2).jpg,0.6340171338244842,0.7758846096710874,0.7766384548611112,metal_unet_edge4_r34,Metal-U-Net RGB+Sobel (ResNet34),metallography,edge-aware,Unet,resnet34,edge4,24.441245,5.60275673866272
5884-armor-steel,5884 Armor Steel,Steel,5884 x 5 (3).jpg,0.6424862397380972,0.7822626293031965,0.7826605902777778,metal_unet_edge4_r34,Metal-U-Net RGB+Sobel (ResNet34),metallography,edge-aware,Unet,resnet34,edge4,24.441245,5.60275673866272
5884-armor-steel,5884 Armor Steel,Steel,5884 x 5 (4).jpg,0.4985830628871751,0.6585756923144399,0.6854112413194444,metal_unet_edge4_r34,Metal-U-Net RGB+Sobel (ResNet34),metallography,edge-aware,Unet,resnet34,edge4,24.441245,5.60275673866272
5884-armor-steel,5884 Armor Steel,Steel,5884 x 5 (5).jpg,0.6415003470071483,0.7807101146775586,0.7856716579861112,metal_unet_edge4_r34,Metal-U-Net RGB+Sobel (ResNet34),metallography,edge-aware,Unet,resnet34,edge4,24.441245,5.60275673866272
5884-armor-steel,5884 Armor Steel,Steel,5884 x 10 (1).jpg,0.7344505895897219,0.8468930109035671,0.846923828125,metal_unet_edge4_r34,Metal-U-Net RGB+Sobel (ResNet34),metallography,edge-aware,Unet,resnet34,edge4,24.441245,5.60275673866272
5884-armor-steel,5884 Armor Steel,Steel,5884 x 10 (2).jpg,0.7478024009358895,0.855626546992956,0.8562554253472222,metal_unet_edge4_r34,Metal-U-Net RGB+Sobel (ResNet34),metallography,edge-aware,Unet,resnet34,edge4,24.441245,5.60275673866272
5884-armor-steel,5884 Armor Steel,Steel,5884 x 10 (3).jpg,0.6523881745721656,0.7844377444028137,0.813720703125,metal_unet_edge4_r34,Metal-U-Net RGB+Sobel (ResNet34),metallography,edge-aware,Unet,resnet34,edge4,24.441245,5.60275673866272
5884-armor-steel,5884 Armor Steel,Steel,5884 x 10 (4).jpg,0.7365195656011571,0.8471124529006075,0.8558485243055556,metal_unet_edge4_r34,Metal-U-Net RGB+Sobel (ResNet34),metallography,edge-aware,Unet,resnet34,edge4,24.441245,5.60275673866272
5884-armor-steel,5884 Armor Steel,Steel,5884 x 10 (5).jpg,0.655323560993906,0.7890361825023232,0.8047688802083334,metal_unet_edge4_r34,Metal-U-Net RGB+Sobel (ResNet34),metallography,edge-aware,Unet,resnet34,edge4,24.441245,5.60275673866272
5884-armor-steel,5884 Armor Steel,Steel,5884 x 10 (6).jpg,0.6699625603829953,0.7976842499415219,0.8255208333333334,metal_unet_edge4_r34,Metal-U-Net RGB+Sobel (ResNet34),metallography,edge-aware,Unet,resnet34,edge4,24.441245,5.60275673866272
5884-armor-steel,5884 Armor Steel,Steel,5884 x 20 (1).jpg,0.6908451942406519,0.8074867947357021,0.8674045138888888,metal_unet_edge4_r34,Metal-U-Net RGB+Sobel (ResNet34),metallography,edge-aware,Unet,resnet34,edge4,24.441245,5.60275673866272
5884-armor-steel,5884 Armor Steel,Steel,5884 x 20 (2).jpg,0.7207168175367349,0.830765000375657,0.8786349826388888,metal_unet_edge4_r34,Metal-U-Net RGB+Sobel (ResNet34),metallography,edge-aware,Unet,resnet34,edge4,24.441245,5.60275673866272
5884-armor-steel,5884 Armor Steel,Steel,5884 x 20 (3).jpg,0.8621760358335584,0.925958779995036,0.9263780381944444,metal_unet_edge4_r34,Metal-U-Net RGB+Sobel (ResNet34),metallography,edge-aware,Unet,resnet34,edge4,24.441245,5.60275673866272
5884-armor-steel,5884 Armor Steel,Steel,5884 x 20 (4).jpg,0.736112408786459,0.8446536656543957,0.8695475260416666,metal_unet_edge4_r34,Metal-U-Net RGB+Sobel (ResNet34),metallography,edge-aware,Unet,resnet34,edge4,24.441245,5.60275673866272
5884-armor-steel,5884 Armor Steel,Steel,5884 x 20 (5).jpg,0.7292481877697581,0.842044584383435,0.8521864149305556,metal_unet_edge4_r34,Metal-U-Net RGB+Sobel (ResNet34),metallography,edge-aware,Unet,resnet34,edge4,24.441245,5.60275673866272
5884-armor-steel,5884 Armor Steel,Steel,5884 x 20 (6).jpg,0.6235272706128272,0.7663827601196188,0.7755262586805556,metal_unet_edge4_r34,Metal-U-Net RGB+Sobel (ResNet34),metallography,edge-aware,Unet,resnet34,edge4,24.441245,5.60275673866272
5884-armor-steel,5884 Armor Steel,Steel,5884 x 50 (1).jpg,0.6399643532811674,0.7780525634239156,0.7913140190972222,metal_unet_edge4_r34,Metal-U-Net RGB+Sobel (ResNet34),metallography,edge-aware,Unet,resnet34,edge4,24.441245,5.60275673866272
5884-armor-steel,5884 Armor Steel,Steel,5884 x 50 (2).jpg,0.6614262620091069,0.7889716119628909,0.8305392795138888,metal_unet_edge4_r34,Metal-U-Net RGB+Sobel (ResNet34),metallography,edge-aware,Unet,resnet34,edge4,24.441245,5.60275673866272
5884-armor-steel,5884 Armor Steel,Steel,5884 x 50 (3).jpg,0.6457187764558594,0.7835047117434444,0.7903645833333334,metal_unet_edge4_r34,Metal-U-Net RGB+Sobel (ResNet34),metallography,edge-aware,Unet,resnet34,edge4,24.441245,5.60275673866272
5884-armor-steel,5884 Armor Steel,Steel,5884 x 50 (4).jpg,0.5459548770499212,0.6972516345357164,0.7361924913194444,metal_unet_edge4_r34,Metal-U-Net RGB+Sobel (ResNet34),metallography,edge-aware,Unet,resnet34,edge4,24.441245,5.60275673866272
6280-cast-iron-high,6280 Gray Cast Iron,Cast Iron,6280 x 20 (1).jpg,0.5970005730453978,0.7302003196449081,0.8123372395833334,metal_unet_edge4_r34,Metal-U-Net RGB+Sobel (ResNet34),metallography,edge-aware,Unet,resnet34,edge4,24.441245,5.60275673866272
6280-cast-iron-high,6280 Gray Cast Iron,Cast Iron,6280 x 20 (2).jpg,0.548669002467421,0.6825975560372683,0.7903917100694444,metal_unet_edge4_r34,Metal-U-Net RGB+Sobel (ResNet34),metallography,edge-aware,Unet,resnet34,edge4,24.441245,5.60275673866272
6280-cast-iron-high,6280 Gray Cast Iron,Cast Iron,6280 x 20 (3).jpg,0.5354364919454035,0.6769351158190915,0.7609049479166666,metal_unet_edge4_r34,Metal-U-Net RGB+Sobel (ResNet34),metallography,edge-aware,Unet,resnet34,edge4,24.441245,5.60275673866272
6280-cast-iron-high,6280 Gray Cast Iron,Cast Iron,6280 x 20 (4).jpg,0.5948189983176301,0.7250421455701859,0.8219401041666666,metal_unet_edge4_r34,Metal-U-Net RGB+Sobel (ResNet34),metallography,edge-aware,Unet,resnet34,edge4,24.441245,5.60275673866272
6280-cast-iron-high,6280 Gray Cast Iron,Cast Iron,6280 x 20 (5).jpg,0.5536052034018359,0.6835441291721319,0.8047146267361112,metal_unet_edge4_r34,Metal-U-Net RGB+Sobel (ResNet34),metallography,edge-aware,Unet,resnet34,edge4,24.441245,5.60275673866272
6280-cast-iron-high,6280 Gray Cast Iron,Cast Iron,6280 x 20 (6).jpg,0.6003465148340462,0.7294095399741687,0.8273654513888888,metal_unet_edge4_r34,Metal-U-Net RGB+Sobel (ResNet34),metallography,edge-aware,Unet,resnet34,edge4,24.441245,5.60275673866272
6280-cast-iron-high,6280 Gray Cast Iron,Cast Iron,6280 x 20 (7).jpg,0.6155471180718549,0.7368164513071557,0.8578287760416666,metal_unet_edge4_r34,Metal-U-Net RGB+Sobel (ResNet34),metallography,edge-aware,Unet,resnet34,edge4,24.441245,5.60275673866272
6280-cast-iron-high,6280 Gray Cast Iron,Cast Iron,6280 x 20 (8).jpg,0.6072640974447452,0.7371327798075566,0.8260904947916666,metal_unet_edge4_r34,Metal-U-Net RGB+Sobel (ResNet34),metallography,edge-aware,Unet,resnet34,edge4,24.441245,5.60275673866272
6280-cast-iron-high,6280 Gray Cast Iron,Cast Iron,6280 x 20 (9).jpg,0.5622099250321916,0.6885376740586078,0.8200141059027778,metal_unet_edge4_r34,Metal-U-Net RGB+Sobel (ResNet34),metallography,edge-aware,Unet,resnet34,edge4,24.441245,5.60275673866272
6280-cast-iron-high,6280 Gray Cast Iron,Cast Iron,6280 x 20 (10).jpg,0.5990962198181808,0.7238209533755159,0.8415256076388888,metal_unet_edge4_r34,Metal-U-Net RGB+Sobel (ResNet34),metallography,edge-aware,Unet,resnet34,edge4,24.441245,5.60275673866272
6280-cast-iron-low,6280 Gray Cast Iron,Cast Iron,6280 x 10 (1).jpg,0.4464448530228857,0.5461887630615855,0.7726236979166666,metal_unet_edge4_r34,Metal-U-Net RGB+Sobel (ResNet34),metallography,edge-aware,Unet,resnet34,edge4,24.441245,5.60275673866272
6280-cast-iron-low,6280 Gray Cast Iron,Cast Iron,6280 x 10 (2).jpg,0.4346469195370906,0.5338292426348193,0.7647840711805556,metal_unet_edge4_r34,Metal-U-Net RGB+Sobel (ResNet34),metallography,edge-aware,Unet,resnet34,edge4,24.441245,5.60275673866272
6280-cast-iron-low,6280 Gray Cast Iron,Cast Iron,6280 x 10 (3).jpg,0.44345101206253323,0.5403751790076566,0.7731662326388888,metal_unet_edge4_r34,Metal-U-Net RGB+Sobel (ResNet34),metallography,edge-aware,Unet,resnet34,edge4,24.441245,5.60275673866272
6280-cast-iron-low,6280 Gray Cast Iron,Cast Iron,6280 x 10 (4).jpg,0.44549885136821293,0.5418658261406385,0.7783474392361112,metal_unet_edge4_r34,Metal-U-Net RGB+Sobel (ResNet34),metallography,edge-aware,Unet,resnet34,edge4,24.441245,5.60275673866272
6280-cast-iron-low,6280 Gray Cast Iron,Cast Iron,6280 x 10 (5).jpg,0.35084173563653814,0.46564231993288807,0.6652289496527778,metal_unet_edge4_r34,Metal-U-Net RGB+Sobel (ResNet34),metallography,edge-aware,Unet,resnet34,edge4,24.441245,5.60275673866272
6280-cast-iron-low,6280 Gray Cast Iron,Cast Iron,6280 x 10 (6).jpg,0.44081500803942636,0.5420695584625,0.7674967447916666,metal_unet_edge4_r34,Metal-U-Net RGB+Sobel (ResNet34),metallography,edge-aware,Unet,resnet34,edge4,24.441245,5.60275673866272
6280-cast-iron-low,6280 Gray Cast Iron,Cast Iron,6280 x 10 (7).jpg,0.4155798389102699,0.5173176155930607,0.7386881510416666,metal_unet_edge4_r34,Metal-U-Net RGB+Sobel (ResNet34),metallography,edge-aware,Unet,resnet34,edge4,24.441245,5.60275673866272
6280-cast-iron-low,6280 Gray Cast Iron,Cast Iron,6280 x 10 (8).jpg,0.4406741151668616,0.5442219153590304,0.7654079861111112,metal_unet_edge4_r34,Metal-U-Net RGB+Sobel (ResNet34),metallography,edge-aware,Unet,resnet34,edge4,24.441245,5.60275673866272
6280-cast-iron-low,6280 Gray Cast Iron,Cast Iron,6280 x 10 (9).jpg,0.40714082565082665,0.5373999138647751,0.7045627170138888,metal_unet_edge4_r34,Metal-U-Net RGB+Sobel (ResNet34),metallography,edge-aware,Unet,resnet34,edge4,24.441245,5.60275673866272
6280-cast-iron-low,6280 Gray Cast Iron,Cast Iron,6280 x 10 (10).jpg,0.4536428779053554,0.5443756642272765,0.7845594618055556,metal_unet_edge4_r34,Metal-U-Net RGB+Sobel (ResNet34),metallography,edge-aware,Unet,resnet34,edge4,24.441245,5.60275673866272
6280-cast-iron-low,6280 Gray Cast Iron,Cast Iron,6280 x 10 (11).jpg,0.4321589705930154,0.5281671645181781,0.760986328125,metal_unet_edge4_r34,Metal-U-Net RGB+Sobel (ResNet34),metallography,edge-aware,Unet,resnet34,edge4,24.441245,5.60275673866272
4130-steel,4130 Steel,Steel,4130 x 10 (1).jpg,0.6429135090951731,0.7826364686972282,0.78271484375,metal_unet_gabor_r34,Metal-U-Net Gabor Stack (ResNet34),metallography,texture-aware,Unet,resnet34,gabor3,24.438109,10.82966685295105
4130-steel,4130 Steel,Steel,4130 x 10 (2).jpg,0.5158312023203778,0.6804994788966132,0.6808810763888888,metal_unet_gabor_r34,Metal-U-Net Gabor Stack (ResNet34),metallography,texture-aware,Unet,resnet34,gabor3,24.438109,10.82966685295105
4130-steel,4130 Steel,Steel,4130 x 10 (3).jpg,0.5190987591349151,0.6832319230503731,0.6840549045138888,metal_unet_gabor_r34,Metal-U-Net Gabor Stack (ResNet34),metallography,texture-aware,Unet,resnet34,gabor3,24.438109,10.82966685295105
4130-steel,4130 Steel,Steel,4130 x 10 (4).jpg,0.5179573564861832,0.6822111888397823,0.6831597222222222,metal_unet_gabor_r34,Metal-U-Net Gabor Stack (ResNet34),metallography,texture-aware,Unet,resnet34,gabor3,24.438109,10.82966685295105
4130-steel,4130 Steel,Steel,4130 x 10 (5).jpg,0.5050126217505717,0.6706044841825869,0.6726345486111112,metal_unet_gabor_r34,Metal-U-Net Gabor Stack (ResNet34),metallography,texture-aware,Unet,resnet34,gabor3,24.438109,10.82966685295105
4130-steel,4130 Steel,Steel,4130 x 10 (6).jpg,0.6247003895119672,0.768881901023128,0.76953125,metal_unet_gabor_r34,Metal-U-Net Gabor Stack (ResNet34),metallography,texture-aware,Unet,resnet34,gabor3,24.438109,10.82966685295105
4130-steel,4130 Steel,Steel,4130 x 10 (7).jpg,0.6520849997396889,0.7893156990986481,0.7898491753472222,metal_unet_gabor_r34,Metal-U-Net Gabor Stack (ResNet34),metallography,texture-aware,Unet,resnet34,gabor3,24.438109,10.82966685295105
4130-steel,4130 Steel,Steel,4130 x 10 (8).jpg,0.6420389401112712,0.7820004619449498,0.7820095486111112,metal_unet_gabor_r34,Metal-U-Net Gabor Stack (ResNet34),metallography,texture-aware,Unet,resnet34,gabor3,24.438109,10.82966685295105
4130-steel,4130 Steel,Steel,4130 x 10 (9).jpg,0.6417336994018321,0.7817245725481633,0.7820095486111112,metal_unet_gabor_r34,Metal-U-Net Gabor Stack (ResNet34),metallography,texture-aware,Unet,resnet34,gabor3,24.438109,10.82966685295105
4130-steel,4130 Steel,Steel,4130 x 10 (10).jpg,0.6440985529408978,0.7835160078132188,0.7835828993055556,metal_unet_gabor_r34,Metal-U-Net Gabor Stack (ResNet34),metallography,texture-aware,Unet,resnet34,gabor3,24.438109,10.82966685295105
4130-steel,4130 Steel,Steel,4130 x 10 (11).jpg,0.629972268356187,0.7728270604618946,0.773681640625,metal_unet_gabor_r34,Metal-U-Net Gabor Stack (ResNet34),metallography,texture-aware,Unet,resnet34,gabor3,24.438109,10.82966685295105
4130-steel,4130 Steel,Steel,4130 x 10 (12).jpg,0.6452491103430373,0.7842576669082582,0.7849392361111112,metal_unet_gabor_r34,Metal-U-Net Gabor Stack (ResNet34),metallography,texture-aware,Unet,resnet34,gabor3,24.438109,10.82966685295105
4130-steel,4130 Steel,Steel,4130 x 10 (13).jpg,0.6348532344393442,0.7765902576224755,0.7769097222222222,metal_unet_gabor_r34,Metal-U-Net Gabor Stack (ResNet34),metallography,texture-aware,Unet,resnet34,gabor3,24.438109,10.82966685295105
4130-steel,4130 Steel,Steel,4130 x 10 (14).jpg,0.6491751080064738,0.7869662997555577,0.7887098524305556,metal_unet_gabor_r34,Metal-U-Net Gabor Stack (ResNet34),metallography,texture-aware,Unet,resnet34,gabor3,24.438109,10.82966685295105
4130-steel,4130 Steel,Steel,4130 x 10 (15).jpg,0.6290400569523447,0.7721684256337722,0.7727864583333334,metal_unet_gabor_r34,Metal-U-Net Gabor Stack (ResNet34),metallography,texture-aware,Unet,resnet34,gabor3,24.438109,10.82966685295105
4130-steel,4130 Steel,Steel,4130 x 10 (16).jpg,0.6159198938132555,0.7623147294427943,0.7623155381944444,metal_unet_gabor_r34,Metal-U-Net Gabor Stack (ResNet34),metallography,texture-aware,Unet,resnet34,gabor3,24.438109,10.82966685295105
4130-steel,4130 Steel,Steel,4130 x 10 (17).jpg,0.6474986689127148,0.7856985243139132,0.7876247829861112,metal_unet_gabor_r34,Metal-U-Net Gabor Stack (ResNet34),metallography,texture-aware,Unet,resnet34,gabor3,24.438109,10.82966685295105
4130-steel,4130 Steel,Steel,4130 x 10 (18).jpg,0.6507648465128973,0.7883718926297651,0.7887641059027778,metal_unet_gabor_r34,Metal-U-Net Gabor Stack (ResNet34),metallography,texture-aware,Unet,resnet34,gabor3,24.438109,10.82966685295105
4130-steel,4130 Steel,Steel,4130 x 10 (19).jpg,0.6386137976499455,0.7794553762798656,0.7794596354166666,metal_unet_gabor_r34,Metal-U-Net Gabor Stack (ResNet34),metallography,texture-aware,Unet,resnet34,gabor3,24.438109,10.82966685295105
4130-steel,4130 Steel,Steel,4130 x 10 (20).jpg,0.6196490687622286,0.7651138079931161,0.765380859375,metal_unet_gabor_r34,Metal-U-Net Gabor Stack (ResNet34),metallography,texture-aware,Unet,resnet34,gabor3,24.438109,10.82966685295105
4130-steel,4130 Steel,Steel,4130 x 20 (1).jpg,0.5711734111055792,0.7241443651148547,0.7376573350694444,metal_unet_gabor_r34,Metal-U-Net Gabor Stack (ResNet34),metallography,texture-aware,Unet,resnet34,gabor3,24.438109,10.82966685295105
4130-steel,4130 Steel,Steel,4130 x 20 (2).jpg,0.5546063612087376,0.7108850609424506,0.7225477430555556,metal_unet_gabor_r34,Metal-U-Net Gabor Stack (ResNet34),metallography,texture-aware,Unet,resnet34,gabor3,24.438109,10.82966685295105
4130-steel,4130 Steel,Steel,4130 x 20 (3).jpg,0.5772737692925078,0.7301965779539035,0.7386338975694444,metal_unet_gabor_r34,Metal-U-Net Gabor Stack (ResNet34),metallography,texture-aware,Unet,resnet34,gabor3,24.438109,10.82966685295105
4130-steel,4130 Steel,Steel,4130 x 20 (4).jpg,0.4729562859845425,0.6356792130551446,0.6600477430555556,metal_unet_gabor_r34,Metal-U-Net Gabor Stack (ResNet34),metallography,texture-aware,Unet,resnet34,gabor3,24.438109,10.82966685295105
4130-steel,4130 Steel,Steel,4130 x 20 (5).jpg,0.7309047697968994,0.8445304419353188,0.8445638020833334,metal_unet_gabor_r34,Metal-U-Net Gabor Stack (ResNet34),metallography,texture-aware,Unet,resnet34,gabor3,24.438109,10.82966685295105
4130-steel,4130 Steel,Steel,4130 x 20 (6).jpg,0.7821326262919563,0.8777468851775795,0.8777669270833334,metal_unet_gabor_r34,Metal-U-Net Gabor Stack (ResNet34),metallography,texture-aware,Unet,resnet34,gabor3,24.438109,10.82966685295105
4130-steel,4130 Steel,Steel,4130 x 20 (7).jpg,0.7831950457185684,0.8784176677811546,0.87841796875,metal_unet_gabor_r34,Metal-U-Net Gabor Stack (ResNet34),metallography,texture-aware,Unet,resnet34,gabor3,24.438109,10.82966685295105
4130-steel,4130 Steel,Steel,4130 x 20 (8).jpg,0.7783847270260431,0.8753743328185251,0.8754611545138888,metal_unet_gabor_r34,Metal-U-Net Gabor Stack (ResNet34),metallography,texture-aware,Unet,resnet34,gabor3,24.438109,10.82966685295105
4130-steel,4130 Steel,Steel,4130 x 20 (9).jpg,0.7750671438714021,0.8732809224248846,0.873291015625,metal_unet_gabor_r34,Metal-U-Net Gabor Stack (ResNet34),metallography,texture-aware,Unet,resnet34,gabor3,24.438109,10.82966685295105
4130-steel,4130 Steel,Steel,4130 x 20 (10).jpg,0.7925757858795273,0.8842787671055619,0.8843587239583334,metal_unet_gabor_r34,Metal-U-Net Gabor Stack (ResNet34),metallography,texture-aware,Unet,resnet34,gabor3,24.438109,10.82966685295105
4130-steel,4130 Steel,Steel,4130 x 20 (11).jpg,0.7754197035728765,0.8734265458722688,0.8741319444444444,metal_unet_gabor_r34,Metal-U-Net Gabor Stack (ResNet34),metallography,texture-aware,Unet,resnet34,gabor3,24.438109,10.82966685295105
4130-steel,4130 Steel,Steel,4130 x 20 (12).jpg,0.7927484892866259,0.8843673160330694,0.8846299913194444,metal_unet_gabor_r34,Metal-U-Net Gabor Stack (ResNet34),metallography,texture-aware,Unet,resnet34,gabor3,24.438109,10.82966685295105
4130-steel,4130 Steel,Steel,4130 x 20 (13).jpg,0.7931766913406788,0.8846081708760385,0.8851182725694444,metal_unet_gabor_r34,Metal-U-Net Gabor Stack (ResNet34),metallography,texture-aware,Unet,resnet34,gabor3,24.438109,10.82966685295105
4130-steel,4130 Steel,Steel,4130 x 20 (14).jpg,0.7950920716403449,0.8858014922408319,0.8862847222222222,metal_unet_gabor_r34,Metal-U-Net Gabor Stack (ResNet34),metallography,texture-aware,Unet,resnet34,gabor3,24.438109,10.82966685295105
4130-steel,4130 Steel,Steel,4130 x 20 (15).jpg,0.7850389493292353,0.879575287351773,0.8795844184027778,metal_unet_gabor_r34,Metal-U-Net Gabor Stack (ResNet34),metallography,texture-aware,Unet,resnet34,gabor3,24.438109,10.82966685295105
4130-steel,4130 Steel,Steel,4130 x 20 (16).jpg,0.7676845714399888,0.8685593133397632,0.8687065972222222,metal_unet_gabor_r34,Metal-U-Net Gabor Stack (ResNet34),metallography,texture-aware,Unet,resnet34,gabor3,24.438109,10.82966685295105
4130-steel,4130 Steel,Steel,4130 x 20 (17).jpg,0.7457529012146316,0.8543515061684452,0.8544379340277778,metal_unet_gabor_r34,Metal-U-Net Gabor Stack (ResNet34),metallography,texture-aware,Unet,resnet34,gabor3,24.438109,10.82966685295105
4130-steel,4130 Steel,Steel,4130 x 20 (18).jpg,0.7609304435435493,0.86414918320266,0.8648817274305556,metal_unet_gabor_r34,Metal-U-Net Gabor Stack (ResNet34),metallography,texture-aware,Unet,resnet34,gabor3,24.438109,10.82966685295105
4130-steel,4130 Steel,Steel,4130 x 20 (19).jpg,0.7783410023299366,0.8752992521344887,0.8758138020833334,metal_unet_gabor_r34,Metal-U-Net Gabor Stack (ResNet34),metallography,texture-aware,Unet,resnet34,gabor3,24.438109,10.82966685295105
4130-steel,4130 Steel,Steel,4130 x 20 (20).jpg,0.757609972814133,0.8620279662573727,0.862548828125,metal_unet_gabor_r34,Metal-U-Net Gabor Stack (ResNet34),metallography,texture-aware,Unet,resnet34,gabor3,24.438109,10.82966685295105
418-17-4ph-x20,418 Printed 17-4 PH Steel,Steel,x20 (1).jpg,0.3149623951310277,0.47861224681426284,0.4798719618055556,metal_unet_gabor_r34,Metal-U-Net Gabor Stack (ResNet34),metallography,texture-aware,Unet,resnet34,gabor3,24.438109,10.82966685295105
418-17-4ph-x20,418 Printed 17-4 PH Steel,Steel,x20 (2).jpg,0.2897173882090557,0.44370409512374626,0.4592827690972222,metal_unet_gabor_r34,Metal-U-Net Gabor Stack (ResNet34),metallography,texture-aware,Unet,resnet34,gabor3,24.438109,10.82966685295105
418-17-4ph-x20,418 Printed 17-4 PH Steel,Steel,x20 (3).jpg,0.23982651601873095,0.3823914102331804,0.3941243489583333,metal_unet_gabor_r34,Metal-U-Net Gabor Stack (ResNet34),metallography,texture-aware,Unet,resnet34,gabor3,24.438109,10.82966685295105
418-17-4ph-x20,418 Printed 17-4 PH Steel,Steel,x20 (4).jpg,0.2274827283414013,0.36527041487642653,0.3791232638888889,metal_unet_gabor_r34,Metal-U-Net Gabor Stack (ResNet34),metallography,texture-aware,Unet,resnet34,gabor3,24.438109,10.82966685295105
418-17-4ph-x20,418 Printed 17-4 PH Steel,Steel,x20 (5).jpg,0.23469924272542225,0.37697256388256084,0.3853081597222222,metal_unet_gabor_r34,Metal-U-Net Gabor Stack (ResNet34),metallography,texture-aware,Unet,resnet34,gabor3,24.438109,10.82966685295105
418-17-4ph-x20,418 Printed 17-4 PH Steel,Steel,x20 (6).jpg,0.2979238360823905,0.4586727436495035,0.4598253038194444,metal_unet_gabor_r34,Metal-U-Net Gabor Stack (ResNet34),metallography,texture-aware,Unet,resnet34,gabor3,24.438109,10.82966685295105
418-17-4ph-x20,418 Printed 17-4 PH Steel,Steel,x20 (7).jpg,0.3356169397716499,0.502558508790943,0.5025770399305556,metal_unet_gabor_r34,Metal-U-Net Gabor Stack (ResNet34),metallography,texture-aware,Unet,resnet34,gabor3,24.438109,10.82966685295105
418-17-4ph-x20,418 Printed 17-4 PH Steel,Steel,x20 (8).jpg,0.26721720099670687,0.4159713688707956,0.4316134982638889,metal_unet_gabor_r34,Metal-U-Net Gabor Stack (ResNet34),metallography,texture-aware,Unet,resnet34,gabor3,24.438109,10.82966685295105
418-17-4ph-x20,418 Printed 17-4 PH Steel,Steel,x20 (9).jpg,0.32509086631222267,0.48879805164953166,0.4943305121527778,metal_unet_gabor_r34,Metal-U-Net Gabor Stack (ResNet34),metallography,texture-aware,Unet,resnet34,gabor3,24.438109,10.82966685295105
418-17-4ph-x20,418 Printed 17-4 PH Steel,Steel,x20 (10).jpg,0.28026907876531937,0.4348250765743027,0.4431423611111111,metal_unet_gabor_r34,Metal-U-Net Gabor Stack (ResNet34),metallography,texture-aware,Unet,resnet34,gabor3,24.438109,10.82966685295105
418-17-4ph-x20,418 Printed 17-4 PH Steel,Steel,x20 (11).jpg,0.4893013977023547,0.5387458302044508,0.9136555989583334,metal_unet_gabor_r34,Metal-U-Net Gabor Stack (ResNet34),metallography,texture-aware,Unet,resnet34,gabor3,24.438109,10.82966685295105
418-17-4ph-x20,418 Printed 17-4 PH Steel,Steel,x20 (12).jpg,0.44472577866698715,0.48764050900623507,0.8655056423611112,metal_unet_gabor_r34,Metal-U-Net Gabor Stack (ResNet34),metallography,texture-aware,Unet,resnet34,gabor3,24.438109,10.82966685295105
418-17-4ph-x20,418 Printed 17-4 PH Steel,Steel,x20 (13).jpg,0.37438603070468757,0.43623397229859745,0.7373860677083334,metal_unet_gabor_r34,Metal-U-Net Gabor Stack (ResNet34),metallography,texture-aware,Unet,resnet34,gabor3,24.438109,10.82966685295105
418-17-4ph-x20,418 Printed 17-4 PH Steel,Steel,x20 (14).jpg,0.45650978686014326,0.4924185916630887,0.8917100694444444,metal_unet_gabor_r34,Metal-U-Net Gabor Stack (ResNet34),metallography,texture-aware,Unet,resnet34,gabor3,24.438109,10.82966685295105
418-17-4ph-x20,418 Printed 17-4 PH Steel,Steel,x20 (15).jpg,0.4735836632893192,0.4965327675632238,0.9332139756944444,metal_unet_gabor_r34,Metal-U-Net Gabor Stack (ResNet34),metallography,texture-aware,Unet,resnet34,gabor3,24.438109,10.82966685295105
418-17-4ph-x20,418 Printed 17-4 PH Steel,Steel,x20 (16).jpg,0.4603677072242334,0.4874371049523743,0.9095594618055556,metal_unet_gabor_r34,Metal-U-Net Gabor Stack (ResNet34),metallography,texture-aware,Unet,resnet34,gabor3,24.438109,10.82966685295105
418-17-4ph-x20,418 Printed 17-4 PH Steel,Steel,x20 (17).jpg,0.45249840062534946,0.4934138797101236,0.8789876302083334,metal_unet_gabor_r34,Metal-U-Net Gabor Stack (ResNet34),metallography,texture-aware,Unet,resnet34,gabor3,24.438109,10.82966685295105
418-17-4ph-x20,418 Printed 17-4 PH Steel,Steel,x20 (18).jpg,0.4393725146920252,0.47970841134800324,0.8618977864583334,metal_unet_gabor_r34,Metal-U-Net Gabor Stack (ResNet34),metallography,texture-aware,Unet,resnet34,gabor3,24.438109,10.82966685295105
418-17-4ph-x20,418 Printed 17-4 PH Steel,Steel,x20 (19).jpg,0.44712968417526455,0.48650526135970334,0.8739420572916666,metal_unet_gabor_r34,Metal-U-Net Gabor Stack (ResNet34),metallography,texture-aware,Unet,resnet34,gabor3,24.438109,10.82966685295105
418-17-4ph-x20,418 Printed 17-4 PH Steel,Steel,x20 (20).jpg,0.2824162843042411,0.40200741048444344,0.5047200520833334,metal_unet_gabor_r34,Metal-U-Net Gabor Stack (ResNet34),metallography,texture-aware,Unet,resnet34,gabor3,24.438109,10.82966685295105
418-17-4ph-x20,418 Printed 17-4 PH Steel,Steel,x20 (21).jpg,0.3133847853108049,0.427507991337463,0.5640462239583334,metal_unet_gabor_r34,Metal-U-Net Gabor Stack (ResNet34),metallography,texture-aware,Unet,resnet34,gabor3,24.438109,10.82966685295105
418-17-4ph-x5,418 Printed 17-4 PH Steel,Steel,x5 (1).jpg,0.758390130869297,0.8453814961926164,0.9739312065972222,metal_unet_gabor_r34,Metal-U-Net Gabor Stack (ResNet34),metallography,texture-aware,Unet,resnet34,gabor3,24.438109,10.82966685295105
418-17-4ph-x5,418 Printed 17-4 PH Steel,Steel,x5 (2).jpg,0.819736393005747,0.8926371554911567,0.978271484375,metal_unet_gabor_r34,Metal-U-Net Gabor Stack (ResNet34),metallography,texture-aware,Unet,resnet34,gabor3,24.438109,10.82966685295105
418-17-4ph-x5,418 Printed 17-4 PH Steel,Steel,x5 (3).jpg,0.76940263119352,0.8533024662194085,0.9812825520833334,metal_unet_gabor_r34,Metal-U-Net Gabor Stack (ResNet34),metallography,texture-aware,Unet,resnet34,gabor3,24.438109,10.82966685295105
418-17-4ph-x5,418 Printed 17-4 PH Steel,Steel,x5 (4).jpg,0.7471150109852039,0.8372527507513305,0.9658745659722222,metal_unet_gabor_r34,Metal-U-Net Gabor Stack (ResNet34),metallography,texture-aware,Unet,resnet34,gabor3,24.438109,10.82966685295105
418-17-4ph-x5,418 Printed 17-4 PH Steel,Steel,x5 (5).jpg,0.8979318469834743,0.9444578222936388,0.9779730902777778,metal_unet_gabor_r34,Metal-U-Net Gabor Stack (ResNet34),metallography,texture-aware,Unet,resnet34,gabor3,24.438109,10.82966685295105
418-17-4ph-x5,418 Printed 17-4 PH Steel,Steel,x5 (6).jpg,0.8077462086486003,0.8844894912862473,0.9729546440972222,metal_unet_gabor_r34,Metal-U-Net Gabor Stack (ResNet34),metallography,texture-aware,Unet,resnet34,gabor3,24.438109,10.82966685295105
418-17-4ph-x5,418 Printed 17-4 PH Steel,Steel,x5 (7).jpg,0.7599670682267965,0.8466807191567642,0.9740668402777778,metal_unet_gabor_r34,Metal-U-Net Gabor Stack (ResNet34),metallography,texture-aware,Unet,resnet34,gabor3,24.438109,10.82966685295105
418-17-4ph-x5,418 Printed 17-4 PH Steel,Steel,x5 (8).jpg,0.7430759042035261,0.8315638638972243,0.9775119357638888,metal_unet_gabor_r34,Metal-U-Net Gabor Stack (ResNet34),metallography,texture-aware,Unet,resnet34,gabor3,24.438109,10.82966685295105
418-17-4ph-x5,418 Printed 17-4 PH Steel,Steel,x5 (9).jpg,0.779443455552117,0.8617780123928731,0.9793294270833334,metal_unet_gabor_r34,Metal-U-Net Gabor Stack (ResNet34),metallography,texture-aware,Unet,resnet34,gabor3,24.438109,10.82966685295105
418-17-4ph-x5,418 Printed 17-4 PH Steel,Steel,x5 (10).jpg,0.7767064671553661,0.8595888128655685,0.979248046875,metal_unet_gabor_r34,Metal-U-Net Gabor Stack (ResNet34),metallography,texture-aware,Unet,resnet34,gabor3,24.438109,10.82966685295105
418-17-4ph-x5,418 Printed 17-4 PH Steel,Steel,x5 (11).jpg,0.7589948449542091,0.845823457198071,0.9743109809027778,metal_unet_gabor_r34,Metal-U-Net Gabor Stack (ResNet34),metallography,texture-aware,Unet,resnet34,gabor3,24.438109,10.82966685295105
418-17-4ph-x5,418 Printed 17-4 PH Steel,Steel,x5 (12).jpg,0.7885948899052243,0.869062454909217,0.9791124131944444,metal_unet_gabor_r34,Metal-U-Net Gabor Stack (ResNet34),metallography,texture-aware,Unet,resnet34,gabor3,24.438109,10.82966685295105
418-17-4ph-x5,418 Printed 17-4 PH Steel,Steel,x5 (13).jpg,0.7370949377063621,0.8259995600900336,0.9788411458333334,metal_unet_gabor_r34,Metal-U-Net Gabor Stack (ResNet34),metallography,texture-aware,Unet,resnet34,gabor3,24.438109,10.82966685295105
418-17-4ph-x5,418 Printed 17-4 PH Steel,Steel,x5 (14).jpg,0.7886561748225803,0.8688779829031179,0.980712890625,metal_unet_gabor_r34,Metal-U-Net Gabor Stack (ResNet34),metallography,texture-aware,Unet,resnet34,gabor3,24.438109,10.82966685295105
418-17-4ph-x5,418 Printed 17-4 PH Steel,Steel,x5 (15).jpg,0.8566808138344408,0.9188334476002591,0.9717881944444444,metal_unet_gabor_r34,Metal-U-Net Gabor Stack (ResNet34),metallography,texture-aware,Unet,resnet34,gabor3,24.438109,10.82966685295105
418-17-4ph-x5,418 Printed 17-4 PH Steel,Steel,x5 (16).jpg,0.8372037915086117,0.9056740289318287,0.9719780815972222,metal_unet_gabor_r34,Metal-U-Net Gabor Stack (ResNet34),metallography,texture-aware,Unet,resnet34,gabor3,24.438109,10.82966685295105
418-17-4ph-x5,418 Printed 17-4 PH Steel,Steel,x5 (17).jpg,0.8981352974491431,0.9446832126065305,0.9761827256944444,metal_unet_gabor_r34,Metal-U-Net Gabor Stack (ResNet34),metallography,texture-aware,Unet,resnet34,gabor3,24.438109,10.82966685295105
418-17-4ph-x5,418 Printed 17-4 PH Steel,Steel,x5 (18).jpg,0.689395388959172,0.7853975919067346,0.9594184027777778,metal_unet_gabor_r34,Metal-U-Net Gabor Stack (ResNet34),metallography,texture-aware,Unet,resnet34,gabor3,24.438109,10.82966685295105
418-17-4ph-x5,418 Printed 17-4 PH Steel,Steel,x5 (19).jpg,0.7393472404534944,0.8292945543565262,0.9722764756944444,metal_unet_gabor_r34,Metal-U-Net Gabor Stack (ResNet34),metallography,texture-aware,Unet,resnet34,gabor3,24.438109,10.82966685295105
418-17-4ph-x5,418 Printed 17-4 PH Steel,Steel,x5 (20).jpg,0.7530563278353527,0.8408724829383964,0.9739040798611112,metal_unet_gabor_r34,Metal-U-Net Gabor Stack (ResNet34),metallography,texture-aware,Unet,resnet34,gabor3,24.438109,10.82966685295105
418-17-4ph-x5,418 Printed 17-4 PH Steel,Steel,x5 (21).jpg,0.6934872109193168,0.7872642506572882,0.9682074652777778,metal_unet_gabor_r34,Metal-U-Net Gabor Stack (ResNet34),metallography,texture-aware,Unet,resnet34,gabor3,24.438109,10.82966685295105
418-17-4ph-x5,418 Printed 17-4 PH Steel,Steel,x5 (22).jpg,0.7398060966274278,0.8300243747318116,0.9705946180555556,metal_unet_gabor_r34,Metal-U-Net Gabor Stack (ResNet34),metallography,texture-aware,Unet,resnet34,gabor3,24.438109,10.82966685295105
418-17-4ph-x5,418 Printed 17-4 PH Steel,Steel,x5 (23).jpg,0.7367582789447358,0.8270310028581921,0.9721408420138888,metal_unet_gabor_r34,Metal-U-Net Gabor Stack (ResNet34),metallography,texture-aware,Unet,resnet34,gabor3,24.438109,10.82966685295105
418-17-4ph-x5,418 Printed 17-4 PH Steel,Steel,x5 (24).jpg,0.7440029456458168,0.8332917130339816,0.9727105034722222,metal_unet_gabor_r34,Metal-U-Net Gabor Stack (ResNet34),metallography,texture-aware,Unet,resnet34,gabor3,24.438109,10.82966685295105
418-17-4ph-x5,418 Printed 17-4 PH Steel,Steel,x5 (25).jpg,0.7143703017196994,0.8074533049193244,0.9680989583333334,metal_unet_gabor_r34,Metal-U-Net Gabor Stack (ResNet34),metallography,texture-aware,Unet,resnet34,gabor3,24.438109,10.82966685295105
5884-armor-steel,5884 Armor Steel,Steel,5884 x 5 (1).jpg,0.6112688629384397,0.7566181387183426,0.7674696180555556,metal_unet_gabor_r34,Metal-U-Net Gabor Stack (ResNet34),metallography,texture-aware,Unet,resnet34,gabor3,24.438109,10.82966685295105
5884-armor-steel,5884 Armor Steel,Steel,5884 x 5 (2).jpg,0.6909904416288484,0.8168314898033957,0.8196072048611112,metal_unet_gabor_r34,Metal-U-Net Gabor Stack (ResNet34),metallography,texture-aware,Unet,resnet34,gabor3,24.438109,10.82966685295105
5884-armor-steel,5884 Armor Steel,Steel,5884 x 5 (3).jpg,0.6885451286272466,0.8147361282990861,0.8199327256944444,metal_unet_gabor_r34,Metal-U-Net Gabor Stack (ResNet34),metallography,texture-aware,Unet,resnet34,gabor3,24.438109,10.82966685295105
5884-armor-steel,5884 Armor Steel,Steel,5884 x 5 (4).jpg,0.6877820473283928,0.8146389451241525,0.8170301649305556,metal_unet_gabor_r34,Metal-U-Net Gabor Stack (ResNet34),metallography,texture-aware,Unet,resnet34,gabor3,24.438109,10.82966685295105
5884-armor-steel,5884 Armor Steel,Steel,5884 x 5 (5).jpg,0.6596405350862071,0.7916181414120205,0.8107638888888888,metal_unet_gabor_r34,Metal-U-Net Gabor Stack (ResNet34),metallography,texture-aware,Unet,resnet34,gabor3,24.438109,10.82966685295105
5884-armor-steel,5884 Armor Steel,Steel,5884 x 10 (1).jpg,0.7461902965061534,0.8542968917382173,0.8570692274305556,metal_unet_gabor_r34,Metal-U-Net Gabor Stack (ResNet34),metallography,texture-aware,Unet,resnet34,gabor3,24.438109,10.82966685295105
5884-armor-steel,5884 Armor Steel,Steel,5884 x 10 (2).jpg,0.7512326702317291,0.8577557933961039,0.8592936197916666,metal_unet_gabor_r34,Metal-U-Net Gabor Stack (ResNet34),metallography,texture-aware,Unet,resnet34,gabor3,24.438109,10.82966685295105
5884-armor-steel,5884 Armor Steel,Steel,5884 x 10 (3).jpg,0.5939494017811027,0.7445557234384066,0.7479926215277778,metal_unet_gabor_r34,Metal-U-Net Gabor Stack (ResNet34),metallography,texture-aware,Unet,resnet34,gabor3,24.438109,10.82966685295105
5884-armor-steel,5884 Armor Steel,Steel,5884 x 10 (4).jpg,0.7194504883755463,0.8368030925928851,0.8370496961805556,metal_unet_gabor_r34,Metal-U-Net Gabor Stack (ResNet34),metallography,texture-aware,Unet,resnet34,gabor3,24.438109,10.82966685295105
5884-armor-steel,5884 Armor Steel,Steel,5884 x 10 (5).jpg,0.6278775381504527,0.7713512995195345,0.7716471354166666,metal_unet_gabor_r34,Metal-U-Net Gabor Stack (ResNet34),metallography,texture-aware,Unet,resnet34,gabor3,24.438109,10.82966685295105
5884-armor-steel,5884 Armor Steel,Steel,5884 x 10 (6).jpg,0.6224126304499578,0.7671389078422277,0.767822265625,metal_unet_gabor_r34,Metal-U-Net Gabor Stack (ResNet34),metallography,texture-aware,Unet,resnet34,gabor3,24.438109,10.82966685295105
5884-armor-steel,5884 Armor Steel,Steel,5884 x 20 (1).jpg,0.6129262064836474,0.7482818212929376,0.806640625,metal_unet_gabor_r34,Metal-U-Net Gabor Stack (ResNet34),metallography,texture-aware,Unet,resnet34,gabor3,24.438109,10.82966685295105
5884-armor-steel,5884 Armor Steel,Steel,5884 x 20 (2).jpg,0.6573867250724001,0.7847107622947006,0.8330891927083334,metal_unet_gabor_r34,Metal-U-Net Gabor Stack (ResNet34),metallography,texture-aware,Unet,resnet34,gabor3,24.438109,10.82966685295105
5884-armor-steel,5884 Armor Steel,Steel,5884 x 20 (3).jpg,0.7578705471281264,0.8622199698409889,0.862548828125,metal_unet_gabor_r34,Metal-U-Net Gabor Stack (ResNet34),metallography,texture-aware,Unet,resnet34,gabor3,24.438109,10.82966685295105
5884-armor-steel,5884 Armor Steel,Steel,5884 x 20 (4).jpg,0.7238876082994717,0.8358942972485086,0.8638237847222222,metal_unet_gabor_r34,Metal-U-Net Gabor Stack (ResNet34),metallography,texture-aware,Unet,resnet34,gabor3,24.438109,10.82966685295105
5884-armor-steel,5884 Armor Steel,Steel,5884 x 20 (5).jpg,0.7408443724572076,0.848448243022637,0.8688422309027778,metal_unet_gabor_r34,Metal-U-Net Gabor Stack (ResNet34),metallography,texture-aware,Unet,resnet34,gabor3,24.438109,10.82966685295105
5884-armor-steel,5884 Armor Steel,Steel,5884 x 20 (6).jpg,0.6966325028487285,0.8185287235004834,0.8358832465277778,metal_unet_gabor_r34,Metal-U-Net Gabor Stack (ResNet34),metallography,texture-aware,Unet,resnet34,gabor3,24.438109,10.82966685295105
5884-armor-steel,5884 Armor Steel,Steel,5884 x 50 (1).jpg,0.6792301610232674,0.8089633544106518,0.8090549045138888,metal_unet_gabor_r34,Metal-U-Net Gabor Stack (ResNet34),metallography,texture-aware,Unet,resnet34,gabor3,24.438109,10.82966685295105
5884-armor-steel,5884 Armor Steel,Steel,5884 x 50 (2).jpg,0.6545305947843969,0.7903318288070054,0.7953287760416666,metal_unet_gabor_r34,Metal-U-Net Gabor Stack (ResNet34),metallography,texture-aware,Unet,resnet34,gabor3,24.438109,10.82966685295105
5884-armor-steel,5884 Armor Steel,Steel,5884 x 50 (3).jpg,0.6494627428246902,0.7866610965206557,0.7913411458333334,metal_unet_gabor_r34,Metal-U-Net Gabor Stack (ResNet34),metallography,texture-aware,Unet,resnet34,gabor3,24.438109,10.82966685295105
5884-armor-steel,5884 Armor Steel,Steel,5884 x 50 (4).jpg,0.5602622762973758,0.717960762848573,0.7188856336805556,metal_unet_gabor_r34,Metal-U-Net Gabor Stack (ResNet34),metallography,texture-aware,Unet,resnet34,gabor3,24.438109,10.82966685295105
6280-cast-iron-high,6280 Gray Cast Iron,Cast Iron,6280 x 20 (1).jpg,0.6022281885662535,0.7237247299769254,0.8531358506944444,metal_unet_gabor_r34,Metal-U-Net Gabor Stack (ResNet34),metallography,texture-aware,Unet,resnet34,gabor3,24.438109,10.82966685295105
6280-cast-iron-high,6280 Gray Cast Iron,Cast Iron,6280 x 20 (2).jpg,0.5700370103777814,0.690273746289127,0.8419596354166666,metal_unet_gabor_r34,Metal-U-Net Gabor Stack (ResNet34),metallography,texture-aware,Unet,resnet34,gabor3,24.438109,10.82966685295105
6280-cast-iron-high,6280 Gray Cast Iron,Cast Iron,6280 x 20 (3).jpg,0.5689586947193424,0.6918336998428543,0.8337673611111112,metal_unet_gabor_r34,Metal-U-Net Gabor Stack (ResNet34),metallography,texture-aware,Unet,resnet34,gabor3,24.438109,10.82966685295105
6280-cast-iron-high,6280 Gray Cast Iron,Cast Iron,6280 x 20 (4).jpg,0.6079606861139911,0.7286446685427832,0.8576931423611112,metal_unet_gabor_r34,Metal-U-Net Gabor Stack (ResNet34),metallography,texture-aware,Unet,resnet34,gabor3,24.438109,10.82966685295105
6280-cast-iron-high,6280 Gray Cast Iron,Cast Iron,6280 x 20 (5).jpg,0.5712819618054751,0.6910570261297987,0.843994140625,metal_unet_gabor_r34,Metal-U-Net Gabor Stack (ResNet34),metallography,texture-aware,Unet,resnet34,gabor3,24.438109,10.82966685295105
6280-cast-iron-high,6280 Gray Cast Iron,Cast Iron,6280 x 20 (6).jpg,0.6012987409649776,0.7220903253611476,0.8550889756944444,metal_unet_gabor_r34,Metal-U-Net Gabor Stack (ResNet34),metallography,texture-aware,Unet,resnet34,gabor3,24.438109,10.82966685295105
6280-cast-iron-high,6280 Gray Cast Iron,Cast Iron,6280 x 20 (7).jpg,0.6112252211413856,0.7264521139585762,0.8766276041666666,metal_unet_gabor_r34,Metal-U-Net Gabor Stack (ResNet34),metallography,texture-aware,Unet,resnet34,gabor3,24.438109,10.82966685295105
6280-cast-iron-high,6280 Gray Cast Iron,Cast Iron,6280 x 20 (8).jpg,0.6055813664060341,0.7262299746744666,0.8570421006944444,metal_unet_gabor_r34,Metal-U-Net Gabor Stack (ResNet34),metallography,texture-aware,Unet,resnet34,gabor3,24.438109,10.82966685295105
6280-cast-iron-high,6280 Gray Cast Iron,Cast Iron,6280 x 20 (9).jpg,0.5774190651117475,0.69611880001199,0.8505316840277778,metal_unet_gabor_r34,Metal-U-Net Gabor Stack (ResNet34),metallography,texture-aware,Unet,resnet34,gabor3,24.438109,10.82966685295105
6280-cast-iron-high,6280 Gray Cast Iron,Cast Iron,6280 x 20 (10).jpg,0.6125284000654876,0.7304901118810598,0.8681369357638888,metal_unet_gabor_r34,Metal-U-Net Gabor Stack (ResNet34),metallography,texture-aware,Unet,resnet34,gabor3,24.438109,10.82966685295105
6280-cast-iron-low,6280 Gray Cast Iron,Cast Iron,6280 x 10 (1).jpg,0.4756327848040409,0.6397196965948314,0.6655002170138888,metal_unet_gabor_r34,Metal-U-Net Gabor Stack (ResNet34),metallography,texture-aware,Unet,resnet34,gabor3,24.438109,10.82966685295105
6280-cast-iron-low,6280 Gray Cast Iron,Cast Iron,6280 x 10 (2).jpg,0.5055802934504426,0.6679723494890227,0.6995713975694444,metal_unet_gabor_r34,Metal-U-Net Gabor Stack (ResNet34),metallography,texture-aware,Unet,resnet34,gabor3,24.438109,10.82966685295105
6280-cast-iron-low,6280 Gray Cast Iron,Cast Iron,6280 x 10 (3).jpg,0.48943652304790625,0.6511972621680225,0.6927354600694444,metal_unet_gabor_r34,Metal-U-Net Gabor Stack (ResNet34),metallography,texture-aware,Unet,resnet34,gabor3,24.438109,10.82966685295105
6280-cast-iron-low,6280 Gray Cast Iron,Cast Iron,6280 x 10 (4).jpg,0.5129078581638938,0.6742151647553382,0.711181640625,metal_unet_gabor_r34,Metal-U-Net Gabor Stack (ResNet34),metallography,texture-aware,Unet,resnet34,gabor3,24.438109,10.82966685295105
6280-cast-iron-low,6280 Gray Cast Iron,Cast Iron,6280 x 10 (5).jpg,0.4212366879129433,0.5862759847408668,0.6385091145833334,metal_unet_gabor_r34,Metal-U-Net Gabor Stack (ResNet34),metallography,texture-aware,Unet,resnet34,gabor3,24.438109,10.82966685295105
6280-cast-iron-low,6280 Gray Cast Iron,Cast Iron,6280 x 10 (6).jpg,0.4786652729025787,0.6429505416292628,0.6676703559027778,metal_unet_gabor_r34,Metal-U-Net Gabor Stack (ResNet34),metallography,texture-aware,Unet,resnet34,gabor3,24.438109,10.82966685295105
6280-cast-iron-low,6280 Gray Cast Iron,Cast Iron,6280 x 10 (7).jpg,0.44999546201703455,0.6149728349639642,0.6237250434027778,metal_unet_gabor_r34,Metal-U-Net Gabor Stack (ResNet34),metallography,texture-aware,Unet,resnet34,gabor3,24.438109,10.82966685295105
6280-cast-iron-low,6280 Gray Cast Iron,Cast Iron,6280 x 10 (8).jpg,0.4872495718145693,0.6509766895371097,0.684326171875,metal_unet_gabor_r34,Metal-U-Net Gabor Stack (ResNet34),metallography,texture-aware,Unet,resnet34,gabor3,24.438109,10.82966685295105
6280-cast-iron-low,6280 Gray Cast Iron,Cast Iron,6280 x 10 (9).jpg,0.4106187911480192,0.5761068550983398,0.6071506076388888,metal_unet_gabor_r34,Metal-U-Net Gabor Stack (ResNet34),metallography,texture-aware,Unet,resnet34,gabor3,24.438109,10.82966685295105
6280-cast-iron-low,6280 Gray Cast Iron,Cast Iron,6280 x 10 (10).jpg,0.46161260954327643,0.6289568894586016,0.6530490451388888,metal_unet_gabor_r34,Metal-U-Net Gabor Stack (ResNet34),metallography,texture-aware,Unet,resnet34,gabor3,24.438109,10.82966685295105
6280-cast-iron-low,6280 Gray Cast Iron,Cast Iron,6280 x 10 (11).jpg,0.4574176543814725,0.6250456036764076,0.6442057291666666,metal_unet_gabor_r34,Metal-U-Net Gabor Stack (ResNet34),metallography,texture-aware,Unet,resnet34,gabor3,24.438109,10.82966685295105
4130-steel,4130 Steel,Steel,4130 x 10 (1).jpg,0.5394118617715123,0.7007488237378593,0.7009819878472222,metal_unet_lbp_r34,Metal-U-Net LBP Stack (ResNet34),metallography,texture-aware,Unet,resnet34,lbp3,24.438109,5.943994045257568
4130-steel,4130 Steel,Steel,4130 x 10 (2).jpg,0.4974968228764829,0.6642269387416264,0.6650661892361112,metal_unet_lbp_r34,Metal-U-Net LBP Stack (ResNet34),metallography,texture-aware,Unet,resnet34,lbp3,24.438109,5.943994045257568
4130-steel,4130 Steel,Steel,4130 x 10 (3).jpg,0.49282653727467773,0.6602578678733089,0.6602647569444444,metal_unet_lbp_r34,Metal-U-Net LBP Stack (ResNet34),metallography,texture-aware,Unet,resnet34,lbp3,24.438109,5.943994045257568
4130-steel,4130 Steel,Steel,4130 x 10 (4).jpg,0.4890911221616566,0.6568980967994097,0.6569010416666666,metal_unet_lbp_r34,Metal-U-Net LBP Stack (ResNet34),metallography,texture-aware,Unet,resnet34,lbp3,24.438109,5.943994045257568
4130-steel,4130 Steel,Steel,4130 x 10 (5).jpg,0.419430424672557,0.5717101395360161,0.635986328125,metal_unet_lbp_r34,Metal-U-Net LBP Stack (ResNet34),metallography,texture-aware,Unet,resnet34,lbp3,24.438109,5.943994045257568
4130-steel,4130 Steel,Steel,4130 x 10 (6).jpg,0.4621686395470174,0.6164829285658882,0.6730685763888888,metal_unet_lbp_r34,Metal-U-Net LBP Stack (ResNet34),metallography,texture-aware,Unet,resnet34,lbp3,24.438109,5.943994045257568
4130-steel,4130 Steel,Steel,4130 x 10 (7).jpg,0.4535697530513293,0.6086848848666102,0.6634114583333334,metal_unet_lbp_r34,Metal-U-Net LBP Stack (ResNet34),metallography,texture-aware,Unet,resnet34,lbp3,24.438109,5.943994045257568
4130-steel,4130 Steel,Steel,4130 x 10 (8).jpg,0.43659190573485807,0.5948535180010381,0.6398111979166666,metal_unet_lbp_r34,Metal-U-Net LBP Stack (ResNet34),metallography,texture-aware,Unet,resnet34,lbp3,24.438109,5.943994045257568
4130-steel,4130 Steel,Steel,4130 x 10 (9).jpg,0.45882598870251645,0.6154390109335053,0.6643880208333334,metal_unet_lbp_r34,Metal-U-Net LBP Stack (ResNet34),metallography,texture-aware,Unet,resnet34,lbp3,24.438109,5.943994045257568
4130-steel,4130 Steel,Steel,4130 x 10 (10).jpg,0.4477318396333949,0.6086171586482556,0.6438530815972222,metal_unet_lbp_r34,Metal-U-Net LBP Stack (ResNet34),metallography,texture-aware,Unet,resnet34,lbp3,24.438109,5.943994045257568
4130-steel,4130 Steel,Steel,4130 x 10 (11).jpg,0.42451334143751773,0.5875234032730027,0.6165907118055556,metal_unet_lbp_r34,Metal-U-Net LBP Stack (ResNet34),metallography,texture-aware,Unet,resnet34,lbp3,24.438109,5.943994045257568
4130-steel,4130 Steel,Steel,4130 x 10 (12).jpg,0.45029463946623427,0.6147457923438864,0.6371256510416666,metal_unet_lbp_r34,Metal-U-Net LBP Stack (ResNet34),metallography,texture-aware,Unet,resnet34,lbp3,24.438109,5.943994045257568
4130-steel,4130 Steel,Steel,4130 x 10 (13).jpg,0.45720900202656234,0.621482400076314,0.6434461805555556,metal_unet_lbp_r34,Metal-U-Net LBP Stack (ResNet34),metallography,texture-aware,Unet,resnet34,lbp3,24.438109,5.943994045257568
4130-steel,4130 Steel,Steel,4130 x 10 (14).jpg,0.4309901707985163,0.5969503098608617,0.6158040364583334,metal_unet_lbp_r34,Metal-U-Net LBP Stack (ResNet34),metallography,texture-aware,Unet,resnet34,lbp3,24.438109,5.943994045257568
4130-steel,4130 Steel,Steel,4130 x 10 (15).jpg,0.4401739653778857,0.6040413876067612,0.6295572916666666,metal_unet_lbp_r34,Metal-U-Net LBP Stack (ResNet34),metallography,texture-aware,Unet,resnet34,lbp3,24.438109,5.943994045257568
4130-steel,4130 Steel,Steel,4130 x 10 (16).jpg,0.43486370907562655,0.5938859347362886,0.6363118489583334,metal_unet_lbp_r34,Metal-U-Net LBP Stack (ResNet34),metallography,texture-aware,Unet,resnet34,lbp3,24.438109,5.943994045257568
4130-steel,4130 Steel,Steel,4130 x 10 (17).jpg,0.4165972013588992,0.5818151770102225,0.6033528645833334,metal_unet_lbp_r34,Metal-U-Net LBP Stack (ResNet34),metallography,texture-aware,Unet,resnet34,lbp3,24.438109,5.943994045257568
4130-steel,4130 Steel,Steel,4130 x 10 (18).jpg,0.4517317149761194,0.6152349979533769,0.6407877604166666,metal_unet_lbp_r34,Metal-U-Net LBP Stack (ResNet34),metallography,texture-aware,Unet,resnet34,lbp3,24.438109,5.943994045257568
4130-steel,4130 Steel,Steel,4130 x 10 (19).jpg,0.4748899318189702,0.6352007459801723,0.6679958767361112,metal_unet_lbp_r34,Metal-U-Net LBP Stack (ResNet34),metallography,texture-aware,Unet,resnet34,lbp3,24.438109,5.943994045257568
4130-steel,4130 Steel,Steel,4130 x 10 (20).jpg,0.4741478919703608,0.6323435096323358,0.6730414496527778,metal_unet_lbp_r34,Metal-U-Net LBP Stack (ResNet34),metallography,texture-aware,Unet,resnet34,lbp3,24.438109,5.943994045257568
4130-steel,4130 Steel,Steel,4130 x 20 (1).jpg,0.5330571068275987,0.6830702568864129,0.734375,metal_unet_lbp_r34,Metal-U-Net LBP Stack (ResNet34),metallography,texture-aware,Unet,resnet34,lbp3,24.438109,5.943994045257568
4130-steel,4130 Steel,Steel,4130 x 20 (2).jpg,0.4985830825488331,0.6487358747958717,0.7128634982638888,metal_unet_lbp_r34,Metal-U-Net LBP Stack (ResNet34),metallography,texture-aware,Unet,resnet34,lbp3,24.438109,5.943994045257568
4130-steel,4130 Steel,Steel,4130 x 20 (3).jpg,0.5174869450489188,0.6686608030969967,0.7223849826388888,metal_unet_lbp_r34,Metal-U-Net LBP Stack (ResNet34),metallography,texture-aware,Unet,resnet34,lbp3,24.438109,5.943994045257568
4130-steel,4130 Steel,Steel,4130 x 20 (4).jpg,0.47190520061496777,0.6186421779662598,0.7004123263888888,metal_unet_lbp_r34,Metal-U-Net LBP Stack (ResNet34),metallography,texture-aware,Unet,resnet34,lbp3,24.438109,5.943994045257568
4130-steel,4130 Steel,Steel,4130 x 20 (5).jpg,0.5718446983741756,0.7275697800011369,0.7277560763888888,metal_unet_lbp_r34,Metal-U-Net LBP Stack (ResNet34),metallography,texture-aware,Unet,resnet34,lbp3,24.438109,5.943994045257568
4130-steel,4130 Steel,Steel,4130 x 20 (6).jpg,0.6102328118172679,0.7579359125525,0.7579752604166666,metal_unet_lbp_r34,Metal-U-Net LBP Stack (ResNet34),metallography,texture-aware,Unet,resnet34,lbp3,24.438109,5.943994045257568
4130-steel,4130 Steel,Steel,4130 x 20 (7).jpg,0.6364158133564233,0.777813352558826,0.77783203125,metal_unet_lbp_r34,Metal-U-Net LBP Stack (ResNet34),metallography,texture-aware,Unet,resnet34,lbp3,24.438109,5.943994045257568
4130-steel,4130 Steel,Steel,4130 x 20 (8).jpg,0.6080257427038818,0.756238736027588,0.7562391493055556,metal_unet_lbp_r34,Metal-U-Net LBP Stack (ResNet34),metallography,texture-aware,Unet,resnet34,lbp3,24.438109,5.943994045257568
4130-steel,4130 Steel,Steel,4130 x 20 (9).jpg,0.5922026174795227,0.743693071242891,0.7446017795138888,metal_unet_lbp_r34,Metal-U-Net LBP Stack (ResNet34),metallography,texture-aware,Unet,resnet34,lbp3,24.438109,5.943994045257568
4130-steel,4130 Steel,Steel,4130 x 20 (10).jpg,0.6507057581531983,0.7883710127257535,0.7885199652777778,metal_unet_lbp_r34,Metal-U-Net LBP Stack (ResNet34),metallography,texture-aware,Unet,resnet34,lbp3,24.438109,5.943994045257568
4130-steel,4130 Steel,Steel,4130 x 20 (11).jpg,0.631966821164307,0.7738014024638674,0.7775065104166666,metal_unet_lbp_r34,Metal-U-Net LBP Stack (ResNet34),metallography,texture-aware,Unet,resnet34,lbp3,24.438109,5.943994045257568
4130-steel,4130 Steel,Steel,4130 x 20 (12).jpg,0.6441886081028326,0.7831794680964552,0.7855088975694444,metal_unet_lbp_r34,Metal-U-Net LBP Stack (ResNet34),metallography,texture-aware,Unet,resnet34,lbp3,24.438109,5.943994045257568
4130-steel,4130 Steel,Steel,4130 x 20 (13).jpg,0.6508892585688117,0.7881318784881185,0.7904188368055556,metal_unet_lbp_r34,Metal-U-Net LBP Stack (ResNet34),metallography,texture-aware,Unet,resnet34,lbp3,24.438109,5.943994045257568
4130-steel,4130 Steel,Steel,4130 x 20 (14).jpg,0.6597858040188004,0.7944945882672111,0.797607421875,metal_unet_lbp_r34,Metal-U-Net LBP Stack (ResNet34),metallography,texture-aware,Unet,resnet34,lbp3,24.438109,5.943994045257568
4130-steel,4130 Steel,Steel,4130 x 20 (15).jpg,0.6184160004140371,0.7641684193727115,0.7644585503472222,metal_unet_lbp_r34,Metal-U-Net LBP Stack (ResNet34),metallography,texture-aware,Unet,resnet34,lbp3,24.438109,5.943994045257568
4130-steel,4130 Steel,Steel,4130 x 20 (16).jpg,0.5923473370565199,0.7439199912205163,0.7442762586805556,metal_unet_lbp_r34,Metal-U-Net LBP Stack (ResNet34),metallography,texture-aware,Unet,resnet34,lbp3,24.438109,5.943994045257568
4130-steel,4130 Steel,Steel,4130 x 20 (17).jpg,0.6122282001282482,0.7594775675844052,0.7594943576388888,metal_unet_lbp_r34,Metal-U-Net LBP Stack (ResNet34),metallography,texture-aware,Unet,resnet34,lbp3,24.438109,5.943994045257568
4130-steel,4130 Steel,Steel,4130 x 20 (18).jpg,0.6322938972361214,0.7743672758469343,0.7763400607638888,metal_unet_lbp_r34,Metal-U-Net LBP Stack (ResNet34),metallography,texture-aware,Unet,resnet34,lbp3,24.438109,5.943994045257568
4130-steel,4130 Steel,Steel,4130 x 20 (19).jpg,0.597390097318471,0.7479215223859705,0.7481011284722222,metal_unet_lbp_r34,Metal-U-Net LBP Stack (ResNet34),metallography,texture-aware,Unet,resnet34,lbp3,24.438109,5.943994045257568
4130-steel,4130 Steel,Steel,4130 x 20 (20).jpg,0.5916284784525292,0.7433531674028575,0.7437065972222222,metal_unet_lbp_r34,Metal-U-Net LBP Stack (ResNet34),metallography,texture-aware,Unet,resnet34,lbp3,24.438109,5.943994045257568
418-17-4ph-x20,418 Printed 17-4 PH Steel,Steel,x20 (1).jpg,0.35915948081067917,0.5248769216188891,0.5361328125,metal_unet_lbp_r34,Metal-U-Net LBP Stack (ResNet34),metallography,texture-aware,Unet,resnet34,lbp3,24.438109,5.943994045257568
418-17-4ph-x20,418 Printed 17-4 PH Steel,Steel,x20 (2).jpg,0.3044383107436951,0.45094235765276847,0.49560546875,metal_unet_lbp_r34,Metal-U-Net LBP Stack (ResNet34),metallography,texture-aware,Unet,resnet34,lbp3,24.438109,5.943994045257568
418-17-4ph-x20,418 Printed 17-4 PH Steel,Steel,x20 (3).jpg,0.26003614208946435,0.39319517178932656,0.4449598524305556,metal_unet_lbp_r34,Metal-U-Net LBP Stack (ResNet34),metallography,texture-aware,Unet,resnet34,lbp3,24.438109,5.943994045257568
418-17-4ph-x20,418 Printed 17-4 PH Steel,Steel,x20 (4).jpg,0.24438385559927345,0.3747214117241339,0.4216579861111111,metal_unet_lbp_r34,Metal-U-Net LBP Stack (ResNet34),metallography,texture-aware,Unet,resnet34,lbp3,24.438109,5.943994045257568
418-17-4ph-x20,418 Printed 17-4 PH Steel,Steel,x20 (5).jpg,0.23126554406730934,0.3651350243191662,0.3922254774305556,metal_unet_lbp_r34,Metal-U-Net LBP Stack (ResNet34),metallography,texture-aware,Unet,resnet34,lbp3,24.438109,5.943994045257568
418-17-4ph-x20,418 Printed 17-4 PH Steel,Steel,x20 (6).jpg,0.32287867337625764,0.48636206134504145,0.4916178385416667,metal_unet_lbp_r34,Metal-U-Net LBP Stack (ResNet34),metallography,texture-aware,Unet,resnet34,lbp3,24.438109,5.943994045257568
418-17-4ph-x20,418 Printed 17-4 PH Steel,Steel,x20 (7).jpg,0.3309757008304147,0.4957844032384904,0.5004340277777778,metal_unet_lbp_r34,Metal-U-Net LBP Stack (ResNet34),metallography,texture-aware,Unet,resnet34,lbp3,24.438109,5.943994045257568
418-17-4ph-x20,418 Printed 17-4 PH Steel,Steel,x20 (8).jpg,0.2736306535434663,0.41487613658186695,0.4549967447916667,metal_unet_lbp_r34,Metal-U-Net LBP Stack (ResNet34),metallography,texture-aware,Unet,resnet34,lbp3,24.438109,5.943994045257568
418-17-4ph-x20,418 Printed 17-4 PH Steel,Steel,x20 (9).jpg,0.40478593471764335,0.5748951159979852,0.57958984375,metal_unet_lbp_r34,Metal-U-Net LBP Stack (ResNet34),metallography,texture-aware,Unet,resnet34,lbp3,24.438109,5.943994045257568
418-17-4ph-x20,418 Printed 17-4 PH Steel,Steel,x20 (10).jpg,0.31736447120778283,0.4695828993965946,0.5048828125,metal_unet_lbp_r34,Metal-U-Net LBP Stack (ResNet34),metallography,texture-aware,Unet,resnet34,lbp3,24.438109,5.943994045257568
418-17-4ph-x20,418 Printed 17-4 PH Steel,Steel,x20 (11).jpg,0.18458155659613357,0.28348202686517154,0.3509385850694444,metal_unet_lbp_r34,Metal-U-Net LBP Stack (ResNet34),metallography,texture-aware,Unet,resnet34,lbp3,24.438109,5.943994045257568
418-17-4ph-x20,418 Printed 17-4 PH Steel,Steel,x20 (12).jpg,0.16966908812460238,0.2645748510221943,0.3248426649305556,metal_unet_lbp_r34,Metal-U-Net LBP Stack (ResNet34),metallography,texture-aware,Unet,resnet34,lbp3,24.438109,5.943994045257568
418-17-4ph-x20,418 Printed 17-4 PH Steel,Steel,x20 (13).jpg,0.08010754409492707,0.1403368663555693,0.15763346354166666,metal_unet_lbp_r34,Metal-U-Net LBP Stack (ResNet34),metallography,texture-aware,Unet,resnet34,lbp3,24.438109,5.943994045257568
418-17-4ph-x20,418 Printed 17-4 PH Steel,Steel,x20 (14).jpg,0.1618003914813926,0.251674926217664,0.3144259982638889,metal_unet_lbp_r34,Metal-U-Net LBP Stack (ResNet34),metallography,texture-aware,Unet,resnet34,lbp3,24.438109,5.943994045257568
418-17-4ph-x20,418 Printed 17-4 PH Steel,Steel,x20 (15).jpg,0.19146160692076922,0.2862825110149378,0.3705783420138889,metal_unet_lbp_r34,Metal-U-Net LBP Stack (ResNet34),metallography,texture-aware,Unet,resnet34,lbp3,24.438109,5.943994045257568
418-17-4ph-x20,418 Printed 17-4 PH Steel,Steel,x20 (16).jpg,0.1687598121371161,0.26178520813728895,0.3253580729166667,metal_unet_lbp_r34,Metal-U-Net LBP Stack (ResNet34),metallography,texture-aware,Unet,resnet34,lbp3,24.438109,5.943994045257568
418-17-4ph-x20,418 Printed 17-4 PH Steel,Steel,x20 (17).jpg,0.12033081115819319,0.20005415575248925,0.23326280381944445,metal_unet_lbp_r34,Metal-U-Net LBP Stack (ResNet34),metallography,texture-aware,Unet,resnet34,lbp3,24.438109,5.943994045257568
418-17-4ph-x20,418 Printed 17-4 PH Steel,Steel,x20 (18).jpg,0.15074726472536779,0.2405386859042827,0.2902560763888889,metal_unet_lbp_r34,Metal-U-Net LBP Stack (ResNet34),metallography,texture-aware,Unet,resnet34,lbp3,24.438109,5.943994045257568
418-17-4ph-x20,418 Printed 17-4 PH Steel,Steel,x20 (19).jpg,0.1736656307725225,0.2659994505738834,0.3367241753472222,metal_unet_lbp_r34,Metal-U-Net LBP Stack (ResNet34),metallography,texture-aware,Unet,resnet34,lbp3,24.438109,5.943994045257568
418-17-4ph-x20,418 Printed 17-4 PH Steel,Steel,x20 (20).jpg,0.28265984640085773,0.3955940712307152,0.5154351128472222,metal_unet_lbp_r34,Metal-U-Net LBP Stack (ResNet34),metallography,texture-aware,Unet,resnet34,lbp3,24.438109,5.943994045257568
418-17-4ph-x20,418 Printed 17-4 PH Steel,Steel,x20 (21).jpg,0.26350867866522776,0.38687239407723883,0.4664171006944444,metal_unet_lbp_r34,Metal-U-Net LBP Stack (ResNet34),metallography,texture-aware,Unet,resnet34,lbp3,24.438109,5.943994045257568
418-17-4ph-x5,418 Printed 17-4 PH Steel,Steel,x5 (1).jpg,0.7609043422278029,0.8472922182016385,0.9750705295138888,metal_unet_lbp_r34,Metal-U-Net LBP Stack (ResNet34),metallography,texture-aware,Unet,resnet34,lbp3,24.438109,5.943994045257568
418-17-4ph-x5,418 Printed 17-4 PH Steel,Steel,x5 (2).jpg,0.799499001811647,0.8780230176369874,0.9751247829861112,metal_unet_lbp_r34,Metal-U-Net LBP Stack (ResNet34),metallography,texture-aware,Unet,resnet34,lbp3,24.438109,5.943994045257568
418-17-4ph-x5,418 Printed 17-4 PH Steel,Steel,x5 (3).jpg,0.7837539455500648,0.8646271927713549,0.9832356770833334,metal_unet_lbp_r34,Metal-U-Net LBP Stack (ResNet34),metallography,texture-aware,Unet,resnet34,lbp3,24.438109,5.943994045257568
418-17-4ph-x5,418 Printed 17-4 PH Steel,Steel,x5 (4).jpg,0.7712591526935746,0.8563973203018396,0.9715711805555556,metal_unet_lbp_r34,Metal-U-Net LBP Stack (ResNet34),metallography,texture-aware,Unet,resnet34,lbp3,24.438109,5.943994045257568
418-17-4ph-x5,418 Printed 17-4 PH Steel,Steel,x5 (5).jpg,0.8883334372277885,0.9387861110012639,0.9748263888888888,metal_unet_lbp_r34,Metal-U-Net LBP Stack (ResNet34),metallography,texture-aware,Unet,resnet34,lbp3,24.438109,5.943994045257568
418-17-4ph-x5,418 Printed 17-4 PH Steel,Steel,x5 (6).jpg,0.8063278111364429,0.8834771622869191,0.9726291232638888,metal_unet_lbp_r34,Metal-U-Net LBP Stack (ResNet34),metallography,texture-aware,Unet,resnet34,lbp3,24.438109,5.943994045257568
418-17-4ph-x5,418 Printed 17-4 PH Steel,Steel,x5 (7).jpg,0.7523942707408027,0.8402294537690733,0.9743381076388888,metal_unet_lbp_r34,Metal-U-Net LBP Stack (ResNet34),metallography,texture-aware,Unet,resnet34,lbp3,24.438109,5.943994045257568
418-17-4ph-x5,418 Printed 17-4 PH Steel,Steel,x5 (8).jpg,0.7557810686423403,0.8420606905941241,0.980224609375,metal_unet_lbp_r34,Metal-U-Net LBP Stack (ResNet34),metallography,texture-aware,Unet,resnet34,lbp3,24.438109,5.943994045257568
418-17-4ph-x5,418 Printed 17-4 PH Steel,Steel,x5 (9).jpg,0.7629633034625583,0.8485479492922334,0.977783203125,metal_unet_lbp_r34,Metal-U-Net LBP Stack (ResNet34),metallography,texture-aware,Unet,resnet34,lbp3,24.438109,5.943994045257568
418-17-4ph-x5,418 Printed 17-4 PH Steel,Steel,x5 (10).jpg,0.764800264847697,0.8499996803638372,0.9782443576388888,metal_unet_lbp_r34,Metal-U-Net LBP Stack (ResNet34),metallography,texture-aware,Unet,resnet34,lbp3,24.438109,5.943994045257568
418-17-4ph-x5,418 Printed 17-4 PH Steel,Steel,x5 (11).jpg,0.7435418540248682,0.8328330487497765,0.9730088975694444,metal_unet_lbp_r34,Metal-U-Net LBP Stack (ResNet34),metallography,texture-aware,Unet,resnet34,lbp3,24.438109,5.943994045257568
418-17-4ph-x5,418 Printed 17-4 PH Steel,Steel,x5 (12).jpg,0.7763477565773879,0.8594695201123296,0.9781629774305556,metal_unet_lbp_r34,Metal-U-Net LBP Stack (ResNet34),metallography,texture-aware,Unet,resnet34,lbp3,24.438109,5.943994045257568
418-17-4ph-x5,418 Printed 17-4 PH Steel,Steel,x5 (13).jpg,0.7470663819511976,0.8344335524907507,0.9807942708333334,metal_unet_lbp_r34,Metal-U-Net LBP Stack (ResNet34),metallography,texture-aware,Unet,resnet34,lbp3,24.438109,5.943994045257568
418-17-4ph-x5,418 Printed 17-4 PH Steel,Steel,x5 (14).jpg,0.784734816406238,0.8658059906157318,0.9805772569444444,metal_unet_lbp_r34,Metal-U-Net LBP Stack (ResNet34),metallography,texture-aware,Unet,resnet34,lbp3,24.438109,5.943994045257568
418-17-4ph-x5,418 Printed 17-4 PH Steel,Steel,x5 (15).jpg,0.8099652454436227,0.8879371714586355,0.9580891927083334,metal_unet_lbp_r34,Metal-U-Net LBP Stack (ResNet34),metallography,texture-aware,Unet,resnet34,lbp3,24.438109,5.943994045257568
418-17-4ph-x5,418 Printed 17-4 PH Steel,Steel,x5 (16).jpg,0.8111989077994505,0.887987261191771,0.9651421440972222,metal_unet_lbp_r34,Metal-U-Net LBP Stack (ResNet34),metallography,texture-aware,Unet,resnet34,lbp3,24.438109,5.943994045257568
418-17-4ph-x5,418 Printed 17-4 PH Steel,Steel,x5 (17).jpg,0.8633831222717372,0.9237251578554895,0.9654676649305556,metal_unet_lbp_r34,Metal-U-Net LBP Stack (ResNet34),metallography,texture-aware,Unet,resnet34,lbp3,24.438109,5.943994045257568
418-17-4ph-x5,418 Printed 17-4 PH Steel,Steel,x5 (18).jpg,0.7036831349490557,0.7982065635050921,0.9641655815972222,metal_unet_lbp_r34,Metal-U-Net LBP Stack (ResNet34),metallography,texture-aware,Unet,resnet34,lbp3,24.438109,5.943994045257568
418-17-4ph-x5,418 Printed 17-4 PH Steel,Steel,x5 (19).jpg,0.7488016458107452,0.8371365153452885,0.9743923611111112,metal_unet_lbp_r34,Metal-U-Net LBP Stack (ResNet34),metallography,texture-aware,Unet,resnet34,lbp3,24.438109,5.943994045257568
418-17-4ph-x5,418 Printed 17-4 PH Steel,Steel,x5 (20).jpg,0.7462562154310297,0.8351376089348166,0.9733072916666666,metal_unet_lbp_r34,Metal-U-Net LBP Stack (ResNet34),metallography,texture-aware,Unet,resnet34,lbp3,24.438109,5.943994045257568
418-17-4ph-x5,418 Printed 17-4 PH Steel,Steel,x5 (21).jpg,0.7429863520703215,0.8313910590785083,0.9780002170138888,metal_unet_lbp_r34,Metal-U-Net LBP Stack (ResNet34),metallography,texture-aware,Unet,resnet34,lbp3,24.438109,5.943994045257568
418-17-4ph-x5,418 Printed 17-4 PH Steel,Steel,x5 (22).jpg,0.7260697291778458,0.8182017266536734,0.9683430989583334,metal_unet_lbp_r34,Metal-U-Net LBP Stack (ResNet34),metallography,texture-aware,Unet,resnet34,lbp3,24.438109,5.943994045257568
418-17-4ph-x5,418 Printed 17-4 PH Steel,Steel,x5 (23).jpg,0.73989059513369,0.8294677254501139,0.9738498263888888,metal_unet_lbp_r34,Metal-U-Net LBP Stack (ResNet34),metallography,texture-aware,Unet,resnet34,lbp3,24.438109,5.943994045257568
418-17-4ph-x5,418 Printed 17-4 PH Steel,Steel,x5 (24).jpg,0.7642356656490975,0.8497090917261458,0.9771864149305556,metal_unet_lbp_r34,Metal-U-Net LBP Stack (ResNet34),metallography,texture-aware,Unet,resnet34,lbp3,24.438109,5.943994045257568
418-17-4ph-x5,418 Printed 17-4 PH Steel,Steel,x5 (25).jpg,0.720903006882011,0.812918817874327,0.9709201388888888,metal_unet_lbp_r34,Metal-U-Net LBP Stack (ResNet34),metallography,texture-aware,Unet,resnet34,lbp3,24.438109,5.943994045257568
5884-armor-steel,5884 Armor Steel,Steel,5884 x 5 (1).jpg,0.45479484961885697,0.6057914455327794,0.674560546875,metal_unet_lbp_r34,Metal-U-Net LBP Stack (ResNet34),metallography,texture-aware,Unet,resnet34,lbp3,24.438109,5.943994045257568
5884-armor-steel,5884 Armor Steel,Steel,5884 x 5 (2).jpg,0.39154911534475517,0.5341869381815699,0.6240776909722222,metal_unet_lbp_r34,Metal-U-Net LBP Stack (ResNet34),metallography,texture-aware,Unet,resnet34,lbp3,24.438109,5.943994045257568
5884-armor-steel,5884 Armor Steel,Steel,5884 x 5 (3).jpg,0.4983719555130405,0.6522528369531153,0.7025010850694444,metal_unet_lbp_r34,Metal-U-Net LBP Stack (ResNet34),metallography,texture-aware,Unet,resnet34,lbp3,24.438109,5.943994045257568
5884-armor-steel,5884 Armor Steel,Steel,5884 x 5 (4).jpg,0.5942372854770535,0.7450904585199813,0.7470160590277778,metal_unet_lbp_r34,Metal-U-Net LBP Stack (ResNet34),metallography,texture-aware,Unet,resnet34,lbp3,24.438109,5.943994045257568
5884-armor-steel,5884 Armor Steel,Steel,5884 x 5 (5).jpg,0.574484990578911,0.7153198490022021,0.7804090711805556,metal_unet_lbp_r34,Metal-U-Net LBP Stack (ResNet34),metallography,texture-aware,Unet,resnet34,lbp3,24.438109,5.943994045257568
5884-armor-steel,5884 Armor Steel,Steel,5884 x 10 (1).jpg,0.6747364848879485,0.8038365893274373,0.8157009548611112,metal_unet_lbp_r34,Metal-U-Net LBP Stack (ResNet34),metallography,texture-aware,Unet,resnet34,lbp3,24.438109,5.943994045257568
5884-armor-steel,5884 Armor Steel,Steel,5884 x 10 (2).jpg,0.6761644267917131,0.805893248171776,0.8114691840277778,metal_unet_lbp_r34,Metal-U-Net LBP Stack (ResNet34),metallography,texture-aware,Unet,resnet34,lbp3,24.438109,5.943994045257568
5884-armor-steel,5884 Armor Steel,Steel,5884 x 10 (3).jpg,0.6311855935171987,0.7728997911468127,0.7782931857638888,metal_unet_lbp_r34,Metal-U-Net LBP Stack (ResNet34),metallography,texture-aware,Unet,resnet34,lbp3,24.438109,5.943994045257568
5884-armor-steel,5884 Armor Steel,Steel,5884 x 10 (4).jpg,0.6396264131780669,0.7801959836700258,0.7802734375,metal_unet_lbp_r34,Metal-U-Net LBP Stack (ResNet34),metallography,texture-aware,Unet,resnet34,lbp3,24.438109,5.943994045257568
5884-armor-steel,5884 Armor Steel,Steel,5884 x 10 (5).jpg,0.5948900196704314,0.745976852515188,0.7460666232638888,metal_unet_lbp_r34,Metal-U-Net LBP Stack (ResNet34),metallography,texture-aware,Unet,resnet34,lbp3,24.438109,5.943994045257568
5884-armor-steel,5884 Armor Steel,Steel,5884 x 10 (6).jpg,0.6009588946823354,0.7505565141571093,0.7515190972222222,metal_unet_lbp_r34,Metal-U-Net LBP Stack (ResNet34),metallography,texture-aware,Unet,resnet34,lbp3,24.438109,5.943994045257568
5884-armor-steel,5884 Armor Steel,Steel,5884 x 20 (1).jpg,0.7797227156209077,0.8694524736276419,0.9281412760416666,metal_unet_lbp_r34,Metal-U-Net LBP Stack (ResNet34),metallography,texture-aware,Unet,resnet34,lbp3,24.438109,5.943994045257568
5884-armor-steel,5884 Armor Steel,Steel,5884 x 20 (2).jpg,0.7698929957756735,0.8636183970184517,0.9166937934027778,metal_unet_lbp_r34,Metal-U-Net LBP Stack (ResNet34),metallography,texture-aware,Unet,resnet34,lbp3,24.438109,5.943994045257568
5884-armor-steel,5884 Armor Steel,Steel,5884 x 20 (3).jpg,0.8465697398992256,0.9169106482610262,0.9169108072916666,metal_unet_lbp_r34,Metal-U-Net LBP Stack (ResNet34),metallography,texture-aware,Unet,resnet34,lbp3,24.438109,5.943994045257568
5884-armor-steel,5884 Armor Steel,Steel,5884 x 20 (4).jpg,0.7543925694935534,0.8556346319032606,0.8902723524305556,metal_unet_lbp_r34,Metal-U-Net LBP Stack (ResNet34),metallography,texture-aware,Unet,resnet34,lbp3,24.438109,5.943994045257568
5884-armor-steel,5884 Armor Steel,Steel,5884 x 20 (5).jpg,0.7862631647917765,0.8786388491944197,0.8943956163194444,metal_unet_lbp_r34,Metal-U-Net LBP Stack (ResNet34),metallography,texture-aware,Unet,resnet34,lbp3,24.438109,5.943994045257568
5884-armor-steel,5884 Armor Steel,Steel,5884 x 20 (6).jpg,0.7023594208461297,0.8208328985712425,0.8493109809027778,metal_unet_lbp_r34,Metal-U-Net LBP Stack (ResNet34),metallography,texture-aware,Unet,resnet34,lbp3,24.438109,5.943994045257568
5884-armor-steel,5884 Armor Steel,Steel,5884 x 50 (1).jpg,0.7218871542808817,0.8384787163054304,0.8385145399305556,metal_unet_lbp_r34,Metal-U-Net LBP Stack (ResNet34),metallography,texture-aware,Unet,resnet34,lbp3,24.438109,5.943994045257568
5884-armor-steel,5884 Armor Steel,Steel,5884 x 50 (2).jpg,0.7257023180737141,0.8398460880036789,0.8485785590277778,metal_unet_lbp_r34,Metal-U-Net LBP Stack (ResNet34),metallography,texture-aware,Unet,resnet34,lbp3,24.438109,5.943994045257568
5884-armor-steel,5884 Armor Steel,Steel,5884 x 50 (3).jpg,0.7516665825365663,0.8580060183106077,0.8598090277777778,metal_unet_lbp_r34,Metal-U-Net LBP Stack (ResNet34),metallography,texture-aware,Unet,resnet34,lbp3,24.438109,5.943994045257568
5884-armor-steel,5884 Armor Steel,Steel,5884 x 50 (4).jpg,0.6702721577688615,0.8025886933430697,0.8025987413194444,metal_unet_lbp_r34,Metal-U-Net LBP Stack (ResNet34),metallography,texture-aware,Unet,resnet34,lbp3,24.438109,5.943994045257568
6280-cast-iron-high,6280 Gray Cast Iron,Cast Iron,6280 x 20 (1).jpg,0.5676219258992239,0.682131227691496,0.8564724392361112,metal_unet_lbp_r34,Metal-U-Net LBP Stack (ResNet34),metallography,texture-aware,Unet,resnet34,lbp3,24.438109,5.943994045257568
6280-cast-iron-high,6280 Gray Cast Iron,Cast Iron,6280 x 20 (2).jpg,0.5512390034330628,0.6634069550656385,0.8512369791666666,metal_unet_lbp_r34,Metal-U-Net LBP Stack (ResNet34),metallography,texture-aware,Unet,resnet34,lbp3,24.438109,5.943994045257568
6280-cast-iron-high,6280 Gray Cast Iron,Cast Iron,6280 x 20 (3).jpg,0.5464546159271119,0.6618710985366469,0.83935546875,metal_unet_lbp_r34,Metal-U-Net LBP Stack (ResNet34),metallography,texture-aware,Unet,resnet34,lbp3,24.438109,5.943994045257568
6280-cast-iron-high,6280 Gray Cast Iron,Cast Iron,6280 x 20 (4).jpg,0.5804163737322262,0.6951756162113735,0.8635525173611112,metal_unet_lbp_r34,Metal-U-Net LBP Stack (ResNet34),metallography,texture-aware,Unet,resnet34,lbp3,24.438109,5.943994045257568
6280-cast-iron-high,6280 Gray Cast Iron,Cast Iron,6280 x 20 (5).jpg,0.5450177699335562,0.6525926863799076,0.8578559027777778,metal_unet_lbp_r34,Metal-U-Net LBP Stack (ResNet34),metallography,texture-aware,Unet,resnet34,lbp3,24.438109,5.943994045257568
6280-cast-iron-high,6280 Gray Cast Iron,Cast Iron,6280 x 20 (6).jpg,0.5709723049509221,0.6841244574774563,0.8623318142361112,metal_unet_lbp_r34,Metal-U-Net LBP Stack (ResNet34),metallography,texture-aware,Unet,resnet34,lbp3,24.438109,5.943994045257568
6280-cast-iron-high,6280 Gray Cast Iron,Cast Iron,6280 x 20 (7).jpg,0.5628716835344012,0.6665718858210519,0.8814561631944444,metal_unet_lbp_r34,Metal-U-Net LBP Stack (ResNet34),metallography,texture-aware,Unet,resnet34,lbp3,24.438109,5.943994045257568
6280-cast-iron-high,6280 Gray Cast Iron,Cast Iron,6280 x 20 (8).jpg,0.5894799658565791,0.7066768218034352,0.8612196180555556,metal_unet_lbp_r34,Metal-U-Net LBP Stack (ResNet34),metallography,texture-aware,Unet,resnet34,lbp3,24.438109,5.943994045257568
6280-cast-iron-high,6280 Gray Cast Iron,Cast Iron,6280 x 20 (9).jpg,0.5501396196611867,0.657481441214085,0.8625217013888888,metal_unet_lbp_r34,Metal-U-Net LBP Stack (ResNet34),metallography,texture-aware,Unet,resnet34,lbp3,24.438109,5.943994045257568
6280-cast-iron-high,6280 Gray Cast Iron,Cast Iron,6280 x 20 (10).jpg,0.5728424988751235,0.6819819396571946,0.8744303385416666,metal_unet_lbp_r34,Metal-U-Net LBP Stack (ResNet34),metallography,texture-aware,Unet,resnet34,lbp3,24.438109,5.943994045257568
6280-cast-iron-low,6280 Gray Cast Iron,Cast Iron,6280 x 10 (1).jpg,0.48882615635796434,0.6449635857695889,0.7276204427083334,metal_unet_lbp_r34,Metal-U-Net LBP Stack (ResNet34),metallography,texture-aware,Unet,resnet34,lbp3,24.438109,5.943994045257568
6280-cast-iron-low,6280 Gray Cast Iron,Cast Iron,6280 x 10 (2).jpg,0.5050401478036307,0.663037841483331,0.7315538194444444,metal_unet_lbp_r34,Metal-U-Net LBP Stack (ResNet34),metallography,texture-aware,Unet,resnet34,lbp3,24.438109,5.943994045257568
6280-cast-iron-low,6280 Gray Cast Iron,Cast Iron,6280 x 10 (3).jpg,0.49739014860690384,0.6503312652513268,0.7412380642361112,metal_unet_lbp_r34,Metal-U-Net LBP Stack (ResNet34),metallography,texture-aware,Unet,resnet34,lbp3,24.438109,5.943994045257568
6280-cast-iron-low,6280 Gray Cast Iron,Cast Iron,6280 x 10 (4).jpg,0.5005442769593588,0.6531175824143769,0.7455783420138888,metal_unet_lbp_r34,Metal-U-Net LBP Stack (ResNet34),metallography,texture-aware,Unet,resnet34,lbp3,24.438109,5.943994045257568
6280-cast-iron-low,6280 Gray Cast Iron,Cast Iron,6280 x 10 (5).jpg,0.3926659185678778,0.5486780170828366,0.6454264322916666,metal_unet_lbp_r34,Metal-U-Net LBP Stack (ResNet34),metallography,texture-aware,Unet,resnet34,lbp3,24.438109,5.943994045257568
6280-cast-iron-low,6280 Gray Cast Iron,Cast Iron,6280 x 10 (6).jpg,0.4834200098036328,0.6382044699817749,0.7277560763888888,metal_unet_lbp_r34,Metal-U-Net LBP Stack (ResNet34),metallography,texture-aware,Unet,resnet34,lbp3,24.438109,5.943994045257568
6280-cast-iron-low,6280 Gray Cast Iron,Cast Iron,6280 x 10 (7).jpg,0.4402856442366878,0.6038845521906895,0.6675618489583334,metal_unet_lbp_r34,Metal-U-Net LBP Stack (ResNet34),metallography,texture-aware,Unet,resnet34,lbp3,24.438109,5.943994045257568
6280-cast-iron-low,6280 Gray Cast Iron,Cast Iron,6280 x 10 (8).jpg,0.4858180215255044,0.6384535094110477,0.7348361545138888,metal_unet_lbp_r34,Metal-U-Net LBP Stack (ResNet34),metallography,texture-aware,Unet,resnet34,lbp3,24.438109,5.943994045257568
6280-cast-iron-low,6280 Gray Cast Iron,Cast Iron,6280 x 10 (9).jpg,0.4642458814872404,0.6251617648881793,0.6955837673611112,metal_unet_lbp_r34,Metal-U-Net LBP Stack (ResNet34),metallography,texture-aware,Unet,resnet34,lbp3,24.438109,5.943994045257568
6280-cast-iron-low,6280 Gray Cast Iron,Cast Iron,6280 x 10 (10).jpg,0.4609415267035725,0.6111394448351416,0.7230902777777778,metal_unet_lbp_r34,Metal-U-Net LBP Stack (ResNet34),metallography,texture-aware,Unet,resnet34,lbp3,24.438109,5.943994045257568
6280-cast-iron-low,6280 Gray Cast Iron,Cast Iron,6280 x 10 (11).jpg,0.40076731933872384,0.5580256516843369,0.6526421440972222,metal_unet_lbp_r34,Metal-U-Net LBP Stack (ResNet34),metallography,texture-aware,Unet,resnet34,lbp3,24.438109,5.943994045257568
4130-steel,4130 Steel,Steel,4130 x 10 (1).jpg,0.5422786119091998,0.6994541631736513,0.7157389322916666,metal_unetpp_gray_r34,Metal-U-Net++ Gray (ResNet34),metallography,micrograph-contrast,UnetPlusPlus,resnet34,gray,26.074077,9.596150159835815
4130-steel,4130 Steel,Steel,4130 x 10 (2).jpg,0.49611847091157835,0.6623692527139953,0.6656901041666666,metal_unetpp_gray_r34,Metal-U-Net++ Gray (ResNet34),metallography,micrograph-contrast,UnetPlusPlus,resnet34,gray,26.074077,9.596150159835815
4130-steel,4130 Steel,Steel,4130 x 10 (3).jpg,0.45316495658568773,0.6159197028532108,0.6439344618055556,metal_unetpp_gray_r34,Metal-U-Net++ Gray (ResNet34),metallography,micrograph-contrast,UnetPlusPlus,resnet34,gray,26.074077,9.596150159835815
4130-steel,4130 Steel,Steel,4130 x 10 (4).jpg,0.44462805442825215,0.6068258025861081,0.6377766927083334,metal_unetpp_gray_r34,Metal-U-Net++ Gray (ResNet34),metallography,micrograph-contrast,UnetPlusPlus,resnet34,gray,26.074077,9.596150159835815
4130-steel,4130 Steel,Steel,4130 x 10 (5).jpg,0.47350262801026577,0.642603812486138,0.6429307725694444,metal_unetpp_gray_r34,Metal-U-Net++ Gray (ResNet34),metallography,micrograph-contrast,UnetPlusPlus,resnet34,gray,26.074077,9.596150159835815
4130-steel,4130 Steel,Steel,4130 x 10 (6).jpg,0.5458322390649952,0.7057459823538362,0.7077365451388888,metal_unetpp_gray_r34,Metal-U-Net++ Gray (ResNet34),metallography,micrograph-contrast,UnetPlusPlus,resnet34,gray,26.074077,9.596150159835815
4130-steel,4130 Steel,Steel,4130 x 10 (7).jpg,0.5676193462676762,0.7238367732992934,0.7254231770833334,metal_unetpp_gray_r34,Metal-U-Net++ Gray (ResNet34),metallography,micrograph-contrast,UnetPlusPlus,resnet34,gray,26.074077,9.596150159835815
4130-steel,4130 Steel,Steel,4130 x 10 (8).jpg,0.5670436335527945,0.722135211974138,0.7293836805555556,metal_unetpp_gray_r34,Metal-U-Net++ Gray (ResNet34),metallography,micrograph-contrast,UnetPlusPlus,resnet34,gray,26.074077,9.596150159835815
4130-steel,4130 Steel,Steel,4130 x 10 (9).jpg,0.551369027026053,0.7099073714237184,0.7139485677083334,metal_unetpp_gray_r34,Metal-U-Net++ Gray (ResNet34),metallography,micrograph-contrast,UnetPlusPlus,resnet34,gray,26.074077,9.596150159835815
4130-steel,4130 Steel,Steel,4130 x 10 (10).jpg,0.5695232154528148,0.7236679629388197,0.7331814236111112,metal_unetpp_gray_r34,Metal-U-Net++ Gray (ResNet34),metallography,micrograph-contrast,UnetPlusPlus,resnet34,gray,26.074077,9.596150159835815
4130-steel,4130 Steel,Steel,4130 x 10 (11).jpg,0.5703241666302452,0.7231268909480842,0.7381184895833334,metal_unetpp_gray_r34,Metal-U-Net++ Gray (ResNet34),metallography,micrograph-contrast,UnetPlusPlus,resnet34,gray,26.074077,9.596150159835815
4130-steel,4130 Steel,Steel,4130 x 10 (12).jpg,0.5717246490530676,0.7246443424047774,0.7379286024305556,metal_unetpp_gray_r34,Metal-U-Net++ Gray (ResNet34),metallography,micrograph-contrast,UnetPlusPlus,resnet34,gray,26.074077,9.596150159835815
4130-steel,4130 Steel,Steel,4130 x 10 (13).jpg,0.5611052695935601,0.7160909748865179,0.7285970052083334,metal_unetpp_gray_r34,Metal-U-Net++ Gray (ResNet34),metallography,micrograph-contrast,UnetPlusPlus,resnet34,gray,26.074077,9.596150159835815
4130-steel,4130 Steel,Steel,4130 x 10 (14).jpg,0.5858713271407303,0.7356544665792053,0.7510036892361112,metal_unetpp_gray_r34,Metal-U-Net++ Gray (ResNet34),metallography,micrograph-contrast,UnetPlusPlus,resnet34,gray,26.074077,9.596150159835815
4130-steel,4130 Steel,Steel,4130 x 10 (15).jpg,0.5527527158195998,0.7086763985919975,0.7232530381944444,metal_unetpp_gray_r34,Metal-U-Net++ Gray (ResNet34),metallography,micrograph-contrast,UnetPlusPlus,resnet34,gray,26.074077,9.596150159835815
4130-steel,4130 Steel,Steel,4130 x 10 (16).jpg,0.538901643072799,0.6985441517707769,0.7064344618055556,metal_unetpp_gray_r34,Metal-U-Net++ Gray (ResNet34),metallography,micrograph-contrast,UnetPlusPlus,resnet34,gray,26.074077,9.596150159835815
4130-steel,4130 Steel,Steel,4130 x 10 (17).jpg,0.5887322629651617,0.7375694221197442,0.7547200520833334,metal_unetpp_gray_r34,Metal-U-Net++ Gray (ResNet34),metallography,micrograph-contrast,UnetPlusPlus,resnet34,gray,26.074077,9.596150159835815
4130-steel,4130 Steel,Steel,4130 x 10 (18).jpg,0.5728029781026711,0.7257827425212807,0.7378743489583334,metal_unetpp_gray_r34,Metal-U-Net++ Gray (ResNet34),metallography,micrograph-contrast,UnetPlusPlus,resnet34,gray,26.074077,9.596150159835815
4130-steel,4130 Steel,Steel,4130 x 10 (19).jpg,0.5472494533897284,0.7058595252464781,0.7125651041666666,metal_unetpp_gray_r34,Metal-U-Net++ Gray (ResNet34),metallography,micrograph-contrast,UnetPlusPlus,resnet34,gray,26.074077,9.596150159835815
4130-steel,4130 Steel,Steel,4130 x 10 (20).jpg,0.5333370370265226,0.6948327859568466,0.6983506944444444,metal_unetpp_gray_r34,Metal-U-Net++ Gray (ResNet34),metallography,micrograph-contrast,UnetPlusPlus,resnet34,gray,26.074077,9.596150159835815
4130-steel,4130 Steel,Steel,4130 x 20 (1).jpg,0.6088649114188665,0.7525984432595791,0.7742241753472222,metal_unetpp_gray_r34,Metal-U-Net++ Gray (ResNet34),metallography,micrograph-contrast,UnetPlusPlus,resnet34,gray,26.074077,9.596150159835815
4130-steel,4130 Steel,Steel,4130 x 20 (2).jpg,0.5863161552429048,0.7355043060015028,0.7532552083333334,metal_unetpp_gray_r34,Metal-U-Net++ Gray (ResNet34),metallography,micrograph-contrast,UnetPlusPlus,resnet34,gray,26.074077,9.596150159835815
4130-steel,4130 Steel,Steel,4130 x 20 (3).jpg,0.6110518388006754,0.7558135427502679,0.7698838975694444,metal_unetpp_gray_r34,Metal-U-Net++ Gray (ResNet34),metallography,micrograph-contrast,UnetPlusPlus,resnet34,gray,26.074077,9.596150159835815
4130-steel,4130 Steel,Steel,4130 x 20 (4).jpg,0.5329432851454172,0.6853093934852976,0.7271321614583334,metal_unetpp_gray_r34,Metal-U-Net++ Gray (ResNet34),metallography,micrograph-contrast,UnetPlusPlus,resnet34,gray,26.074077,9.596150159835815
4130-steel,4130 Steel,Steel,4130 x 20 (5).jpg,0.724579994611978,0.8402874716906783,0.8403591579861112,metal_unetpp_gray_r34,Metal-U-Net++ Gray (ResNet34),metallography,micrograph-contrast,UnetPlusPlus,resnet34,gray,26.074077,9.596150159835815
4130-steel,4130 Steel,Steel,4130 x 20 (6).jpg,0.7390879654934381,0.8499245486463585,0.8502875434027778,metal_unetpp_gray_r34,Metal-U-Net++ Gray (ResNet34),metallography,micrograph-contrast,UnetPlusPlus,resnet34,gray,26.074077,9.596150159835815
4130-steel,4130 Steel,Steel,4130 x 20 (7).jpg,0.7346700621559759,0.8468909529145547,0.8480360243055556,metal_unetpp_gray_r34,Metal-U-Net++ Gray (ResNet34),metallography,micrograph-contrast,UnetPlusPlus,resnet34,gray,26.074077,9.596150159835815
4130-steel,4130 Steel,Steel,4130 x 20 (8).jpg,0.7416563604610549,0.8516392051886896,0.8518608940972222,metal_unetpp_gray_r34,Metal-U-Net++ Gray (ResNet34),metallography,micrograph-contrast,UnetPlusPlus,resnet34,gray,26.074077,9.596150159835815
4130-steel,4130 Steel,Steel,4130 x 20 (9).jpg,0.7382189846873066,0.8493036630951132,0.8500162760416666,metal_unetpp_gray_r34,Metal-U-Net++ Gray (ResNet34),metallography,micrograph-contrast,UnetPlusPlus,resnet34,gray,26.074077,9.596150159835815
4130-steel,4130 Steel,Steel,4130 x 20 (10).jpg,0.7493672062600973,0.8565094334556191,0.8582628038194444,metal_unetpp_gray_r34,Metal-U-Net++ Gray (ResNet34),metallography,micrograph-contrast,UnetPlusPlus,resnet34,gray,26.074077,9.596150159835815
4130-steel,4130 Steel,Steel,4130 x 20 (11).jpg,0.7447658504650652,0.8532099791329106,0.8571506076388888,metal_unetpp_gray_r34,Metal-U-Net++ Gray (ResNet34),metallography,micrograph-contrast,UnetPlusPlus,resnet34,gray,26.074077,9.596150159835815
4130-steel,4130 Steel,Steel,4130 x 20 (12).jpg,0.7510201250415127,0.8574965561287082,0.8599989149305556,metal_unetpp_gray_r34,Metal-U-Net++ Gray (ResNet34),metallography,micrograph-contrast,UnetPlusPlus,resnet34,gray,26.074077,9.596150159835815
4130-steel,4130 Steel,Steel,4130 x 20 (13).jpg,0.7546776284965315,0.8597291723418393,0.8634711371527778,metal_unetpp_gray_r34,Metal-U-Net++ Gray (ResNet34),metallography,micrograph-contrast,UnetPlusPlus,resnet34,gray,26.074077,9.596150159835815
4130-steel,4130 Steel,Steel,4130 x 20 (14).jpg,0.7421211103492862,0.8514510463468123,0.8554958767361112,metal_unetpp_gray_r34,Metal-U-Net++ Gray (ResNet34),metallography,micrograph-contrast,UnetPlusPlus,resnet34,gray,26.074077,9.596150159835815
4130-steel,4130 Steel,Steel,4130 x 20 (15).jpg,0.727719889119889,0.8421969719763722,0.8437228732638888,metal_unetpp_gray_r34,Metal-U-Net++ Gray (ResNet34),metallography,micrograph-contrast,UnetPlusPlus,resnet34,gray,26.074077,9.596150159835815
4130-steel,4130 Steel,Steel,4130 x 20 (16).jpg,0.7167907319806387,0.8349987416903062,0.8352593315972222,metal_unetpp_gray_r34,Metal-U-Net++ Gray (ResNet34),metallography,micrograph-contrast,UnetPlusPlus,resnet34,gray,26.074077,9.596150159835815
4130-steel,4130 Steel,Steel,4130 x 20 (17).jpg,0.7056914919690329,0.827414295501353,0.8276909722222222,metal_unetpp_gray_r34,Metal-U-Net++ Gray (ResNet34),metallography,micrograph-contrast,UnetPlusPlus,resnet34,gray,26.074077,9.596150159835815
4130-steel,4130 Steel,Steel,4130 x 20 (18).jpg,0.7402063485760597,0.8506810771220452,0.8509114583333334,metal_unetpp_gray_r34,Metal-U-Net++ Gray (ResNet34),metallography,micrograph-contrast,UnetPlusPlus,resnet34,gray,26.074077,9.596150159835815
4130-steel,4130 Steel,Steel,4130 x 20 (19).jpg,0.7284672982692447,0.8429049418350998,0.8429090711805556,metal_unetpp_gray_r34,Metal-U-Net++ Gray (ResNet34),metallography,micrograph-contrast,UnetPlusPlus,resnet34,gray,26.074077,9.596150159835815
4130-steel,4130 Steel,Steel,4130 x 20 (20).jpg,0.7195838257731577,0.8369212896494973,0.8369683159722222,metal_unetpp_gray_r34,Metal-U-Net++ Gray (ResNet34),metallography,micrograph-contrast,UnetPlusPlus,resnet34,gray,26.074077,9.596150159835815
418-17-4ph-x20,418 Printed 17-4 PH Steel,Steel,x20 (1).jpg,0.40090645451365686,0.5156037492405703,0.6895073784722222,metal_unetpp_gray_r34,Metal-U-Net++ Gray (ResNet34),metallography,micrograph-contrast,UnetPlusPlus,resnet34,gray,26.074077,9.596150159835815
418-17-4ph-x20,418 Printed 17-4 PH Steel,Steel,x20 (2).jpg,0.49475458070788625,0.6067698871922318,0.8024088541666666,metal_unetpp_gray_r34,Metal-U-Net++ Gray (ResNet34),metallography,micrograph-contrast,UnetPlusPlus,resnet34,gray,26.074077,9.596150159835815
418-17-4ph-x20,418 Printed 17-4 PH Steel,Steel,x20 (3).jpg,0.509454555932033,0.6197732510909065,0.8203125,metal_unetpp_gray_r34,Metal-U-Net++ Gray (ResNet34),metallography,micrograph-contrast,UnetPlusPlus,resnet34,gray,26.074077,9.596150159835815
418-17-4ph-x20,418 Printed 17-4 PH Steel,Steel,x20 (4).jpg,0.5373422425547022,0.6452150937039727,0.8508029513888888,metal_unetpp_gray_r34,Metal-U-Net++ Gray (ResNet34),metallography,micrograph-contrast,UnetPlusPlus,resnet34,gray,26.074077,9.596150159835815
418-17-4ph-x20,418 Printed 17-4 PH Steel,Steel,x20 (5).jpg,0.5043830151679322,0.6112322283712524,0.8231336805555556,metal_unetpp_gray_r34,Metal-U-Net++ Gray (ResNet34),metallography,micrograph-contrast,UnetPlusPlus,resnet34,gray,26.074077,9.596150159835815
418-17-4ph-x20,418 Printed 17-4 PH Steel,Steel,x20 (6).jpg,0.39289808609410565,0.5057963644358565,0.6822102864583334,metal_unetpp_gray_r34,Metal-U-Net++ Gray (ResNet34),metallography,micrograph-contrast,UnetPlusPlus,resnet34,gray,26.074077,9.596150159835815
418-17-4ph-x20,418 Printed 17-4 PH Steel,Steel,x20 (7).jpg,0.39838308492024366,0.5320399861970097,0.6504177517361112,metal_unetpp_gray_r34,Metal-U-Net++ Gray (ResNet34),metallography,micrograph-contrast,UnetPlusPlus,resnet34,gray,26.074077,9.596150159835815
418-17-4ph-x20,418 Printed 17-4 PH Steel,Steel,x20 (8).jpg,0.4933631960170633,0.6008738654424342,0.8107367621527778,metal_unetpp_gray_r34,Metal-U-Net++ Gray (ResNet34),metallography,micrograph-contrast,UnetPlusPlus,resnet34,gray,26.074077,9.596150159835815
418-17-4ph-x20,418 Printed 17-4 PH Steel,Steel,x20 (9).jpg,0.33840280025926217,0.4601915040867298,0.5899522569444444,metal_unetpp_gray_r34,Metal-U-Net++ Gray (ResNet34),metallography,micrograph-contrast,UnetPlusPlus,resnet34,gray,26.074077,9.596150159835815
418-17-4ph-x20,418 Printed 17-4 PH Steel,Steel,x20 (10).jpg,0.4635156156514833,0.5761014773415958,0.7686631944444444,metal_unetpp_gray_r34,Metal-U-Net++ Gray (ResNet34),metallography,micrograph-contrast,UnetPlusPlus,resnet34,gray,26.074077,9.596150159835815
418-17-4ph-x20,418 Printed 17-4 PH Steel,Steel,x20 (11).jpg,0.06257975621196561,0.11599341792329977,0.11981879340277778,metal_unetpp_gray_r34,Metal-U-Net++ Gray (ResNet34),metallography,micrograph-contrast,UnetPlusPlus,resnet34,gray,26.074077,9.596150159835815
418-17-4ph-x20,418 Printed 17-4 PH Steel,Steel,x20 (12).jpg,0.07353168234643055,0.13341728699764616,0.14111328125,metal_unetpp_gray_r34,Metal-U-Net++ Gray (ResNet34),metallography,micrograph-contrast,UnetPlusPlus,resnet34,gray,26.074077,9.596150159835815
418-17-4ph-x20,418 Printed 17-4 PH Steel,Steel,x20 (13).jpg,0.06705918054065782,0.12045081947403383,0.1316460503472222,metal_unetpp_gray_r34,Metal-U-Net++ Gray (ResNet34),metallography,micrograph-contrast,UnetPlusPlus,resnet34,gray,26.074077,9.596150159835815
418-17-4ph-x20,418 Printed 17-4 PH Steel,Steel,x20 (14).jpg,0.044420474914944524,0.0836391146267081,0.08661566840277778,metal_unetpp_gray_r34,Metal-U-Net++ Gray (ResNet34),metallography,micrograph-contrast,UnetPlusPlus,resnet34,gray,26.074077,9.596150159835815
418-17-4ph-x20,418 Printed 17-4 PH Steel,Steel,x20 (15).jpg,0.054700095712699834,0.10133166063760025,0.10639105902777778,metal_unetpp_gray_r34,Metal-U-Net++ Gray (ResNet34),metallography,micrograph-contrast,UnetPlusPlus,resnet34,gray,26.074077,9.596150159835815
418-17-4ph-x20,418 Printed 17-4 PH Steel,Steel,x20 (16).jpg,0.06356025809512965,0.11672299630469332,0.12269422743055555,metal_unetpp_gray_r34,Metal-U-Net++ Gray (ResNet34),metallography,micrograph-contrast,UnetPlusPlus,resnet34,gray,26.074077,9.596150159835815
418-17-4ph-x20,418 Printed 17-4 PH Steel,Steel,x20 (17).jpg,0.056266563145914585,0.10389960566474303,0.10948350694444445,metal_unetpp_gray_r34,Metal-U-Net++ Gray (ResNet34),metallography,micrograph-contrast,UnetPlusPlus,resnet34,gray,26.074077,9.596150159835815
418-17-4ph-x20,418 Printed 17-4 PH Steel,Steel,x20 (18).jpg,0.06059652675938115,0.11174847715677735,0.11710611979166667,metal_unetpp_gray_r34,Metal-U-Net++ Gray (ResNet34),metallography,micrograph-contrast,UnetPlusPlus,resnet34,gray,26.074077,9.596150159835815
418-17-4ph-x20,418 Printed 17-4 PH Steel,Steel,x20 (19).jpg,0.05373634382777051,0.09974120310090169,0.1044921875,metal_unetpp_gray_r34,Metal-U-Net++ Gray (ResNet34),metallography,micrograph-contrast,UnetPlusPlus,resnet34,gray,26.074077,9.596150159835815
418-17-4ph-x20,418 Printed 17-4 PH Steel,Steel,x20 (20).jpg,0.3822226136654632,0.5469821727824488,0.5664605034722222,metal_unetpp_gray_r34,Metal-U-Net++ Gray (ResNet34),metallography,micrograph-contrast,UnetPlusPlus,resnet34,gray,26.074077,9.596150159835815
418-17-4ph-x20,418 Printed 17-4 PH Steel,Steel,x20 (21).jpg,0.3993182238412023,0.5629249050458303,0.5885959201388888,metal_unetpp_gray_r34,Metal-U-Net++ Gray (ResNet34),metallography,micrograph-contrast,UnetPlusPlus,resnet34,gray,26.074077,9.596150159835815
418-17-4ph-x5,418 Printed 17-4 PH Steel,Steel,x5 (1).jpg,0.6356820184512029,0.7376600172104544,0.9282497829861112,metal_unetpp_gray_r34,Metal-U-Net++ Gray (ResNet34),metallography,micrograph-contrast,UnetPlusPlus,resnet34,gray,26.074077,9.596150159835815
418-17-4ph-x5,418 Printed 17-4 PH Steel,Steel,x5 (2).jpg,0.6923793287776351,0.7930240465846065,0.9400227864583334,metal_unetpp_gray_r34,Metal-U-Net++ Gray (ResNet34),metallography,micrograph-contrast,UnetPlusPlus,resnet34,gray,26.074077,9.596150159835815
418-17-4ph-x5,418 Printed 17-4 PH Steel,Steel,x5 (3).jpg,0.6404510997288,0.7378264032848232,0.94482421875,metal_unetpp_gray_r34,Metal-U-Net++ Gray (ResNet34),metallography,micrograph-contrast,UnetPlusPlus,resnet34,gray,26.074077,9.596150159835815
418-17-4ph-x5,418 Printed 17-4 PH Steel,Steel,x5 (4).jpg,0.5454027387652821,0.6553760968977876,0.8522677951388888,metal_unetpp_gray_r34,Metal-U-Net++ Gray (ResNet34),metallography,micrograph-contrast,UnetPlusPlus,resnet34,gray,26.074077,9.596150159835815
418-17-4ph-x5,418 Printed 17-4 PH Steel,Steel,x5 (5).jpg,0.7512797482988265,0.8481297564770656,0.9228244357638888,metal_unetpp_gray_r34,Metal-U-Net++ Gray (ResNet34),metallography,micrograph-contrast,UnetPlusPlus,resnet34,gray,26.074077,9.596150159835815
418-17-4ph-x5,418 Printed 17-4 PH Steel,Steel,x5 (6).jpg,0.6771614748887476,0.7812041624799326,0.927734375,metal_unetpp_gray_r34,Metal-U-Net++ Gray (ResNet34),metallography,micrograph-contrast,UnetPlusPlus,resnet34,gray,26.074077,9.596150159835815
418-17-4ph-x5,418 Printed 17-4 PH Steel,Steel,x5 (7).jpg,0.6467853122642957,0.7482462887450898,0.9335394965277778,metal_unetpp_gray_r34,Metal-U-Net++ Gray (ResNet34),metallography,micrograph-contrast,UnetPlusPlus,resnet34,gray,26.074077,9.596150159835815
418-17-4ph-x5,418 Printed 17-4 PH Steel,Steel,x5 (8).jpg,0.6234953035141584,0.7208892032064635,0.9372016059027778,metal_unetpp_gray_r34,Metal-U-Net++ Gray (ResNet34),metallography,micrograph-contrast,UnetPlusPlus,resnet34,gray,26.074077,9.596150159835815
418-17-4ph-x5,418 Printed 17-4 PH Steel,Steel,x5 (9).jpg,0.6579727237902616,0.7573559106163554,0.9435221354166666,metal_unetpp_gray_r34,Metal-U-Net++ Gray (ResNet34),metallography,micrograph-contrast,UnetPlusPlus,resnet34,gray,26.074077,9.596150159835815
418-17-4ph-x5,418 Printed 17-4 PH Steel,Steel,x5 (10).jpg,0.6534934680474094,0.7522914497148323,0.9444444444444444,metal_unetpp_gray_r34,Metal-U-Net++ Gray (ResNet34),metallography,micrograph-contrast,UnetPlusPlus,resnet34,gray,26.074077,9.596150159835815
418-17-4ph-x5,418 Printed 17-4 PH Steel,Steel,x5 (11).jpg,0.6307148824936997,0.7326129118631228,0.9266221788194444,metal_unetpp_gray_r34,Metal-U-Net++ Gray (ResNet34),metallography,micrograph-contrast,UnetPlusPlus,resnet34,gray,26.074077,9.596150159835815
418-17-4ph-x5,418 Printed 17-4 PH Steel,Steel,x5 (12).jpg,0.6494031490832667,0.7497442796688194,0.9380696614583334,metal_unetpp_gray_r34,Metal-U-Net++ Gray (ResNet34),metallography,micrograph-contrast,UnetPlusPlus,resnet34,gray,26.074077,9.596150159835815
418-17-4ph-x5,418 Printed 17-4 PH Steel,Steel,x5 (13).jpg,0.6221390074327959,0.7175380258978714,0.9423828125,metal_unetpp_gray_r34,Metal-U-Net++ Gray (ResNet34),metallography,micrograph-contrast,UnetPlusPlus,resnet34,gray,26.074077,9.596150159835815
418-17-4ph-x5,418 Printed 17-4 PH Steel,Steel,x5 (14).jpg,0.6634102881095708,0.7621865192769035,0.94677734375,metal_unetpp_gray_r34,Metal-U-Net++ Gray (ResNet34),metallography,micrograph-contrast,UnetPlusPlus,resnet34,gray,26.074077,9.596150159835815
418-17-4ph-x5,418 Printed 17-4 PH Steel,Steel,x5 (15).jpg,0.7304533381132889,0.8303431363008233,0.9261067708333334,metal_unetpp_gray_r34,Metal-U-Net++ Gray (ResNet34),metallography,micrograph-contrast,UnetPlusPlus,resnet34,gray,26.074077,9.596150159835815
418-17-4ph-x5,418 Printed 17-4 PH Steel,Steel,x5 (16).jpg,0.6543260444028589,0.7666331402449872,0.8956705729166666,metal_unetpp_gray_r34,Metal-U-Net++ Gray (ResNet34),metallography,micrograph-contrast,UnetPlusPlus,resnet34,gray,26.074077,9.596150159835815
418-17-4ph-x5,418 Printed 17-4 PH Steel,Steel,x5 (17).jpg,0.7190251845691347,0.8252161599144081,0.9013943142361112,metal_unetpp_gray_r34,Metal-U-Net++ Gray (ResNet34),metallography,micrograph-contrast,UnetPlusPlus,resnet34,gray,26.074077,9.596150159835815
418-17-4ph-x5,418 Printed 17-4 PH Steel,Steel,x5 (18).jpg,0.6082622564550787,0.7101753415477317,0.9159884982638888,metal_unetpp_gray_r34,Metal-U-Net++ Gray (ResNet34),metallography,micrograph-contrast,UnetPlusPlus,resnet34,gray,26.074077,9.596150159835815
418-17-4ph-x5,418 Printed 17-4 PH Steel,Steel,x5 (19).jpg,0.6245055620458777,0.7257882813946485,0.9259168836805556,metal_unetpp_gray_r34,Metal-U-Net++ Gray (ResNet34),metallography,micrograph-contrast,UnetPlusPlus,resnet34,gray,26.074077,9.596150159835815
418-17-4ph-x5,418 Printed 17-4 PH Steel,Steel,x5 (20).jpg,0.6084245453708336,0.710825166919254,0.9146592881944444,metal_unetpp_gray_r34,Metal-U-Net++ Gray (ResNet34),metallography,micrograph-contrast,UnetPlusPlus,resnet34,gray,26.074077,9.596150159835815
418-17-4ph-x5,418 Printed 17-4 PH Steel,Steel,x5 (21).jpg,0.5916466478249693,0.689949210762981,0.9159613715277778,metal_unetpp_gray_r34,Metal-U-Net++ Gray (ResNet34),metallography,micrograph-contrast,UnetPlusPlus,resnet34,gray,26.074077,9.596150159835815
418-17-4ph-x5,418 Printed 17-4 PH Steel,Steel,x5 (22).jpg,0.593923065717576,0.6984560164943745,0.9003634982638888,metal_unetpp_gray_r34,Metal-U-Net++ Gray (ResNet34),metallography,micrograph-contrast,UnetPlusPlus,resnet34,gray,26.074077,9.596150159835815
418-17-4ph-x5,418 Printed 17-4 PH Steel,Steel,x5 (23).jpg,0.6115076408961414,0.711884221256973,0.9222005208333334,metal_unetpp_gray_r34,Metal-U-Net++ Gray (ResNet34),metallography,micrograph-contrast,UnetPlusPlus,resnet34,gray,26.074077,9.596150159835815
418-17-4ph-x5,418 Printed 17-4 PH Steel,Steel,x5 (24).jpg,0.6243529024128277,0.7254100841190265,0.9265407986111112,metal_unetpp_gray_r34,Metal-U-Net++ Gray (ResNet34),metallography,micrograph-contrast,UnetPlusPlus,resnet34,gray,26.074077,9.596150159835815
418-17-4ph-x5,418 Printed 17-4 PH Steel,Steel,x5 (25).jpg,0.6024017124603305,0.702925792411175,0.9166395399305556,metal_unetpp_gray_r34,Metal-U-Net++ Gray (ResNet34),metallography,micrograph-contrast,UnetPlusPlus,resnet34,gray,26.074077,9.596150159835815
5884-armor-steel,5884 Armor Steel,Steel,5884 x 5 (1).jpg,0.5574708392908914,0.7109960921347129,0.7327202690972222,metal_unetpp_gray_r34,Metal-U-Net++ Gray (ResNet34),metallography,micrograph-contrast,UnetPlusPlus,resnet34,gray,26.074077,9.596150159835815
5884-armor-steel,5884 Armor Steel,Steel,5884 x 5 (2).jpg,0.6274840340053729,0.7694215720156246,0.7784288194444444,metal_unetpp_gray_r34,Metal-U-Net++ Gray (ResNet34),metallography,micrograph-contrast,UnetPlusPlus,resnet34,gray,26.074077,9.596150159835815
5884-armor-steel,5884 Armor Steel,Steel,5884 x 5 (3).jpg,0.6777508967225168,0.8071087969309145,0.8121744791666666,metal_unetpp_gray_r34,Metal-U-Net++ Gray (ResNet34),metallography,micrograph-contrast,UnetPlusPlus,resnet34,gray,26.074077,9.596150159835815
5884-armor-steel,5884 Armor Steel,Steel,5884 x 5 (4).jpg,0.633022871278937,0.7748182166522054,0.7773166232638888,metal_unetpp_gray_r34,Metal-U-Net++ Gray (ResNet34),metallography,micrograph-contrast,UnetPlusPlus,resnet34,gray,26.074077,9.596150159835815
5884-armor-steel,5884 Armor Steel,Steel,5884 x 5 (5).jpg,0.6646035179062953,0.7935587047610102,0.822509765625,metal_unetpp_gray_r34,Metal-U-Net++ Gray (ResNet34),metallography,micrograph-contrast,UnetPlusPlus,resnet34,gray,26.074077,9.596150159835815
5884-armor-steel,5884 Armor Steel,Steel,5884 x 10 (1).jpg,0.7357917655704351,0.8470406015041937,0.8526746961805556,metal_unetpp_gray_r34,Metal-U-Net++ Gray (ResNet34),metallography,micrograph-contrast,UnetPlusPlus,resnet34,gray,26.074077,9.596150159835815
5884-armor-steel,5884 Armor Steel,Steel,5884 x 10 (2).jpg,0.755310262260226,0.8604873967331454,0.8614095052083334,metal_unetpp_gray_r34,Metal-U-Net++ Gray (ResNet34),metallography,micrograph-contrast,UnetPlusPlus,resnet34,gray,26.074077,9.596150159835815
5884-armor-steel,5884 Armor Steel,Steel,5884 x 10 (3).jpg,0.6633379362242069,0.7938157422359857,0.8159450954861112,metal_unetpp_gray_r34,Metal-U-Net++ Gray (ResNet34),metallography,micrograph-contrast,UnetPlusPlus,resnet34,gray,26.074077,9.596150159835815
5884-armor-steel,5884 Armor Steel,Steel,5884 x 10 (4).jpg,0.7627780748734774,0.8651459547960505,0.8675130208333334,metal_unetpp_gray_r34,Metal-U-Net++ Gray (ResNet34),metallography,micrograph-contrast,UnetPlusPlus,resnet34,gray,26.074077,9.596150159835815
5884-armor-steel,5884 Armor Steel,Steel,5884 x 10 (5).jpg,0.6660298490864256,0.79868004346776,0.8038194444444444,metal_unetpp_gray_r34,Metal-U-Net++ Gray (ResNet34),metallography,micrograph-contrast,UnetPlusPlus,resnet34,gray,26.074077,9.596150159835815
5884-armor-steel,5884 Armor Steel,Steel,5884 x 10 (6).jpg,0.7099501207789591,0.8288381673346513,0.83935546875,metal_unetpp_gray_r34,Metal-U-Net++ Gray (ResNet34),metallography,micrograph-contrast,UnetPlusPlus,resnet34,gray,26.074077,9.596150159835815
5884-armor-steel,5884 Armor Steel,Steel,5884 x 20 (1).jpg,0.7082091455414224,0.8171552698606648,0.8949652777777778,metal_unetpp_gray_r34,Metal-U-Net++ Gray (ResNet34),metallography,micrograph-contrast,UnetPlusPlus,resnet34,gray,26.074077,9.596150159835815
5884-armor-steel,5884 Armor Steel,Steel,5884 x 20 (2).jpg,0.729577792190935,0.8346282357224406,0.898193359375,metal_unetpp_gray_r34,Metal-U-Net++ Gray (ResNet34),metallography,micrograph-contrast,UnetPlusPlus,resnet34,gray,26.074077,9.596150159835815
5884-armor-steel,5884 Armor Steel,Steel,5884 x 20 (3).jpg,0.8727951864736867,0.9320703895939761,0.9321831597222222,metal_unetpp_gray_r34,Metal-U-Net++ Gray (ResNet34),metallography,micrograph-contrast,UnetPlusPlus,resnet34,gray,26.074077,9.596150159835815
5884-armor-steel,5884 Armor Steel,Steel,5884 x 20 (4).jpg,0.7416900850849475,0.8466985658002986,0.8842502170138888,metal_unetpp_gray_r34,Metal-U-Net++ Gray (ResNet34),metallography,micrograph-contrast,UnetPlusPlus,resnet34,gray,26.074077,9.596150159835815
5884-armor-steel,5884 Armor Steel,Steel,5884 x 20 (5).jpg,0.729726823945173,0.8417559633120149,0.8563368055555556,metal_unetpp_gray_r34,Metal-U-Net++ Gray (ResNet34),metallography,micrograph-contrast,UnetPlusPlus,resnet34,gray,26.074077,9.596150159835815
5884-armor-steel,5884 Armor Steel,Steel,5884 x 20 (6).jpg,0.6193944879167125,0.7609623418396969,0.78173828125,metal_unetpp_gray_r34,Metal-U-Net++ Gray (ResNet34),metallography,micrograph-contrast,UnetPlusPlus,resnet34,gray,26.074077,9.596150159835815
5884-armor-steel,5884 Armor Steel,Steel,5884 x 50 (1).jpg,0.7060487244175684,0.8275150310070561,0.8287760416666666,metal_unetpp_gray_r34,Metal-U-Net++ Gray (ResNet34),metallography,micrograph-contrast,UnetPlusPlus,resnet34,gray,26.074077,9.596150159835815
5884-armor-steel,5884 Armor Steel,Steel,5884 x 50 (2).jpg,0.6947785130533093,0.8172021493632625,0.8346896701388888,metal_unetpp_gray_r34,Metal-U-Net++ Gray (ResNet34),metallography,micrograph-contrast,UnetPlusPlus,resnet34,gray,26.074077,9.596150159835815
5884-armor-steel,5884 Armor Steel,Steel,5884 x 50 (3).jpg,0.7642738972891139,0.8663731112861964,0.8665093315972222,metal_unetpp_gray_r34,Metal-U-Net++ Gray (ResNet34),metallography,micrograph-contrast,UnetPlusPlus,resnet34,gray,26.074077,9.596150159835815
5884-armor-steel,5884 Armor Steel,Steel,5884 x 50 (4).jpg,0.6630177101087167,0.7967723461454376,0.80029296875,metal_unetpp_gray_r34,Metal-U-Net++ Gray (ResNet34),metallography,micrograph-contrast,UnetPlusPlus,resnet34,gray,26.074077,9.596150159835815
6280-cast-iron-high,6280 Gray Cast Iron,Cast Iron,6280 x 20 (1).jpg,0.509949604324937,0.6634838139552881,0.7110188802083334,metal_unetpp_gray_r34,Metal-U-Net++ Gray (ResNet34),metallography,micrograph-contrast,UnetPlusPlus,resnet34,gray,26.074077,9.596150159835815
6280-cast-iron-high,6280 Gray Cast Iron,Cast Iron,6280 x 20 (2).jpg,0.485955367972451,0.6383424557144304,0.6975368923611112,metal_unetpp_gray_r34,Metal-U-Net++ Gray (ResNet34),metallography,micrograph-contrast,UnetPlusPlus,resnet34,gray,26.074077,9.596150159835815
6280-cast-iron-high,6280 Gray Cast Iron,Cast Iron,6280 x 20 (3).jpg,0.4729630363867805,0.6293926340476927,0.6767306857638888,metal_unetpp_gray_r34,Metal-U-Net++ Gray (ResNet34),metallography,micrograph-contrast,UnetPlusPlus,resnet34,gray,26.074077,9.596150159835815
6280-cast-iron-high,6280 Gray Cast Iron,Cast Iron,6280 x 20 (4).jpg,0.5156349206935398,0.6671766927594778,0.72021484375,metal_unetpp_gray_r34,Metal-U-Net++ Gray (ResNet34),metallography,micrograph-contrast,UnetPlusPlus,resnet34,gray,26.074077,9.596150159835815
6280-cast-iron-high,6280 Gray Cast Iron,Cast Iron,6280 x 20 (5).jpg,0.46922296127277285,0.6212641974724207,0.6848687065972222,metal_unetpp_gray_r34,Metal-U-Net++ Gray (ResNet34),metallography,micrograph-contrast,UnetPlusPlus,resnet34,gray,26.074077,9.596150159835815
6280-cast-iron-high,6280 Gray Cast Iron,Cast Iron,6280 x 20 (6).jpg,0.5054807393389439,0.6581286905396113,0.710693359375,metal_unetpp_gray_r34,Metal-U-Net++ Gray (ResNet34),metallography,micrograph-contrast,UnetPlusPlus,resnet34,gray,26.074077,9.596150159835815
6280-cast-iron-high,6280 Gray Cast Iron,Cast Iron,6280 x 20 (7).jpg,0.5113539399672037,0.6561858077549138,0.7363009982638888,metal_unetpp_gray_r34,Metal-U-Net++ Gray (ResNet34),metallography,micrograph-contrast,UnetPlusPlus,resnet34,gray,26.074077,9.596150159835815
6280-cast-iron-high,6280 Gray Cast Iron,Cast Iron,6280 x 20 (8).jpg,0.5010872914246467,0.6554599185639487,0.7029622395833334,metal_unetpp_gray_r34,Metal-U-Net++ Gray (ResNet34),metallography,micrograph-contrast,UnetPlusPlus,resnet34,gray,26.074077,9.596150159835815
6280-cast-iron-high,6280 Gray Cast Iron,Cast Iron,6280 x 20 (9).jpg,0.5004188798737997,0.6479557208698645,0.7212456597222222,metal_unetpp_gray_r34,Metal-U-Net++ Gray (ResNet34),metallography,micrograph-contrast,UnetPlusPlus,resnet34,gray,26.074077,9.596150159835815
6280-cast-iron-high,6280 Gray Cast Iron,Cast Iron,6280 x 20 (10).jpg,0.5134527829105026,0.6628508299318511,0.7249891493055556,metal_unetpp_gray_r34,Metal-U-Net++ Gray (ResNet34),metallography,micrograph-contrast,UnetPlusPlus,resnet34,gray,26.074077,9.596150159835815
6280-cast-iron-low,6280 Gray Cast Iron,Cast Iron,6280 x 10 (1).jpg,0.44507452267078057,0.6096608940404876,0.6708713107638888,metal_unetpp_gray_r34,Metal-U-Net++ Gray (ResNet34),metallography,micrograph-contrast,UnetPlusPlus,resnet34,gray,26.074077,9.596150159835815
6280-cast-iron-low,6280 Gray Cast Iron,Cast Iron,6280 x 10 (2).jpg,0.4622210646858465,0.627093816716223,0.6786024305555556,metal_unetpp_gray_r34,Metal-U-Net++ Gray (ResNet34),metallography,micrograph-contrast,UnetPlusPlus,resnet34,gray,26.074077,9.596150159835815
6280-cast-iron-low,6280 Gray Cast Iron,Cast Iron,6280 x 10 (3).jpg,0.4407178035716708,0.6070150932750826,0.659423828125,metal_unetpp_gray_r34,Metal-U-Net++ Gray (ResNet34),metallography,micrograph-contrast,UnetPlusPlus,resnet34,gray,26.074077,9.596150159835815
6280-cast-iron-low,6280 Gray Cast Iron,Cast Iron,6280 x 10 (4).jpg,0.4838223245624973,0.645997084574333,0.7088487413194444,metal_unetpp_gray_r34,Metal-U-Net++ Gray (ResNet34),metallography,micrograph-contrast,UnetPlusPlus,resnet34,gray,26.074077,9.596150159835815
6280-cast-iron-low,6280 Gray Cast Iron,Cast Iron,6280 x 10 (5).jpg,0.3963080158499188,0.55933619255427,0.629150390625,metal_unetpp_gray_r34,Metal-U-Net++ Gray (ResNet34),metallography,micrograph-contrast,UnetPlusPlus,resnet34,gray,26.074077,9.596150159835815
6280-cast-iron-low,6280 Gray Cast Iron,Cast Iron,6280 x 10 (6).jpg,0.4545840058462118,0.6192583231593565,0.6763509114583334,metal_unetpp_gray_r34,Metal-U-Net++ Gray (ResNet34),metallography,micrograph-contrast,UnetPlusPlus,resnet34,gray,26.074077,9.596150159835815
6280-cast-iron-low,6280 Gray Cast Iron,Cast Iron,6280 x 10 (7).jpg,0.430422183266787,0.5944562895703217,0.6387803819444444,metal_unetpp_gray_r34,Metal-U-Net++ Gray (ResNet34),metallography,micrograph-contrast,UnetPlusPlus,resnet34,gray,26.074077,9.596150159835815
6280-cast-iron-low,6280 Gray Cast Iron,Cast Iron,6280 x 10 (8).jpg,0.4638707734243595,0.6272087976248338,0.6917860243055556,metal_unetpp_gray_r34,Metal-U-Net++ Gray (ResNet34),metallography,micrograph-contrast,UnetPlusPlus,resnet34,gray,26.074077,9.596150159835815
6280-cast-iron-low,6280 Gray Cast Iron,Cast Iron,6280 x 10 (9).jpg,0.44674693397196413,0.6110561186537838,0.6723361545138888,metal_unetpp_gray_r34,Metal-U-Net++ Gray (ResNet34),metallography,micrograph-contrast,UnetPlusPlus,resnet34,gray,26.074077,9.596150159835815
6280-cast-iron-low,6280 Gray Cast Iron,Cast Iron,6280 x 10 (10).jpg,0.462359581722366,0.6214454296604345,0.7104220920138888,metal_unetpp_gray_r34,Metal-U-Net++ Gray (ResNet34),metallography,micrograph-contrast,UnetPlusPlus,resnet34,gray,26.074077,9.596150159835815
6280-cast-iron-low,6280 Gray Cast Iron,Cast Iron,6280 x 10 (11).jpg,0.4528739450767607,0.6142582029313438,0.6932237413194444,metal_unetpp_gray_r34,Metal-U-Net++ Gray (ResNet34),metallography,micrograph-contrast,UnetPlusPlus,resnet34,gray,26.074077,9.596150159835815
4130-steel,4130 Steel,Steel,4130 x 10 (1).jpg,0.428535620350077,0.5902628407927677,0.6236436631944444,metal_deeplabv3p_clahe_r34,Metal-DeepLabV3+ CLAHE (ResNet34),metallography,micrograph-contrast,DeepLabV3Plus,resnet34,clahe_rgb,22.440541,4.478128433227539
4130-steel,4130 Steel,Steel,4130 x 10 (2).jpg,0.4255840439237596,0.5882907068814167,0.6183810763888888,metal_deeplabv3p_clahe_r34,Metal-DeepLabV3+ CLAHE (ResNet34),metallography,micrograph-contrast,DeepLabV3Plus,resnet34,clahe_rgb,22.440541,4.478128433227539
4130-steel,4130 Steel,Steel,4130 x 10 (3).jpg,0.42615505370971657,0.5855297396097525,0.6268174913194444,metal_deeplabv3p_clahe_r34,Metal-DeepLabV3+ CLAHE (ResNet34),metallography,micrograph-contrast,DeepLabV3Plus,resnet34,clahe_rgb,22.440541,4.478128433227539
4130-steel,4130 Steel,Steel,4130 x 10 (4).jpg,0.4166939364335207,0.5726917242433684,0.6247016059027778,metal_deeplabv3p_clahe_r34,Metal-DeepLabV3+ CLAHE (ResNet34),metallography,micrograph-contrast,DeepLabV3Plus,resnet34,clahe_rgb,22.440541,4.478128433227539
4130-steel,4130 Steel,Steel,4130 x 10 (5).jpg,0.4786822687247738,0.6430521596120022,0.6597493489583334,metal_deeplabv3p_clahe_r34,Metal-DeepLabV3+ CLAHE (ResNet34),metallography,micrograph-contrast,DeepLabV3Plus,resnet34,clahe_rgb,22.440541,4.478128433227539
4130-steel,4130 Steel,Steel,4130 x 10 (6).jpg,0.5072441670489043,0.6681621863387781,0.6878797743055556,metal_deeplabv3p_clahe_r34,Metal-DeepLabV3+ CLAHE (ResNet34),metallography,micrograph-contrast,DeepLabV3Plus,resnet34,clahe_rgb,22.440541,4.478128433227539
4130-steel,4130 Steel,Steel,4130 x 10 (7).jpg,0.4854827000649902,0.647882750288544,0.6699761284722222,metal_deeplabv3p_clahe_r34,Metal-DeepLabV3+ CLAHE (ResNet34),metallography,micrograph-contrast,DeepLabV3Plus,resnet34,clahe_rgb,22.440541,4.478128433227539
4130-steel,4130 Steel,Steel,4130 x 10 (8).jpg,0.4831322568096735,0.648739233312666,0.6593695746527778,metal_deeplabv3p_clahe_r34,Metal-DeepLabV3+ CLAHE (ResNet34),metallography,micrograph-contrast,DeepLabV3Plus,resnet34,clahe_rgb,22.440541,4.478128433227539
4130-steel,4130 Steel,Steel,4130 x 10 (9).jpg,0.49297349847738486,0.6566064880269957,0.6714138454861112,metal_deeplabv3p_clahe_r34,Metal-DeepLabV3+ CLAHE (ResNet34),metallography,micrograph-contrast,DeepLabV3Plus,resnet34,clahe_rgb,22.440541,4.478128433227539
4130-steel,4130 Steel,Steel,4130 x 10 (10).jpg,0.4848096732497629,0.650953849476007,0.6589626736111112,metal_deeplabv3p_clahe_r34,Metal-DeepLabV3+ CLAHE (ResNet34),metallography,micrograph-contrast,DeepLabV3Plus,resnet34,clahe_rgb,22.440541,4.478128433227539
4130-steel,4130 Steel,Steel,4130 x 10 (11).jpg,0.48865873971287815,0.6563832651321111,0.6568739149305556,metal_deeplabv3p_clahe_r34,Metal-DeepLabV3+ CLAHE (ResNet34),metallography,micrograph-contrast,DeepLabV3Plus,resnet34,clahe_rgb,22.440541,4.478128433227539
4130-steel,4130 Steel,Steel,4130 x 10 (12).jpg,0.49938599097051295,0.6660742055215334,0.666259765625,metal_deeplabv3p_clahe_r34,Metal-DeepLabV3+ CLAHE (ResNet34),metallography,micrograph-contrast,DeepLabV3Plus,resnet34,clahe_rgb,22.440541,4.478128433227539
4130-steel,4130 Steel,Steel,4130 x 10 (13).jpg,0.5083060638780681,0.674006295896973,0.6740180121527778,metal_deeplabv3p_clahe_r34,Metal-DeepLabV3+ CLAHE (ResNet34),metallography,micrograph-contrast,DeepLabV3Plus,resnet34,clahe_rgb,22.440541,4.478128433227539
4130-steel,4130 Steel,Steel,4130 x 10 (14).jpg,0.4877249377623407,0.6556510134651219,0.6557074652777778,metal_deeplabv3p_clahe_r34,Metal-DeepLabV3+ CLAHE (ResNet34),metallography,micrograph-contrast,DeepLabV3Plus,resnet34,clahe_rgb,22.440541,4.478128433227539
4130-steel,4130 Steel,Steel,4130 x 10 (15).jpg,0.4792229471924412,0.6470350496183241,0.6504991319444444,metal_deeplabv3p_clahe_r34,Metal-DeepLabV3+ CLAHE (ResNet34),metallography,micrograph-contrast,DeepLabV3Plus,resnet34,clahe_rgb,22.440541,4.478128433227539
4130-steel,4130 Steel,Steel,4130 x 10 (16).jpg,0.490655093986721,0.6565833476853608,0.663330078125,metal_deeplabv3p_clahe_r34,Metal-DeepLabV3+ CLAHE (ResNet34),metallography,micrograph-contrast,DeepLabV3Plus,resnet34,clahe_rgb,22.440541,4.478128433227539
4130-steel,4130 Steel,Steel,4130 x 10 (17).jpg,0.48398057584361737,0.6519846697175896,0.6531032986111112,metal_deeplabv3p_clahe_r34,Metal-DeepLabV3+ CLAHE (ResNet34),metallography,micrograph-contrast,DeepLabV3Plus,resnet34,clahe_rgb,22.440541,4.478128433227539
4130-steel,4130 Steel,Steel,4130 x 10 (18).jpg,0.5125311129548418,0.6777063100822986,0.677734375,metal_deeplabv3p_clahe_r34,Metal-DeepLabV3+ CLAHE (ResNet34),metallography,micrograph-contrast,DeepLabV3Plus,resnet34,clahe_rgb,22.440541,4.478128433227539
4130-steel,4130 Steel,Steel,4130 x 10 (19).jpg,0.5098626457206601,0.6745292181311978,0.677978515625,metal_deeplabv3p_clahe_r34,Metal-DeepLabV3+ CLAHE (ResNet34),metallography,micrograph-contrast,DeepLabV3Plus,resnet34,clahe_rgb,22.440541,4.478128433227539
4130-steel,4130 Steel,Steel,4130 x 10 (20).jpg,0.5032201770354661,0.6669325044676937,0.6773003472222222,metal_deeplabv3p_clahe_r34,Metal-DeepLabV3+ CLAHE (ResNet34),metallography,micrograph-contrast,DeepLabV3Plus,resnet34,clahe_rgb,22.440541,4.478128433227539
4130-steel,4130 Steel,Steel,4130 x 20 (1).jpg,0.5010546746980185,0.6581687853537582,0.6952039930555556,metal_deeplabv3p_clahe_r34,Metal-DeepLabV3+ CLAHE (ResNet34),metallography,micrograph-contrast,DeepLabV3Plus,resnet34,clahe_rgb,22.440541,4.478128433227539
4130-steel,4130 Steel,Steel,4130 x 20 (2).jpg,0.5097822406942756,0.6681809361906141,0.69677734375,metal_deeplabv3p_clahe_r34,Metal-DeepLabV3+ CLAHE (ResNet34),metallography,micrograph-contrast,DeepLabV3Plus,resnet34,clahe_rgb,22.440541,4.478128433227539
4130-steel,4130 Steel,Steel,4130 x 20 (3).jpg,0.496401140877806,0.656601984600546,0.6834309895833334,metal_deeplabv3p_clahe_r34,Metal-DeepLabV3+ CLAHE (ResNet34),metallography,micrograph-contrast,DeepLabV3Plus,resnet34,clahe_rgb,22.440541,4.478128433227539
4130-steel,4130 Steel,Steel,4130 x 20 (4).jpg,0.44285298083425034,0.5976521325484756,0.6541341145833334,metal_deeplabv3p_clahe_r34,Metal-DeepLabV3+ CLAHE (ResNet34),metallography,micrograph-contrast,DeepLabV3Plus,resnet34,clahe_rgb,22.440541,4.478128433227539
4130-steel,4130 Steel,Steel,4130 x 20 (5).jpg,0.6536723795693056,0.7905626108971966,0.7906087239583334,metal_deeplabv3p_clahe_r34,Metal-DeepLabV3+ CLAHE (ResNet34),metallography,micrograph-contrast,DeepLabV3Plus,resnet34,clahe_rgb,22.440541,4.478128433227539
4130-steel,4130 Steel,Steel,4130 x 20 (6).jpg,0.6684218448659143,0.8012124489156687,0.801513671875,metal_deeplabv3p_clahe_r34,Metal-DeepLabV3+ CLAHE (ResNet34),metallography,micrograph-contrast,DeepLabV3Plus,resnet34,clahe_rgb,22.440541,4.478128433227539
4130-steel,4130 Steel,Steel,4130 x 20 (7).jpg,0.6576084831046889,0.793439460096232,0.79345703125,metal_deeplabv3p_clahe_r34,Metal-DeepLabV3+ CLAHE (ResNet34),metallography,micrograph-contrast,DeepLabV3Plus,resnet34,clahe_rgb,22.440541,4.478128433227539
4130-steel,4130 Steel,Steel,4130 x 20 (8).jpg,0.6535573144490721,0.7904664970313826,0.7905815972222222,metal_deeplabv3p_clahe_r34,Metal-DeepLabV3+ CLAHE (ResNet34),metallography,micrograph-contrast,DeepLabV3Plus,resnet34,clahe_rgb,22.440541,4.478128433227539
4130-steel,4130 Steel,Steel,4130 x 20 (9).jpg,0.655913750451774,0.7921791109414189,0.7923448350694444,metal_deeplabv3p_clahe_r34,Metal-DeepLabV3+ CLAHE (ResNet34),metallography,micrograph-contrast,DeepLabV3Plus,resnet34,clahe_rgb,22.440541,4.478128433227539
4130-steel,4130 Steel,Steel,4130 x 20 (10).jpg,0.6398282174146976,0.7803433273924427,0.7804361979166666,metal_deeplabv3p_clahe_r34,Metal-DeepLabV3+ CLAHE (ResNet34),metallography,micrograph-contrast,DeepLabV3Plus,resnet34,clahe_rgb,22.440541,4.478128433227539
4130-steel,4130 Steel,Steel,4130 x 20 (11).jpg,0.6424714093386721,0.7821309946829291,0.783203125,metal_deeplabv3p_clahe_r34,Metal-DeepLabV3+ CLAHE (ResNet34),metallography,micrograph-contrast,DeepLabV3Plus,resnet34,clahe_rgb,22.440541,4.478128433227539
4130-steel,4130 Steel,Steel,4130 x 20 (12).jpg,0.6560456025852289,0.7920809280636987,0.7933756510416666,metal_deeplabv3p_clahe_r34,Metal-DeepLabV3+ CLAHE (ResNet34),metallography,micrograph-contrast,DeepLabV3Plus,resnet34,clahe_rgb,22.440541,4.478128433227539
4130-steel,4130 Steel,Steel,4130 x 20 (13).jpg,0.6484304541561674,0.7865557086005652,0.7875162760416666,metal_deeplabv3p_clahe_r34,Metal-DeepLabV3+ CLAHE (ResNet34),metallography,micrograph-contrast,DeepLabV3Plus,resnet34,clahe_rgb,22.440541,4.478128433227539
4130-steel,4130 Steel,Steel,4130 x 20 (14).jpg,0.6475193787036189,0.7859671349274213,0.7864583333333334,metal_deeplabv3p_clahe_r34,Metal-DeepLabV3+ CLAHE (ResNet34),metallography,micrograph-contrast,DeepLabV3Plus,resnet34,clahe_rgb,22.440541,4.478128433227539
4130-steel,4130 Steel,Steel,4130 x 20 (15).jpg,0.6625359375261898,0.7970145729988107,0.7970377604166666,metal_deeplabv3p_clahe_r34,Metal-DeepLabV3+ CLAHE (ResNet34),metallography,micrograph-contrast,DeepLabV3Plus,resnet34,clahe_rgb,22.440541,4.478128433227539
4130-steel,4130 Steel,Steel,4130 x 20 (16).jpg,0.6418294795399282,0.7818466796759878,0.7818467881944444,metal_deeplabv3p_clahe_r34,Metal-DeepLabV3+ CLAHE (ResNet34),metallography,micrograph-contrast,DeepLabV3Plus,resnet34,clahe_rgb,22.440541,4.478128433227539
4130-steel,4130 Steel,Steel,4130 x 20 (17).jpg,0.6568731690222936,0.792888595684931,0.7929958767361112,metal_deeplabv3p_clahe_r34,Metal-DeepLabV3+ CLAHE (ResNet34),metallography,micrograph-contrast,DeepLabV3Plus,resnet34,clahe_rgb,22.440541,4.478128433227539
4130-steel,4130 Steel,Steel,4130 x 20 (18).jpg,0.6437777890725848,0.7827378411949972,0.7858344184027778,metal_deeplabv3p_clahe_r34,Metal-DeepLabV3+ CLAHE (ResNet34),metallography,micrograph-contrast,DeepLabV3Plus,resnet34,clahe_rgb,22.440541,4.478128433227539
4130-steel,4130 Steel,Steel,4130 x 20 (19).jpg,0.6623856654088665,0.796640983122538,0.7982313368055556,metal_deeplabv3p_clahe_r34,Metal-DeepLabV3+ CLAHE (ResNet34),metallography,micrograph-contrast,DeepLabV3Plus,resnet34,clahe_rgb,22.440541,4.478128433227539
4130-steel,4130 Steel,Steel,4130 x 20 (20).jpg,0.6571090845944617,0.7928262839330621,0.7942979600694444,metal_deeplabv3p_clahe_r34,Metal-DeepLabV3+ CLAHE (ResNet34),metallography,micrograph-contrast,DeepLabV3Plus,resnet34,clahe_rgb,22.440541,4.478128433227539
418-17-4ph-x20,418 Printed 17-4 PH Steel,Steel,x20 (1).jpg,0.3930308625477912,0.4974348787635582,0.6972927517361112,metal_deeplabv3p_clahe_r34,Metal-DeepLabV3+ CLAHE (ResNet34),metallography,micrograph-contrast,DeepLabV3Plus,resnet34,clahe_rgb,22.440541,4.478128433227539
418-17-4ph-x20,418 Printed 17-4 PH Steel,Steel,x20 (2).jpg,0.48372862158680824,0.5836052848190628,0.81640625,metal_deeplabv3p_clahe_r34,Metal-DeepLabV3+ CLAHE (ResNet34),metallography,micrograph-contrast,DeepLabV3Plus,resnet34,clahe_rgb,22.440541,4.478128433227539
418-17-4ph-x20,418 Printed 17-4 PH Steel,Steel,x20 (3).jpg,0.5309116102367417,0.6312919421828703,0.862548828125,metal_deeplabv3p_clahe_r34,Metal-DeepLabV3+ CLAHE (ResNet34),metallography,micrograph-contrast,DeepLabV3Plus,resnet34,clahe_rgb,22.440541,4.478128433227539
418-17-4ph-x20,418 Printed 17-4 PH Steel,Steel,x20 (4).jpg,0.5407407310953776,0.6393692463664379,0.8753797743055556,metal_deeplabv3p_clahe_r34,Metal-DeepLabV3+ CLAHE (ResNet34),metallography,micrograph-contrast,DeepLabV3Plus,resnet34,clahe_rgb,22.440541,4.478128433227539
418-17-4ph-x20,418 Printed 17-4 PH Steel,Steel,x20 (5).jpg,0.5234033394549753,0.6245446076838935,0.8538953993055556,metal_deeplabv3p_clahe_r34,Metal-DeepLabV3+ CLAHE (ResNet34),metallography,micrograph-contrast,DeepLabV3Plus,resnet34,clahe_rgb,22.440541,4.478128433227539
418-17-4ph-x20,418 Printed 17-4 PH Steel,Steel,x20 (6).jpg,0.3945929173577541,0.49469337850760575,0.706787109375,metal_deeplabv3p_clahe_r34,Metal-DeepLabV3+ CLAHE (ResNet34),metallography,micrograph-contrast,DeepLabV3Plus,resnet34,clahe_rgb,22.440541,4.478128433227539
418-17-4ph-x20,418 Printed 17-4 PH Steel,Steel,x20 (7).jpg,0.3784424308317205,0.4973789086932189,0.6519639756944444,metal_deeplabv3p_clahe_r34,Metal-DeepLabV3+ CLAHE (ResNet34),metallography,micrograph-contrast,DeepLabV3Plus,resnet34,clahe_rgb,22.440541,4.478128433227539
418-17-4ph-x20,418 Printed 17-4 PH Steel,Steel,x20 (8).jpg,0.5041270051183121,0.6033941904447006,0.8390842013888888,metal_deeplabv3p_clahe_r34,Metal-DeepLabV3+ CLAHE (ResNet34),metallography,micrograph-contrast,DeepLabV3Plus,resnet34,clahe_rgb,22.440541,4.478128433227539
418-17-4ph-x20,418 Printed 17-4 PH Steel,Steel,x20 (9).jpg,0.32955796177373525,0.43936344574363856,0.5962999131944444,metal_deeplabv3p_clahe_r34,Metal-DeepLabV3+ CLAHE (ResNet34),metallography,micrograph-contrast,DeepLabV3Plus,resnet34,clahe_rgb,22.440541,4.478128433227539
418-17-4ph-x20,418 Printed 17-4 PH Steel,Steel,x20 (10).jpg,0.45672678924596133,0.5589586104541002,0.7814670138888888,metal_deeplabv3p_clahe_r34,Metal-DeepLabV3+ CLAHE (ResNet34),metallography,micrograph-contrast,DeepLabV3Plus,resnet34,clahe_rgb,22.440541,4.478128433227539
418-17-4ph-x20,418 Printed 17-4 PH Steel,Steel,x20 (11).jpg,0.36678760275041916,0.45031082789312366,0.6939019097222222,metal_deeplabv3p_clahe_r34,Metal-DeepLabV3+ CLAHE (ResNet34),metallography,micrograph-contrast,DeepLabV3Plus,resnet34,clahe_rgb,22.440541,4.478128433227539
418-17-4ph-x20,418 Printed 17-4 PH Steel,Steel,x20 (12).jpg,0.3689223317033864,0.4506688548896047,0.6997884114583334,metal_deeplabv3p_clahe_r34,Metal-DeepLabV3+ CLAHE (ResNet34),metallography,micrograph-contrast,DeepLabV3Plus,resnet34,clahe_rgb,22.440541,4.478128433227539
418-17-4ph-x20,418 Printed 17-4 PH Steel,Steel,x20 (13).jpg,0.43476287936983554,0.4823996480391577,0.8449164496527778,metal_deeplabv3p_clahe_r34,Metal-DeepLabV3+ CLAHE (ResNet34),metallography,micrograph-contrast,DeepLabV3Plus,resnet34,clahe_rgb,22.440541,4.478128433227539
418-17-4ph-x20,418 Printed 17-4 PH Steel,Steel,x20 (14).jpg,0.3671018851061712,0.44218916210570486,0.7071126302083334,metal_deeplabv3p_clahe_r34,Metal-DeepLabV3+ CLAHE (ResNet34),metallography,micrograph-contrast,DeepLabV3Plus,resnet34,clahe_rgb,22.440541,4.478128433227539
418-17-4ph-x20,418 Printed 17-4 PH Steel,Steel,x20 (15).jpg,0.3752477811089349,0.4445408590978184,0.7278645833333334,metal_deeplabv3p_clahe_r34,Metal-DeepLabV3+ CLAHE (ResNet34),metallography,micrograph-contrast,DeepLabV3Plus,resnet34,clahe_rgb,22.440541,4.478128433227539
418-17-4ph-x20,418 Printed 17-4 PH Steel,Steel,x20 (16).jpg,0.3494150619115598,0.433348931820867,0.6670464409722222,metal_deeplabv3p_clahe_r34,Metal-DeepLabV3+ CLAHE (ResNet34),metallography,micrograph-contrast,DeepLabV3Plus,resnet34,clahe_rgb,22.440541,4.478128433227539
418-17-4ph-x20,418 Printed 17-4 PH Steel,Steel,x20 (17).jpg,0.40479594521633167,0.46981999886424675,0.7771538628472222,metal_deeplabv3p_clahe_r34,Metal-DeepLabV3+ CLAHE (ResNet34),metallography,micrograph-contrast,DeepLabV3Plus,resnet34,clahe_rgb,22.440541,4.478128433227539
418-17-4ph-x20,418 Printed 17-4 PH Steel,Steel,x20 (18).jpg,0.39922642531765545,0.4699809942045385,0.7605523003472222,metal_deeplabv3p_clahe_r34,Metal-DeepLabV3+ CLAHE (ResNet34),metallography,micrograph-contrast,DeepLabV3Plus,resnet34,clahe_rgb,22.440541,4.478128433227539
418-17-4ph-x20,418 Printed 17-4 PH Steel,Steel,x20 (19).jpg,0.3826221573779871,0.4494771303110725,0.7423773871527778,metal_deeplabv3p_clahe_r34,Metal-DeepLabV3+ CLAHE (ResNet34),metallography,micrograph-contrast,DeepLabV3Plus,resnet34,clahe_rgb,22.440541,4.478128433227539
418-17-4ph-x20,418 Printed 17-4 PH Steel,Steel,x20 (20).jpg,0.34153263492058317,0.4942969395892626,0.53857421875,metal_deeplabv3p_clahe_r34,Metal-DeepLabV3+ CLAHE (ResNet34),metallography,micrograph-contrast,DeepLabV3Plus,resnet34,clahe_rgb,22.440541,4.478128433227539
418-17-4ph-x20,418 Printed 17-4 PH Steel,Steel,x20 (21).jpg,0.35676290089758406,0.5251932948595197,0.5273980034722222,metal_deeplabv3p_clahe_r34,Metal-DeepLabV3+ CLAHE (ResNet34),metallography,micrograph-contrast,DeepLabV3Plus,resnet34,clahe_rgb,22.440541,4.478128433227539
418-17-4ph-x5,418 Printed 17-4 PH Steel,Steel,x5 (1).jpg,0.7958526560732718,0.8745346703922388,0.9802788628472222,metal_deeplabv3p_clahe_r34,Metal-DeepLabV3+ CLAHE (ResNet34),metallography,micrograph-contrast,DeepLabV3Plus,resnet34,clahe_rgb,22.440541,4.478128433227539
418-17-4ph-x5,418 Printed 17-4 PH Steel,Steel,x5 (2).jpg,0.8259026047029419,0.8969984838290243,0.9789496527777778,metal_deeplabv3p_clahe_r34,Metal-DeepLabV3+ CLAHE (ResNet34),metallography,micrograph-contrast,DeepLabV3Plus,resnet34,clahe_rgb,22.440541,4.478128433227539
418-17-4ph-x5,418 Printed 17-4 PH Steel,Steel,x5 (3).jpg,0.8055255470587142,0.8811266974499655,0.9861924913194444,metal_deeplabv3p_clahe_r34,Metal-DeepLabV3+ CLAHE (ResNet34),metallography,micrograph-contrast,DeepLabV3Plus,resnet34,clahe_rgb,22.440541,4.478128433227539
418-17-4ph-x5,418 Printed 17-4 PH Steel,Steel,x5 (4).jpg,0.7499565690449662,0.839104874342856,0.9690483940972222,metal_deeplabv3p_clahe_r34,Metal-DeepLabV3+ CLAHE (ResNet34),metallography,micrograph-contrast,DeepLabV3Plus,resnet34,clahe_rgb,22.440541,4.478128433227539
418-17-4ph-x5,418 Printed 17-4 PH Steel,Steel,x5 (5).jpg,0.8793926138355056,0.9333800272127386,0.9725477430555556,metal_deeplabv3p_clahe_r34,Metal-DeepLabV3+ CLAHE (ResNet34),metallography,micrograph-contrast,DeepLabV3Plus,resnet34,clahe_rgb,22.440541,4.478128433227539
418-17-4ph-x5,418 Printed 17-4 PH Steel,Steel,x5 (6).jpg,0.8103050018729915,0.8864444101208406,0.9724392361111112,metal_deeplabv3p_clahe_r34,Metal-DeepLabV3+ CLAHE (ResNet34),metallography,micrograph-contrast,DeepLabV3Plus,resnet34,clahe_rgb,22.440541,4.478128433227539
418-17-4ph-x5,418 Printed 17-4 PH Steel,Steel,x5 (7).jpg,0.7939040426864135,0.8730337805845945,0.9802517361111112,metal_deeplabv3p_clahe_r34,Metal-DeepLabV3+ CLAHE (ResNet34),metallography,micrograph-contrast,DeepLabV3Plus,resnet34,clahe_rgb,22.440541,4.478128433227539
418-17-4ph-x5,418 Printed 17-4 PH Steel,Steel,x5 (8).jpg,0.7884237541667573,0.8681835870661101,0.9842122395833334,metal_deeplabv3p_clahe_r34,Metal-DeepLabV3+ CLAHE (ResNet34),metallography,micrograph-contrast,DeepLabV3Plus,resnet34,clahe_rgb,22.440541,4.478128433227539
418-17-4ph-x5,418 Printed 17-4 PH Steel,Steel,x5 (9).jpg,0.8080952758662179,0.8834227083439403,0.9834255642361112,metal_deeplabv3p_clahe_r34,Metal-DeepLabV3+ CLAHE (ResNet34),metallography,micrograph-contrast,DeepLabV3Plus,resnet34,clahe_rgb,22.440541,4.478128433227539
418-17-4ph-x5,418 Printed 17-4 PH Steel,Steel,x5 (10).jpg,0.8176207159500617,0.8903377120251372,0.9846733940972222,metal_deeplabv3p_clahe_r34,Metal-DeepLabV3+ CLAHE (ResNet34),metallography,micrograph-contrast,DeepLabV3Plus,resnet34,clahe_rgb,22.440541,4.478128433227539
418-17-4ph-x5,418 Printed 17-4 PH Steel,Steel,x5 (11).jpg,0.796982471340846,0.8752806422667534,0.9811740451388888,metal_deeplabv3p_clahe_r34,Metal-DeepLabV3+ CLAHE (ResNet34),metallography,micrograph-contrast,DeepLabV3Plus,resnet34,clahe_rgb,22.440541,4.478128433227539
418-17-4ph-x5,418 Printed 17-4 PH Steel,Steel,x5 (12).jpg,0.8014378750063986,0.8785793012509653,0.9819878472222222,metal_deeplabv3p_clahe_r34,Metal-DeepLabV3+ CLAHE (ResNet34),metallography,micrograph-contrast,DeepLabV3Plus,resnet34,clahe_rgb,22.440541,4.478128433227539
418-17-4ph-x5,418 Printed 17-4 PH Steel,Steel,x5 (13).jpg,0.7802837759398247,0.8616058251822662,0.9848090277777778,metal_deeplabv3p_clahe_r34,Metal-DeepLabV3+ CLAHE (ResNet34),metallography,micrograph-contrast,DeepLabV3Plus,resnet34,clahe_rgb,22.440541,4.478128433227539
418-17-4ph-x5,418 Printed 17-4 PH Steel,Steel,x5 (14).jpg,0.8342778552160374,0.9021585736789932,0.9862467447916666,metal_deeplabv3p_clahe_r34,Metal-DeepLabV3+ CLAHE (ResNet34),metallography,micrograph-contrast,DeepLabV3Plus,resnet34,clahe_rgb,22.440541,4.478128433227539
418-17-4ph-x5,418 Printed 17-4 PH Steel,Steel,x5 (15).jpg,0.8434990959164035,0.9104100546740337,0.967529296875,metal_deeplabv3p_clahe_r34,Metal-DeepLabV3+ CLAHE (ResNet34),metallography,micrograph-contrast,DeepLabV3Plus,resnet34,clahe_rgb,22.440541,4.478128433227539
418-17-4ph-x5,418 Printed 17-4 PH Steel,Steel,x5 (16).jpg,0.8130612985424127,0.8893570970599936,0.9650065104166666,metal_deeplabv3p_clahe_r34,Metal-DeepLabV3+ CLAHE (ResNet34),metallography,micrograph-contrast,DeepLabV3Plus,resnet34,clahe_rgb,22.440541,4.478128433227539
418-17-4ph-x5,418 Printed 17-4 PH Steel,Steel,x5 (17).jpg,0.8787967793416289,0.9331850137039048,0.969970703125,metal_deeplabv3p_clahe_r34,Metal-DeepLabV3+ CLAHE (ResNet34),metallography,micrograph-contrast,DeepLabV3Plus,resnet34,clahe_rgb,22.440541,4.478128433227539
418-17-4ph-x5,418 Printed 17-4 PH Steel,Steel,x5 (18).jpg,0.7624516269409656,0.8483986534838404,0.9761555989583334,metal_deeplabv3p_clahe_r34,Metal-DeepLabV3+ CLAHE (ResNet34),metallography,micrograph-contrast,DeepLabV3Plus,resnet34,clahe_rgb,22.440541,4.478128433227539
418-17-4ph-x5,418 Printed 17-4 PH Steel,Steel,x5 (19).jpg,0.7868105620359416,0.8675621154972595,0.9797905815972222,metal_deeplabv3p_clahe_r34,Metal-DeepLabV3+ CLAHE (ResNet34),metallography,micrograph-contrast,DeepLabV3Plus,resnet34,clahe_rgb,22.440541,4.478128433227539
418-17-4ph-x5,418 Printed 17-4 PH Steel,Steel,x5 (20).jpg,0.7900518455917402,0.8700923534818576,0.9798719618055556,metal_deeplabv3p_clahe_r34,Metal-DeepLabV3+ CLAHE (ResNet34),metallography,micrograph-contrast,DeepLabV3Plus,resnet34,clahe_rgb,22.440541,4.478128433227539
418-17-4ph-x5,418 Printed 17-4 PH Steel,Steel,x5 (21).jpg,0.7682159654760757,0.8522095847376513,0.9819607204861112,metal_deeplabv3p_clahe_r34,Metal-DeepLabV3+ CLAHE (ResNet34),metallography,micrograph-contrast,DeepLabV3Plus,resnet34,clahe_rgb,22.440541,4.478128433227539
418-17-4ph-x5,418 Printed 17-4 PH Steel,Steel,x5 (22).jpg,0.75628841245879,0.8435672861833132,0.9741753472222222,metal_deeplabv3p_clahe_r34,Metal-DeepLabV3+ CLAHE (ResNet34),metallography,micrograph-contrast,DeepLabV3Plus,resnet34,clahe_rgb,22.440541,4.478128433227539
418-17-4ph-x5,418 Printed 17-4 PH Steel,Steel,x5 (23).jpg,0.7798587919374551,0.862064940483831,0.9796278211805556,metal_deeplabv3p_clahe_r34,Metal-DeepLabV3+ CLAHE (ResNet34),metallography,micrograph-contrast,DeepLabV3Plus,resnet34,clahe_rgb,22.440541,4.478128433227539
418-17-4ph-x5,418 Printed 17-4 PH Steel,Steel,x5 (24).jpg,0.8086370339053053,0.8839084387830197,0.9828016493055556,metal_deeplabv3p_clahe_r34,Metal-DeepLabV3+ CLAHE (ResNet34),metallography,micrograph-contrast,DeepLabV3Plus,resnet34,clahe_rgb,22.440541,4.478128433227539
418-17-4ph-x5,418 Printed 17-4 PH Steel,Steel,x5 (25).jpg,0.7671632212748065,0.8519802814838997,0.9781087239583334,metal_deeplabv3p_clahe_r34,Metal-DeepLabV3+ CLAHE (ResNet34),metallography,micrograph-contrast,DeepLabV3Plus,resnet34,clahe_rgb,22.440541,4.478128433227539
5884-armor-steel,5884 Armor Steel,Steel,5884 x 5 (1).jpg,0.45743059219519655,0.62582736601607,0.6327853732638888,metal_deeplabv3p_clahe_r34,Metal-DeepLabV3+ CLAHE (ResNet34),metallography,micrograph-contrast,DeepLabV3Plus,resnet34,clahe_rgb,22.440541,4.478128433227539
5884-armor-steel,5884 Armor Steel,Steel,5884 x 5 (2).jpg,0.4633971692647951,0.6283017455556099,0.6468098958333334,metal_deeplabv3p_clahe_r34,Metal-DeepLabV3+ CLAHE (ResNet34),metallography,micrograph-contrast,DeepLabV3Plus,resnet34,clahe_rgb,22.440541,4.478128433227539
5884-armor-steel,5884 Armor Steel,Steel,5884 x 5 (3).jpg,0.4980546796291261,0.6627871711606821,0.6713053385416666,metal_deeplabv3p_clahe_r34,Metal-DeepLabV3+ CLAHE (ResNet34),metallography,micrograph-contrast,DeepLabV3Plus,resnet34,clahe_rgb,22.440541,4.478128433227539
5884-armor-steel,5884 Armor Steel,Steel,5884 x 5 (4).jpg,0.4681328902487697,0.6279054576808203,0.6641167534722222,metal_deeplabv3p_clahe_r34,Metal-DeepLabV3+ CLAHE (ResNet34),metallography,micrograph-contrast,DeepLabV3Plus,resnet34,clahe_rgb,22.440541,4.478128433227539
5884-armor-steel,5884 Armor Steel,Steel,5884 x 5 (5).jpg,0.4147177542525552,0.5852216748768473,0.5888671875,metal_deeplabv3p_clahe_r34,Metal-DeepLabV3+ CLAHE (ResNet34),metallography,micrograph-contrast,DeepLabV3Plus,resnet34,clahe_rgb,22.440541,4.478128433227539
5884-armor-steel,5884 Armor Steel,Steel,5884 x 10 (1).jpg,0.5203383395155806,0.682336394930142,0.6913248697916666,metal_deeplabv3p_clahe_r34,Metal-DeepLabV3+ CLAHE (ResNet34),metallography,micrograph-contrast,DeepLabV3Plus,resnet34,clahe_rgb,22.440541,4.478128433227539
5884-armor-steel,5884 Armor Steel,Steel,5884 x 10 (2).jpg,0.5441783731344587,0.7013308023012208,0.7164713541666666,metal_deeplabv3p_clahe_r34,Metal-DeepLabV3+ CLAHE (ResNet34),metallography,micrograph-contrast,DeepLabV3Plus,resnet34,clahe_rgb,22.440541,4.478128433227539
5884-armor-steel,5884 Armor Steel,Steel,5884 x 10 (3).jpg,0.5326795272946774,0.6752856799816864,0.756103515625,metal_deeplabv3p_clahe_r34,Metal-DeepLabV3+ CLAHE (ResNet34),metallography,micrograph-contrast,DeepLabV3Plus,resnet34,clahe_rgb,22.440541,4.478128433227539
5884-armor-steel,5884 Armor Steel,Steel,5884 x 10 (4).jpg,0.5472316903160547,0.6968377182586625,0.7421061197916666,metal_deeplabv3p_clahe_r34,Metal-DeepLabV3+ CLAHE (ResNet34),metallography,micrograph-contrast,DeepLabV3Plus,resnet34,clahe_rgb,22.440541,4.478128433227539
5884-armor-steel,5884 Armor Steel,Steel,5884 x 10 (5).jpg,0.5524596300168861,0.7015944501244233,0.7456597222222222,metal_deeplabv3p_clahe_r34,Metal-DeepLabV3+ CLAHE (ResNet34),metallography,micrograph-contrast,DeepLabV3Plus,resnet34,clahe_rgb,22.440541,4.478128433227539
5884-armor-steel,5884 Armor Steel,Steel,5884 x 10 (6).jpg,0.5153007930387761,0.6620161590669162,0.7337239583333334,metal_deeplabv3p_clahe_r34,Metal-DeepLabV3+ CLAHE (ResNet34),metallography,micrograph-contrast,DeepLabV3Plus,resnet34,clahe_rgb,22.440541,4.478128433227539
5884-armor-steel,5884 Armor Steel,Steel,5884 x 20 (1).jpg,0.5722662240289658,0.7149783686968485,0.7734646267361112,metal_deeplabv3p_clahe_r34,Metal-DeepLabV3+ CLAHE (ResNet34),metallography,micrograph-contrast,DeepLabV3Plus,resnet34,clahe_rgb,22.440541,4.478128433227539
5884-armor-steel,5884 Armor Steel,Steel,5884 x 20 (2).jpg,0.5783815657342852,0.722872345577459,0.7689887152777778,metal_deeplabv3p_clahe_r34,Metal-DeepLabV3+ CLAHE (ResNet34),metallography,micrograph-contrast,DeepLabV3Plus,resnet34,clahe_rgb,22.440541,4.478128433227539
5884-armor-steel,5884 Armor Steel,Steel,5884 x 20 (3).jpg,0.7494367477125721,0.8564054355788309,0.8593478732638888,metal_deeplabv3p_clahe_r34,Metal-DeepLabV3+ CLAHE (ResNet34),metallography,micrograph-contrast,DeepLabV3Plus,resnet34,clahe_rgb,22.440541,4.478128433227539
5884-armor-steel,5884 Armor Steel,Steel,5884 x 20 (4).jpg,0.6119723313081875,0.7548295749046168,0.7774522569444444,metal_deeplabv3p_clahe_r34,Metal-DeepLabV3+ CLAHE (ResNet34),metallography,micrograph-contrast,DeepLabV3Plus,resnet34,clahe_rgb,22.440541,4.478128433227539
5884-armor-steel,5884 Armor Steel,Steel,5884 x 20 (5).jpg,0.6255357776817374,0.7683916713688773,0.7750108506944444,metal_deeplabv3p_clahe_r34,Metal-DeepLabV3+ CLAHE (ResNet34),metallography,micrograph-contrast,DeepLabV3Plus,resnet34,clahe_rgb,22.440541,4.478128433227539
5884-armor-steel,5884 Armor Steel,Steel,5884 x 20 (6).jpg,0.5838201947382828,0.734466302367307,0.7476399739583334,metal_deeplabv3p_clahe_r34,Metal-DeepLabV3+ CLAHE (ResNet34),metallography,micrograph-contrast,DeepLabV3Plus,resnet34,clahe_rgb,22.440541,4.478128433227539
5884-armor-steel,5884 Armor Steel,Steel,5884 x 50 (1).jpg,0.544059005424016,0.6961362905539785,0.7329372829861112,metal_deeplabv3p_clahe_r34,Metal-DeepLabV3+ CLAHE (ResNet34),metallography,micrograph-contrast,DeepLabV3Plus,resnet34,clahe_rgb,22.440541,4.478128433227539
5884-armor-steel,5884 Armor Steel,Steel,5884 x 50 (2).jpg,0.5563942518969756,0.6953863060449051,0.779296875,metal_deeplabv3p_clahe_r34,Metal-DeepLabV3+ CLAHE (ResNet34),metallography,micrograph-contrast,DeepLabV3Plus,resnet34,clahe_rgb,22.440541,4.478128433227539
5884-armor-steel,5884 Armor Steel,Steel,5884 x 50 (3).jpg,0.5226402101966146,0.6808018744577424,0.7043185763888888,metal_deeplabv3p_clahe_r34,Metal-DeepLabV3+ CLAHE (ResNet34),metallography,micrograph-contrast,DeepLabV3Plus,resnet34,clahe_rgb,22.440541,4.478128433227539
5884-armor-steel,5884 Armor Steel,Steel,5884 x 50 (4).jpg,0.5150621660441136,0.6670955277715871,0.7184516059027778,metal_deeplabv3p_clahe_r34,Metal-DeepLabV3+ CLAHE (ResNet34),metallography,micrograph-contrast,DeepLabV3Plus,resnet34,clahe_rgb,22.440541,4.478128433227539
6280-cast-iron-high,6280 Gray Cast Iron,Cast Iron,6280 x 20 (1).jpg,0.566509318638706,0.6935196256690346,0.8203667534722222,metal_deeplabv3p_clahe_r34,Metal-DeepLabV3+ CLAHE (ResNet34),metallography,micrograph-contrast,DeepLabV3Plus,resnet34,clahe_rgb,22.440541,4.478128433227539
6280-cast-iron-high,6280 Gray Cast Iron,Cast Iron,6280 x 20 (2).jpg,0.5554077017976153,0.681591233353402,0.8164605034722222,metal_deeplabv3p_clahe_r34,Metal-DeepLabV3+ CLAHE (ResNet34),metallography,micrograph-contrast,DeepLabV3Plus,resnet34,clahe_rgb,22.440541,4.478128433227539
6280-cast-iron-high,6280 Gray Cast Iron,Cast Iron,6280 x 20 (3).jpg,0.5529661104894467,0.6854181203033939,0.7970920138888888,metal_deeplabv3p_clahe_r34,Metal-DeepLabV3+ CLAHE (ResNet34),metallography,micrograph-contrast,DeepLabV3Plus,resnet34,clahe_rgb,22.440541,4.478128433227539
6280-cast-iron-high,6280 Gray Cast Iron,Cast Iron,6280 x 20 (4).jpg,0.5652684666257701,0.6858455271480562,0.8381890190972222,metal_deeplabv3p_clahe_r34,Metal-DeepLabV3+ CLAHE (ResNet34),metallography,micrograph-contrast,DeepLabV3Plus,resnet34,clahe_rgb,22.440541,4.478128433227539
6280-cast-iron-high,6280 Gray Cast Iron,Cast Iron,6280 x 20 (5).jpg,0.5524445940732923,0.6704886001778716,0.8368055555555556,metal_deeplabv3p_clahe_r34,Metal-DeepLabV3+ CLAHE (ResNet34),metallography,micrograph-contrast,DeepLabV3Plus,resnet34,clahe_rgb,22.440541,4.478128433227539
6280-cast-iron-high,6280 Gray Cast Iron,Cast Iron,6280 x 20 (6).jpg,0.5526441039798478,0.6715546428165533,0.8346354166666666,metal_deeplabv3p_clahe_r34,Metal-DeepLabV3+ CLAHE (ResNet34),metallography,micrograph-contrast,DeepLabV3Plus,resnet34,clahe_rgb,22.440541,4.478128433227539
6280-cast-iron-high,6280 Gray Cast Iron,Cast Iron,6280 x 20 (7).jpg,0.5725233935976533,0.6886955761276435,0.8549262152777778,metal_deeplabv3p_clahe_r34,Metal-DeepLabV3+ CLAHE (ResNet34),metallography,micrograph-contrast,DeepLabV3Plus,resnet34,clahe_rgb,22.440541,4.478128433227539
6280-cast-iron-high,6280 Gray Cast Iron,Cast Iron,6280 x 20 (8).jpg,0.5571609003936304,0.6790271692618187,0.82958984375,metal_deeplabv3p_clahe_r34,Metal-DeepLabV3+ CLAHE (ResNet34),metallography,micrograph-contrast,DeepLabV3Plus,resnet34,clahe_rgb,22.440541,4.478128433227539
6280-cast-iron-high,6280 Gray Cast Iron,Cast Iron,6280 x 20 (9).jpg,0.5407515200143369,0.65097632114291,0.8479275173611112,metal_deeplabv3p_clahe_r34,Metal-DeepLabV3+ CLAHE (ResNet34),metallography,micrograph-contrast,DeepLabV3Plus,resnet34,clahe_rgb,22.440541,4.478128433227539
6280-cast-iron-high,6280 Gray Cast Iron,Cast Iron,6280 x 20 (10).jpg,0.5880203710781315,0.70818064351744,0.8515625,metal_deeplabv3p_clahe_r34,Metal-DeepLabV3+ CLAHE (ResNet34),metallography,micrograph-contrast,DeepLabV3Plus,resnet34,clahe_rgb,22.440541,4.478128433227539
6280-cast-iron-low,6280 Gray Cast Iron,Cast Iron,6280 x 10 (1).jpg,0.5042103487854966,0.6630254744378004,0.7271321614583334,metal_deeplabv3p_clahe_r34,Metal-DeepLabV3+ CLAHE (ResNet34),metallography,micrograph-contrast,DeepLabV3Plus,resnet34,clahe_rgb,22.440541,4.478128433227539
6280-cast-iron-low,6280 Gray Cast Iron,Cast Iron,6280 x 10 (2).jpg,0.5105038085611815,0.671098418976706,0.722900390625,metal_deeplabv3p_clahe_r34,Metal-DeepLabV3+ CLAHE (ResNet34),metallography,micrograph-contrast,DeepLabV3Plus,resnet34,clahe_rgb,22.440541,4.478128433227539
6280-cast-iron-low,6280 Gray Cast Iron,Cast Iron,6280 x 10 (3).jpg,0.5040170449958149,0.6609788046422055,0.7325846354166666,metal_deeplabv3p_clahe_r34,Metal-DeepLabV3+ CLAHE (ResNet34),metallography,micrograph-contrast,DeepLabV3Plus,resnet34,clahe_rgb,22.440541,4.478128433227539
6280-cast-iron-low,6280 Gray Cast Iron,Cast Iron,6280 x 10 (4).jpg,0.5297082906970311,0.6849131477329032,0.7508138020833334,metal_deeplabv3p_clahe_r34,Metal-DeepLabV3+ CLAHE (ResNet34),metallography,micrograph-contrast,DeepLabV3Plus,resnet34,clahe_rgb,22.440541,4.478128433227539
6280-cast-iron-low,6280 Gray Cast Iron,Cast Iron,6280 x 10 (5).jpg,0.4465619525130835,0.608946577681596,0.6784125434027778,metal_deeplabv3p_clahe_r34,Metal-DeepLabV3+ CLAHE (ResNet34),metallography,micrograph-contrast,DeepLabV3Plus,resnet34,clahe_rgb,22.440541,4.478128433227539
6280-cast-iron-low,6280 Gray Cast Iron,Cast Iron,6280 x 10 (6).jpg,0.521045436913855,0.6754550986367303,0.7488606770833334,metal_deeplabv3p_clahe_r34,Metal-DeepLabV3+ CLAHE (ResNet34),metallography,micrograph-contrast,DeepLabV3Plus,resnet34,clahe_rgb,22.440541,4.478128433227539
6280-cast-iron-low,6280 Gray Cast Iron,Cast Iron,6280 x 10 (7).jpg,0.4878142545706075,0.6522759265634847,0.6946343315972222,metal_deeplabv3p_clahe_r34,Metal-DeepLabV3+ CLAHE (ResNet34),metallography,micrograph-contrast,DeepLabV3Plus,resnet34,clahe_rgb,22.440541,4.478128433227539
6280-cast-iron-low,6280 Gray Cast Iron,Cast Iron,6280 x 10 (8).jpg,0.5137532292580907,0.6692361103743893,0.7424858940972222,metal_deeplabv3p_clahe_r34,Metal-DeepLabV3+ CLAHE (ResNet34),metallography,micrograph-contrast,DeepLabV3Plus,resnet34,clahe_rgb,22.440541,4.478128433227539
6280-cast-iron-low,6280 Gray Cast Iron,Cast Iron,6280 x 10 (9).jpg,0.5249991621485026,0.6820879697812918,0.7399631076388888,metal_deeplabv3p_clahe_r34,Metal-DeepLabV3+ CLAHE (ResNet34),metallography,micrograph-contrast,DeepLabV3Plus,resnet34,clahe_rgb,22.440541,4.478128433227539
6280-cast-iron-low,6280 Gray Cast Iron,Cast Iron,6280 x 10 (10).jpg,0.5084102357469111,0.6577366614656582,0.7556423611111112,metal_deeplabv3p_clahe_r34,Metal-DeepLabV3+ CLAHE (ResNet34),metallography,micrograph-contrast,DeepLabV3Plus,resnet34,clahe_rgb,22.440541,4.478128433227539
6280-cast-iron-low,6280 Gray Cast Iron,Cast Iron,6280 x 10 (11).jpg,0.4928314138056696,0.6462389072844424,0.7367892795138888,metal_deeplabv3p_clahe_r34,Metal-DeepLabV3+ CLAHE (ResNet34),metallography,micrograph-contrast,DeepLabV3Plus,resnet34,clahe_rgb,22.440541,4.478128433227539
4130-steel,4130 Steel,Steel,4130 x 10 (1).jpg,0.41445599590752724,0.5800638634192854,0.6002332899305556,metal_fpn_gabor_r34,Metal-FPN Gabor Stack (ResNet34),metallography,texture-aware,FPN,resnet34,gabor3,23.156941,4.492088317871094
4130-steel,4130 Steel,Steel,4130 x 10 (2).jpg,0.3494898039848736,0.5043520239193109,0.54541015625,metal_fpn_gabor_r34,Metal-FPN Gabor Stack (ResNet34),metallography,texture-aware,FPN,resnet34,gabor3,23.156941,4.492088317871094
4130-steel,4130 Steel,Steel,4130 x 10 (3).jpg,0.38147590284794586,0.5448148590724354,0.5686577690972222,metal_fpn_gabor_r34,Metal-FPN Gabor Stack (ResNet34),metallography,texture-aware,FPN,resnet34,gabor3,23.156941,4.492088317871094
4130-steel,4130 Steel,Steel,4130 x 10 (4).jpg,0.36420150001793644,0.5251061966394408,0.5525444878472222,metal_fpn_gabor_r34,Metal-FPN Gabor Stack (ResNet34),metallography,texture-aware,FPN,resnet34,gabor3,23.156941,4.492088317871094
4130-steel,4130 Steel,Steel,4130 x 10 (5).jpg,0.27923016112558924,0.41938142521868005,0.4661458333333333,metal_fpn_gabor_r34,Metal-FPN Gabor Stack (ResNet34),metallography,texture-aware,FPN,resnet34,gabor3,23.156941,4.492088317871094
4130-steel,4130 Steel,Steel,4130 x 10 (6).jpg,0.30875817770252334,0.4561922780526314,0.5005967881944444,metal_fpn_gabor_r34,Metal-FPN Gabor Stack (ResNet34),metallography,texture-aware,FPN,resnet34,gabor3,23.156941,4.492088317871094
4130-steel,4130 Steel,Steel,4130 x 10 (7).jpg,0.31713100467301786,0.4652400587264498,0.5120442708333334,metal_fpn_gabor_r34,Metal-FPN Gabor Stack (ResNet34),metallography,texture-aware,FPN,resnet34,gabor3,23.156941,4.492088317871094
4130-steel,4130 Steel,Steel,4130 x 10 (8).jpg,0.33697996066313246,0.4833609628666252,0.5442165798611112,metal_fpn_gabor_r34,Metal-FPN Gabor Stack (ResNet34),metallography,texture-aware,FPN,resnet34,gabor3,23.156941,4.492088317871094
4130-steel,4130 Steel,Steel,4130 x 10 (9).jpg,0.3074120632360609,0.4493275561243756,0.5082736545138888,metal_fpn_gabor_r34,Metal-FPN Gabor Stack (ResNet34),metallography,texture-aware,FPN,resnet34,gabor3,23.156941,4.492088317871094
4130-steel,4130 Steel,Steel,4130 x 10 (10).jpg,0.33794874971372435,0.48084983347154037,0.5520290798611112,metal_fpn_gabor_r34,Metal-FPN Gabor Stack (ResNet34),metallography,texture-aware,FPN,resnet34,gabor3,23.156941,4.492088317871094
4130-steel,4130 Steel,Steel,4130 x 10 (11).jpg,0.35560381897654236,0.49870245155399284,0.5763888888888888,metal_fpn_gabor_r34,Metal-FPN Gabor Stack (ResNet34),metallography,texture-aware,FPN,resnet34,gabor3,23.156941,4.492088317871094
4130-steel,4130 Steel,Steel,4130 x 10 (12).jpg,0.35200907480320465,0.4947014679335756,0.5722113715277778,metal_fpn_gabor_r34,Metal-FPN Gabor Stack (ResNet34),metallography,texture-aware,FPN,resnet34,gabor3,23.156941,4.492088317871094
4130-steel,4130 Steel,Steel,4130 x 10 (13).jpg,0.3364978557717911,0.4751918650354685,0.5575900607638888,metal_fpn_gabor_r34,Metal-FPN Gabor Stack (ResNet34),metallography,texture-aware,FPN,resnet34,gabor3,23.156941,4.492088317871094
4130-steel,4130 Steel,Steel,4130 x 10 (14).jpg,0.36426742108836546,0.5035751583989257,0.5953233506944444,metal_fpn_gabor_r34,Metal-FPN Gabor Stack (ResNet34),metallography,texture-aware,FPN,resnet34,gabor3,23.156941,4.492088317871094
4130-steel,4130 Steel,Steel,4130 x 10 (15).jpg,0.34836172711676106,0.48899924871522593,0.5709635416666666,metal_fpn_gabor_r34,Metal-FPN Gabor Stack (ResNet34),metallography,texture-aware,FPN,resnet34,gabor3,23.156941,4.492088317871094
4130-steel,4130 Steel,Steel,4130 x 10 (16).jpg,0.320757820942887,0.4587694031171544,0.5355088975694444,metal_fpn_gabor_r34,Metal-FPN Gabor Stack (ResNet34),metallography,texture-aware,FPN,resnet34,gabor3,23.156941,4.492088317871094
4130-steel,4130 Steel,Steel,4130 x 10 (17).jpg,0.3647023058673079,0.5048201205324536,0.5943739149305556,metal_fpn_gabor_r34,Metal-FPN Gabor Stack (ResNet34),metallography,texture-aware,FPN,resnet34,gabor3,23.156941,4.492088317871094
4130-steel,4130 Steel,Steel,4130 x 10 (18).jpg,0.3384577802338092,0.4780737520311765,0.5587565104166666,metal_fpn_gabor_r34,Metal-FPN Gabor Stack (ResNet34),metallography,texture-aware,FPN,resnet34,gabor3,23.156941,4.492088317871094
4130-steel,4130 Steel,Steel,4130 x 10 (19).jpg,0.31322750350567363,0.4508211960639798,0.5247667100694444,metal_fpn_gabor_r34,Metal-FPN Gabor Stack (ResNet34),metallography,texture-aware,FPN,resnet34,gabor3,23.156941,4.492088317871094
4130-steel,4130 Steel,Steel,4130 x 10 (20).jpg,0.2837740341401533,0.41789153098265647,0.4836697048611111,metal_fpn_gabor_r34,Metal-FPN Gabor Stack (ResNet34),metallography,texture-aware,FPN,resnet34,gabor3,23.156941,4.492088317871094
4130-steel,4130 Steel,Steel,4130 x 20 (1).jpg,0.3709473508360285,0.5409322313131473,0.5416395399305556,metal_fpn_gabor_r34,Metal-FPN Gabor Stack (ResNet34),metallography,texture-aware,FPN,resnet34,gabor3,23.156941,4.492088317871094
4130-steel,4130 Steel,Steel,4130 x 20 (2).jpg,0.38603239131328687,0.5568692545503722,0.5574001736111112,metal_fpn_gabor_r34,Metal-FPN Gabor Stack (ResNet34),metallography,texture-aware,FPN,resnet34,gabor3,23.156941,4.492088317871094
4130-steel,4130 Steel,Steel,4130 x 20 (3).jpg,0.3704085037025273,0.5405684843209395,0.5406087239583334,metal_fpn_gabor_r34,Metal-FPN Gabor Stack (ResNet34),metallography,texture-aware,FPN,resnet34,gabor3,23.156941,4.492088317871094
4130-steel,4130 Steel,Steel,4130 x 20 (4).jpg,0.33558692325795236,0.5011277048322831,0.5053439670138888,metal_fpn_gabor_r34,Metal-FPN Gabor Stack (ResNet34),metallography,texture-aware,FPN,resnet34,gabor3,23.156941,4.492088317871094
4130-steel,4130 Steel,Steel,4130 x 20 (5).jpg,0.43158337941147995,0.5950582658308863,0.6224229600694444,metal_fpn_gabor_r34,Metal-FPN Gabor Stack (ResNet34),metallography,texture-aware,FPN,resnet34,gabor3,23.156941,4.492088317871094
4130-steel,4130 Steel,Steel,4130 x 20 (6).jpg,0.4365115557011612,0.5994773746171298,0.6283637152777778,metal_fpn_gabor_r34,Metal-FPN Gabor Stack (ResNet34),metallography,texture-aware,FPN,resnet34,gabor3,23.156941,4.492088317871094
4130-steel,4130 Steel,Steel,4130 x 20 (7).jpg,0.4504180782302678,0.6126900569791226,0.6427680121527778,metal_fpn_gabor_r34,Metal-FPN Gabor Stack (ResNet34),metallography,texture-aware,FPN,resnet34,gabor3,23.156941,4.492088317871094
4130-steel,4130 Steel,Steel,4130 x 20 (8).jpg,0.4338936165739615,0.5969745022731789,0.6255967881944444,metal_fpn_gabor_r34,Metal-FPN Gabor Stack (ResNet34),metallography,texture-aware,FPN,resnet34,gabor3,23.156941,4.492088317871094
4130-steel,4130 Steel,Steel,4130 x 20 (9).jpg,0.43129167500658094,0.5934124840188527,0.6254069010416666,metal_fpn_gabor_r34,Metal-FPN Gabor Stack (ResNet34),metallography,texture-aware,FPN,resnet34,gabor3,23.156941,4.492088317871094
4130-steel,4130 Steel,Steel,4130 x 20 (10).jpg,0.46961073373344053,0.6304707815656809,0.6624348958333334,metal_fpn_gabor_r34,Metal-FPN Gabor Stack (ResNet34),metallography,texture-aware,FPN,resnet34,gabor3,23.156941,4.492088317871094
4130-steel,4130 Steel,Steel,4130 x 20 (11).jpg,0.4726362507506844,0.6306981453086348,0.6722005208333334,metal_fpn_gabor_r34,Metal-FPN Gabor Stack (ResNet34),metallography,texture-aware,FPN,resnet34,gabor3,23.156941,4.492088317871094
4130-steel,4130 Steel,Steel,4130 x 20 (12).jpg,0.4749422220349314,0.6343227779099687,0.6705186631944444,metal_fpn_gabor_r34,Metal-FPN Gabor Stack (ResNet34),metallography,texture-aware,FPN,resnet34,gabor3,23.156941,4.492088317871094
4130-steel,4130 Steel,Steel,4130 x 20 (13).jpg,0.5016058983110145,0.660226549359583,0.6912434895833334,metal_fpn_gabor_r34,Metal-FPN Gabor Stack (ResNet34),metallography,texture-aware,FPN,resnet34,gabor3,23.156941,4.492088317871094
4130-steel,4130 Steel,Steel,4130 x 20 (14).jpg,0.4922384207739492,0.6505882201695472,0.6858995225694444,metal_fpn_gabor_r34,Metal-FPN Gabor Stack (ResNet34),metallography,texture-aware,FPN,resnet34,gabor3,23.156941,4.492088317871094
4130-steel,4130 Steel,Steel,4130 x 20 (15).jpg,0.4602291624552679,0.6223855865795821,0.6514485677083334,metal_fpn_gabor_r34,Metal-FPN Gabor Stack (ResNet34),metallography,texture-aware,FPN,resnet34,gabor3,23.156941,4.492088317871094
4130-steel,4130 Steel,Steel,4130 x 20 (16).jpg,0.42206026780367456,0.5851163344951887,0.614013671875,metal_fpn_gabor_r34,Metal-FPN Gabor Stack (ResNet34),metallography,texture-aware,FPN,resnet34,gabor3,23.156941,4.492088317871094
4130-steel,4130 Steel,Steel,4130 x 20 (17).jpg,0.41689283785356557,0.5790398976588557,0.61083984375,metal_fpn_gabor_r34,Metal-FPN Gabor Stack (ResNet34),metallography,texture-aware,FPN,resnet34,gabor3,23.156941,4.492088317871094
4130-steel,4130 Steel,Steel,4130 x 20 (18).jpg,0.4142143729615937,0.5802934128402084,0.598876953125,metal_fpn_gabor_r34,Metal-FPN Gabor Stack (ResNet34),metallography,texture-aware,FPN,resnet34,gabor3,23.156941,4.492088317871094
4130-steel,4130 Steel,Steel,4130 x 20 (19).jpg,0.4057573579512782,0.5699274696328546,0.5943739149305556,metal_fpn_gabor_r34,Metal-FPN Gabor Stack (ResNet34),metallography,texture-aware,FPN,resnet34,gabor3,23.156941,4.492088317871094
4130-steel,4130 Steel,Steel,4130 x 20 (20).jpg,0.4069430703499136,0.5712443656605621,0.5953504774305556,metal_fpn_gabor_r34,Metal-FPN Gabor Stack (ResNet34),metallography,texture-aware,FPN,resnet34,gabor3,23.156941,4.492088317871094
418-17-4ph-x20,418 Printed 17-4 PH Steel,Steel,x20 (1).jpg,0.18341495792405504,0.2806455131274976,0.3507486979166667,metal_fpn_gabor_r34,Metal-FPN Gabor Stack (ResNet34),metallography,texture-aware,FPN,resnet34,gabor3,23.156941,4.492088317871094
418-17-4ph-x20,418 Printed 17-4 PH Steel,Steel,x20 (2).jpg,0.12067317650080008,0.20230958993842635,0.2317165798611111,metal_fpn_gabor_r34,Metal-FPN Gabor Stack (ResNet34),metallography,texture-aware,FPN,resnet34,gabor3,23.156941,4.492088317871094
418-17-4ph-x20,418 Printed 17-4 PH Steel,Steel,x20 (3).jpg,0.0943048675337824,0.1640269119868707,0.1823187934027778,metal_fpn_gabor_r34,Metal-FPN Gabor Stack (ResNet34),metallography,texture-aware,FPN,resnet34,gabor3,23.156941,4.492088317871094
418-17-4ph-x20,418 Printed 17-4 PH Steel,Steel,x20 (4).jpg,0.08589628132237787,0.15078604617194244,0.1669379340277778,metal_fpn_gabor_r34,Metal-FPN Gabor Stack (ResNet34),metallography,texture-aware,FPN,resnet34,gabor3,23.156941,4.492088317871094
418-17-4ph-x20,418 Printed 17-4 PH Steel,Steel,x20 (5).jpg,0.10031858547369338,0.17348740712047533,0.1930609809027778,metal_fpn_gabor_r34,Metal-FPN Gabor Stack (ResNet34),metallography,texture-aware,FPN,resnet34,gabor3,23.156941,4.492088317871094
418-17-4ph-x20,418 Printed 17-4 PH Steel,Steel,x20 (6).jpg,0.17767957792295405,0.2742527745106031,0.3396267361111111,metal_fpn_gabor_r34,Metal-FPN Gabor Stack (ResNet34),metallography,texture-aware,FPN,resnet34,gabor3,23.156941,4.492088317871094
418-17-4ph-x20,418 Printed 17-4 PH Steel,Steel,x20 (7).jpg,0.1971714028773888,0.2865430002951304,0.3894585503472222,metal_fpn_gabor_r34,Metal-FPN Gabor Stack (ResNet34),metallography,texture-aware,FPN,resnet34,gabor3,23.156941,4.492088317871094
418-17-4ph-x20,418 Printed 17-4 PH Steel,Steel,x20 (8).jpg,0.10718571301553796,0.18314942811796175,0.20643446180555555,metal_fpn_gabor_r34,Metal-FPN Gabor Stack (ResNet34),metallography,texture-aware,FPN,resnet34,gabor3,23.156941,4.492088317871094
418-17-4ph-x20,418 Printed 17-4 PH Steel,Steel,x20 (9).jpg,0.24073544378585865,0.34353674639638654,0.4558648003472222,metal_fpn_gabor_r34,Metal-FPN Gabor Stack (ResNet34),metallography,texture-aware,FPN,resnet34,gabor3,23.156941,4.492088317871094
418-17-4ph-x20,418 Printed 17-4 PH Steel,Steel,x20 (10).jpg,0.1330381036848927,0.2151170857274206,0.2599555121527778,metal_fpn_gabor_r34,Metal-FPN Gabor Stack (ResNet34),metallography,texture-aware,FPN,resnet34,gabor3,23.156941,4.492088317871094
418-17-4ph-x20,418 Printed 17-4 PH Steel,Steel,x20 (11).jpg,0.4828734429009803,0.5007562230270192,0.9527452256944444,metal_fpn_gabor_r34,Metal-FPN Gabor Stack (ResNet34),metallography,texture-aware,FPN,resnet34,gabor3,23.156941,4.492088317871094
418-17-4ph-x20,418 Printed 17-4 PH Steel,Steel,x20 (12).jpg,0.4880447905634961,0.5062543634049046,0.9591471354166666,metal_fpn_gabor_r34,Metal-FPN Gabor Stack (ResNet34),metallography,texture-aware,FPN,resnet34,gabor3,23.156941,4.492088317871094
418-17-4ph-x20,418 Printed 17-4 PH Steel,Steel,x20 (13).jpg,0.4781350580070857,0.5022905244734034,0.9375813802083334,metal_fpn_gabor_r34,Metal-FPN Gabor Stack (ResNet34),metallography,texture-aware,FPN,resnet34,gabor3,23.156941,4.492088317871094
418-17-4ph-x20,418 Printed 17-4 PH Steel,Steel,x20 (14).jpg,0.5159954687299245,0.5517721879308138,0.9684516059027778,metal_fpn_gabor_r34,Metal-FPN Gabor Stack (ResNet34),metallography,texture-aware,FPN,resnet34,gabor3,23.156941,4.492088317871094
418-17-4ph-x20,418 Printed 17-4 PH Steel,Steel,x20 (15).jpg,0.48751866746470424,0.49762149412638584,0.9696994357638888,metal_fpn_gabor_r34,Metal-FPN Gabor Stack (ResNet34),metallography,texture-aware,FPN,resnet34,gabor3,23.156941,4.492088317871094
418-17-4ph-x20,418 Printed 17-4 PH Steel,Steel,x20 (16).jpg,0.4958458176377765,0.5214258275561037,0.9587131076388888,metal_fpn_gabor_r34,Metal-FPN Gabor Stack (ResNet34),metallography,texture-aware,FPN,resnet34,gabor3,23.156941,4.492088317871094
418-17-4ph-x20,418 Printed 17-4 PH Steel,Steel,x20 (17).jpg,0.5133971103389331,0.5478258981258479,0.9673936631944444,metal_fpn_gabor_r34,Metal-FPN Gabor Stack (ResNet34),metallography,texture-aware,FPN,resnet34,gabor3,23.156941,4.492088317871094
418-17-4ph-x20,418 Printed 17-4 PH Steel,Steel,x20 (18).jpg,0.48456349670401216,0.49938888436424955,0.9592556423611112,metal_fpn_gabor_r34,Metal-FPN Gabor Stack (ResNet34),metallography,texture-aware,FPN,resnet34,gabor3,23.156941,4.492088317871094
418-17-4ph-x20,418 Printed 17-4 PH Steel,Steel,x20 (19).jpg,0.491705721558102,0.5051626690724436,0.9706488715277778,metal_fpn_gabor_r34,Metal-FPN Gabor Stack (ResNet34),metallography,texture-aware,FPN,resnet34,gabor3,23.156941,4.492088317871094
418-17-4ph-x20,418 Printed 17-4 PH Steel,Steel,x20 (20).jpg,0.2516101066424796,0.3420628684462148,0.4932454427083333,metal_fpn_gabor_r34,Metal-FPN Gabor Stack (ResNet34),metallography,texture-aware,FPN,resnet34,gabor3,23.156941,4.492088317871094
418-17-4ph-x20,418 Printed 17-4 PH Steel,Steel,x20 (21).jpg,0.28621670437497554,0.37351166439280087,0.5592447916666666,metal_fpn_gabor_r34,Metal-FPN Gabor Stack (ResNet34),metallography,texture-aware,FPN,resnet34,gabor3,23.156941,4.492088317871094
418-17-4ph-x5,418 Printed 17-4 PH Steel,Steel,x5 (1).jpg,0.7016260931953542,0.7970753795338595,0.9605577256944444,metal_fpn_gabor_r34,Metal-FPN Gabor Stack (ResNet34),metallography,texture-aware,FPN,resnet34,gabor3,23.156941,4.492088317871094
418-17-4ph-x5,418 Printed 17-4 PH Steel,Steel,x5 (2).jpg,0.7886692652816816,0.8701469326013093,0.9719780815972222,metal_fpn_gabor_r34,Metal-FPN Gabor Stack (ResNet34),metallography,texture-aware,FPN,resnet34,gabor3,23.156941,4.492088317871094
418-17-4ph-x5,418 Printed 17-4 PH Steel,Steel,x5 (3).jpg,0.6767886360784497,0.7717261088642662,0.9628363715277778,metal_fpn_gabor_r34,Metal-FPN Gabor Stack (ResNet34),metallography,texture-aware,FPN,resnet34,gabor3,23.156941,4.492088317871094
418-17-4ph-x5,418 Printed 17-4 PH Steel,Steel,x5 (4).jpg,0.6590504703609679,0.7590149115119463,0.9417046440972222,metal_fpn_gabor_r34,Metal-FPN Gabor Stack (ResNet34),metallography,texture-aware,FPN,resnet34,gabor3,23.156941,4.492088317871094
418-17-4ph-x5,418 Printed 17-4 PH Steel,Steel,x5 (5).jpg,0.8311351990402879,0.9028268897464656,0.9587673611111112,metal_fpn_gabor_r34,Metal-FPN Gabor Stack (ResNet34),metallography,texture-aware,FPN,resnet34,gabor3,23.156941,4.492088317871094
418-17-4ph-x5,418 Printed 17-4 PH Steel,Steel,x5 (6).jpg,0.7145262160347714,0.8122143741183983,0.9468315972222222,metal_fpn_gabor_r34,Metal-FPN Gabor Stack (ResNet34),metallography,texture-aware,FPN,resnet34,gabor3,23.156941,4.492088317871094
418-17-4ph-x5,418 Printed 17-4 PH Steel,Steel,x5 (7).jpg,0.6944211134690605,0.7904677494354233,0.9589572482638888,metal_fpn_gabor_r34,Metal-FPN Gabor Stack (ResNet34),metallography,texture-aware,FPN,resnet34,gabor3,23.156941,4.492088317871094
418-17-4ph-x5,418 Printed 17-4 PH Steel,Steel,x5 (8).jpg,0.6692279570008506,0.7639772533091133,0.9622667100694444,metal_fpn_gabor_r34,Metal-FPN Gabor Stack (ResNet34),metallography,texture-aware,FPN,resnet34,gabor3,23.156941,4.492088317871094
418-17-4ph-x5,418 Printed 17-4 PH Steel,Steel,x5 (9).jpg,0.6987319360818951,0.7937295508540337,0.9628634982638888,metal_fpn_gabor_r34,Metal-FPN Gabor Stack (ResNet34),metallography,texture-aware,FPN,resnet34,gabor3,23.156941,4.492088317871094
418-17-4ph-x5,418 Printed 17-4 PH Steel,Steel,x5 (10).jpg,0.707120157724947,0.801256066050211,0.9651963975694444,metal_fpn_gabor_r34,Metal-FPN Gabor Stack (ResNet34),metallography,texture-aware,FPN,resnet34,gabor3,23.156941,4.492088317871094
418-17-4ph-x5,418 Printed 17-4 PH Steel,Steel,x5 (11).jpg,0.6907225287880076,0.7867608292703692,0.959228515625,metal_fpn_gabor_r34,Metal-FPN Gabor Stack (ResNet34),metallography,texture-aware,FPN,resnet34,gabor3,23.156941,4.492088317871094
418-17-4ph-x5,418 Printed 17-4 PH Steel,Steel,x5 (12).jpg,0.7050491001018176,0.7997996988119217,0.9629448784722222,metal_fpn_gabor_r34,Metal-FPN Gabor Stack (ResNet34),metallography,texture-aware,FPN,resnet34,gabor3,23.156941,4.492088317871094
418-17-4ph-x5,418 Printed 17-4 PH Steel,Steel,x5 (13).jpg,0.6592886148064189,0.7531752017754085,0.9627549913194444,metal_fpn_gabor_r34,Metal-FPN Gabor Stack (ResNet34),metallography,texture-aware,FPN,resnet34,gabor3,23.156941,4.492088317871094
418-17-4ph-x5,418 Printed 17-4 PH Steel,Steel,x5 (14).jpg,0.7004272452745778,0.7955738078941365,0.9620225694444444,metal_fpn_gabor_r34,Metal-FPN Gabor Stack (ResNet34),metallography,texture-aware,FPN,resnet34,gabor3,23.156941,4.492088317871094
418-17-4ph-x5,418 Printed 17-4 PH Steel,Steel,x5 (15).jpg,0.8032104819875185,0.8832975842188571,0.9557291666666666,metal_fpn_gabor_r34,Metal-FPN Gabor Stack (ResNet34),metallography,texture-aware,FPN,resnet34,gabor3,23.156941,4.492088317871094
418-17-4ph-x5,418 Printed 17-4 PH Steel,Steel,x5 (16).jpg,0.7534631032616879,0.8458056134116594,0.9475640190972222,metal_fpn_gabor_r34,Metal-FPN Gabor Stack (ResNet34),metallography,texture-aware,FPN,resnet34,gabor3,23.156941,4.492088317871094
418-17-4ph-x5,418 Printed 17-4 PH Steel,Steel,x5 (17).jpg,0.8506840830728056,0.9157337325073727,0.9618598090277778,metal_fpn_gabor_r34,Metal-FPN Gabor Stack (ResNet34),metallography,texture-aware,FPN,resnet34,gabor3,23.156941,4.492088317871094
418-17-4ph-x5,418 Printed 17-4 PH Steel,Steel,x5 (18).jpg,0.6160605304227526,0.7145814310821252,0.9300401475694444,metal_fpn_gabor_r34,Metal-FPN Gabor Stack (ResNet34),metallography,texture-aware,FPN,resnet34,gabor3,23.156941,4.492088317871094
418-17-4ph-x5,418 Printed 17-4 PH Steel,Steel,x5 (19).jpg,0.6672869931903107,0.7645492976144315,0.9529079861111112,metal_fpn_gabor_r34,Metal-FPN Gabor Stack (ResNet34),metallography,texture-aware,FPN,resnet34,gabor3,23.156941,4.492088317871094
418-17-4ph-x5,418 Printed 17-4 PH Steel,Steel,x5 (20).jpg,0.6789583347277102,0.7759684393076429,0.9552680121527778,metal_fpn_gabor_r34,Metal-FPN Gabor Stack (ResNet34),metallography,texture-aware,FPN,resnet34,gabor3,23.156941,4.492088317871094
418-17-4ph-x5,418 Printed 17-4 PH Steel,Steel,x5 (21).jpg,0.6292931701047983,0.7234439082493993,0.9497612847222222,metal_fpn_gabor_r34,Metal-FPN Gabor Stack (ResNet34),metallography,texture-aware,FPN,resnet34,gabor3,23.156941,4.492088317871094
418-17-4ph-x5,418 Printed 17-4 PH Steel,Steel,x5 (22).jpg,0.6890657701553139,0.7852604029422227,0.9586588541666666,metal_fpn_gabor_r34,Metal-FPN Gabor Stack (ResNet34),metallography,texture-aware,FPN,resnet34,gabor3,23.156941,4.492088317871094
418-17-4ph-x5,418 Printed 17-4 PH Steel,Steel,x5 (23).jpg,0.6938855930279264,0.7892253607397001,0.9618869357638888,metal_fpn_gabor_r34,Metal-FPN Gabor Stack (ResNet34),metallography,texture-aware,FPN,resnet34,gabor3,23.156941,4.492088317871094
418-17-4ph-x5,418 Printed 17-4 PH Steel,Steel,x5 (24).jpg,0.6917836143995202,0.7876884828604251,0.959716796875,metal_fpn_gabor_r34,Metal-FPN Gabor Stack (ResNet34),metallography,texture-aware,FPN,resnet34,gabor3,23.156941,4.492088317871094
418-17-4ph-x5,418 Printed 17-4 PH Steel,Steel,x5 (25).jpg,0.6539713272468526,0.7510913824851757,0.9502766927083334,metal_fpn_gabor_r34,Metal-FPN Gabor Stack (ResNet34),metallography,texture-aware,FPN,resnet34,gabor3,23.156941,4.492088317871094
5884-armor-steel,5884 Armor Steel,Steel,5884 x 5 (1).jpg,0.5436281954340483,0.7034034542091117,0.7075466579861112,metal_fpn_gabor_r34,Metal-FPN Gabor Stack (ResNet34),metallography,texture-aware,FPN,resnet34,gabor3,23.156941,4.492088317871094
5884-armor-steel,5884 Armor Steel,Steel,5884 x 5 (2).jpg,0.5483527166085159,0.7079952747035467,0.7093641493055556,metal_fpn_gabor_r34,Metal-FPN Gabor Stack (ResNet34),metallography,texture-aware,FPN,resnet34,gabor3,23.156941,4.492088317871094
5884-armor-steel,5884 Armor Steel,Steel,5884 x 5 (3).jpg,0.5794285470070131,0.7309371130890101,0.7440592447916666,metal_fpn_gabor_r34,Metal-FPN Gabor Stack (ResNet34),metallography,texture-aware,FPN,resnet34,gabor3,23.156941,4.492088317871094
5884-armor-steel,5884 Armor Steel,Steel,5884 x 5 (4).jpg,0.6120827238329039,0.7570581768544167,0.7688802083333334,metal_fpn_gabor_r34,Metal-FPN Gabor Stack (ResNet34),metallography,texture-aware,FPN,resnet34,gabor3,23.156941,4.492088317871094
5884-armor-steel,5884 Armor Steel,Steel,5884 x 5 (5).jpg,0.6322752565492011,0.7683001396080371,0.8024088541666666,metal_fpn_gabor_r34,Metal-FPN Gabor Stack (ResNet34),metallography,texture-aware,FPN,resnet34,gabor3,23.156941,4.492088317871094
5884-armor-steel,5884 Armor Steel,Steel,5884 x 10 (1).jpg,0.6020424000607916,0.7514840165580817,0.7520345052083334,metal_fpn_gabor_r34,Metal-FPN Gabor Stack (ResNet34),metallography,texture-aware,FPN,resnet34,gabor3,23.156941,4.492088317871094
5884-armor-steel,5884 Armor Steel,Steel,5884 x 10 (2).jpg,0.6328803900652116,0.775023384728613,0.7758246527777778,metal_fpn_gabor_r34,Metal-FPN Gabor Stack (ResNet34),metallography,texture-aware,FPN,resnet34,gabor3,23.156941,4.492088317871094
5884-armor-steel,5884 Armor Steel,Steel,5884 x 10 (3).jpg,0.512503378006939,0.6772276830289685,0.6791178385416666,metal_fpn_gabor_r34,Metal-FPN Gabor Stack (ResNet34),metallography,texture-aware,FPN,resnet34,gabor3,23.156941,4.492088317871094
5884-armor-steel,5884 Armor Steel,Steel,5884 x 10 (4).jpg,0.587245073264629,0.7397765882636131,0.7406412760416666,metal_fpn_gabor_r34,Metal-FPN Gabor Stack (ResNet34),metallography,texture-aware,FPN,resnet34,gabor3,23.156941,4.492088317871094
5884-armor-steel,5884 Armor Steel,Steel,5884 x 10 (5).jpg,0.577083123966315,0.7315986954609024,0.7327202690972222,metal_fpn_gabor_r34,Metal-FPN Gabor Stack (ResNet34),metallography,texture-aware,FPN,resnet34,gabor3,23.156941,4.492088317871094
5884-armor-steel,5884 Armor Steel,Steel,5884 x 10 (6).jpg,0.5157323321551328,0.6803425020761205,0.6810167100694444,metal_fpn_gabor_r34,Metal-FPN Gabor Stack (ResNet34),metallography,texture-aware,FPN,resnet34,gabor3,23.156941,4.492088317871094
5884-armor-steel,5884 Armor Steel,Steel,5884 x 20 (1).jpg,0.5503625142202004,0.6958774133617267,0.75634765625,metal_fpn_gabor_r34,Metal-FPN Gabor Stack (ResNet34),metallography,texture-aware,FPN,resnet34,gabor3,23.156941,4.492088317871094
5884-armor-steel,5884 Armor Steel,Steel,5884 x 20 (2).jpg,0.5749308931547741,0.718563673483025,0.7711046006944444,metal_fpn_gabor_r34,Metal-FPN Gabor Stack (ResNet34),metallography,texture-aware,FPN,resnet34,gabor3,23.156941,4.492088317871094
5884-armor-steel,5884 Armor Steel,Steel,5884 x 20 (3).jpg,0.7532294433100051,0.8591001485539542,0.8602973090277778,metal_fpn_gabor_r34,Metal-FPN Gabor Stack (ResNet34),metallography,texture-aware,FPN,resnet34,gabor3,23.156941,4.492088317871094
5884-armor-steel,5884 Armor Steel,Steel,5884 x 20 (4).jpg,0.6745290801225614,0.7990319432149435,0.8384874131944444,metal_fpn_gabor_r34,Metal-FPN Gabor Stack (ResNet34),metallography,texture-aware,FPN,resnet34,gabor3,23.156941,4.492088317871094
5884-armor-steel,5884 Armor Steel,Steel,5884 x 20 (5).jpg,0.7023891500795397,0.8190570341097388,0.8590223524305556,metal_fpn_gabor_r34,Metal-FPN Gabor Stack (ResNet34),metallography,texture-aware,FPN,resnet34,gabor3,23.156941,4.492088317871094
5884-armor-steel,5884 Armor Steel,Steel,5884 x 20 (6).jpg,0.6251486098269903,0.76170307537488,0.8014051649305556,metal_fpn_gabor_r34,Metal-FPN Gabor Stack (ResNet34),metallography,texture-aware,FPN,resnet34,gabor3,23.156941,4.492088317871094
5884-armor-steel,5884 Armor Steel,Steel,5884 x 50 (1).jpg,0.6380273442522965,0.7790177372197173,0.7790256076388888,metal_fpn_gabor_r34,Metal-FPN Gabor Stack (ResNet34),metallography,texture-aware,FPN,resnet34,gabor3,23.156941,4.492088317871094
5884-armor-steel,5884 Armor Steel,Steel,5884 x 50 (2).jpg,0.6079507255141133,0.7553435582822086,0.7596028645833334,metal_fpn_gabor_r34,Metal-FPN Gabor Stack (ResNet34),metallography,texture-aware,FPN,resnet34,gabor3,23.156941,4.492088317871094
5884-armor-steel,5884 Armor Steel,Steel,5884 x 50 (3).jpg,0.6426643062542019,0.780805763716337,0.7900390625,metal_fpn_gabor_r34,Metal-FPN Gabor Stack (ResNet34),metallography,texture-aware,FPN,resnet34,gabor3,23.156941,4.492088317871094
5884-armor-steel,5884 Armor Steel,Steel,5884 x 50 (4).jpg,0.5456217192291457,0.7048518432663025,0.7099880642361112,metal_fpn_gabor_r34,Metal-FPN Gabor Stack (ResNet34),metallography,texture-aware,FPN,resnet34,gabor3,23.156941,4.492088317871094
6280-cast-iron-high,6280 Gray Cast Iron,Cast Iron,6280 x 20 (1).jpg,0.5382406817041623,0.657098774067041,0.8243815104166666,metal_fpn_gabor_r34,Metal-FPN Gabor Stack (ResNet34),metallography,texture-aware,FPN,resnet34,gabor3,23.156941,4.492088317871094
6280-cast-iron-high,6280 Gray Cast Iron,Cast Iron,6280 x 20 (2).jpg,0.5438985716031239,0.6711584450497484,0.8062065972222222,metal_fpn_gabor_r34,Metal-FPN Gabor Stack (ResNet34),metallography,texture-aware,FPN,resnet34,gabor3,23.156941,4.492088317871094
6280-cast-iron-high,6280 Gray Cast Iron,Cast Iron,6280 x 20 (3).jpg,0.5376840210616807,0.657840280912379,0.8206380208333334,metal_fpn_gabor_r34,Metal-FPN Gabor Stack (ResNet34),metallography,texture-aware,FPN,resnet34,gabor3,23.156941,4.492088317871094
6280-cast-iron-high,6280 Gray Cast Iron,Cast Iron,6280 x 20 (4).jpg,0.553824329108398,0.675181731876922,0.8288302951388888,metal_fpn_gabor_r34,Metal-FPN Gabor Stack (ResNet34),metallography,texture-aware,FPN,resnet34,gabor3,23.156941,4.492088317871094
6280-cast-iron-high,6280 Gray Cast Iron,Cast Iron,6280 x 20 (5).jpg,0.5434302640357157,0.6590835183169086,0.8364800347222222,metal_fpn_gabor_r34,Metal-FPN Gabor Stack (ResNet34),metallography,texture-aware,FPN,resnet34,gabor3,23.156941,4.492088317871094
6280-cast-iron-high,6280 Gray Cast Iron,Cast Iron,6280 x 20 (6).jpg,0.5350382115809854,0.653248225916458,0.8235677083333334,metal_fpn_gabor_r34,Metal-FPN Gabor Stack (ResNet34),metallography,texture-aware,FPN,resnet34,gabor3,23.156941,4.492088317871094
6280-cast-iron-high,6280 Gray Cast Iron,Cast Iron,6280 x 20 (7).jpg,0.5586781310049345,0.6703046889596102,0.8580729166666666,metal_fpn_gabor_r34,Metal-FPN Gabor Stack (ResNet34),metallography,texture-aware,FPN,resnet34,gabor3,23.156941,4.492088317871094
6280-cast-iron-high,6280 Gray Cast Iron,Cast Iron,6280 x 20 (8).jpg,0.5431398454688051,0.6655158665663649,0.8188205295138888,metal_fpn_gabor_r34,Metal-FPN Gabor Stack (ResNet34),metallography,texture-aware,FPN,resnet34,gabor3,23.156941,4.492088317871094
6280-cast-iron-high,6280 Gray Cast Iron,Cast Iron,6280 x 20 (9).jpg,0.5494131479712739,0.6672370666185203,0.8352593315972222,metal_fpn_gabor_r34,Metal-FPN Gabor Stack (ResNet34),metallography,texture-aware,FPN,resnet34,gabor3,23.156941,4.492088317871094
6280-cast-iron-high,6280 Gray Cast Iron,Cast Iron,6280 x 20 (10).jpg,0.5537796561554659,0.669445818166793,0.8440212673611112,metal_fpn_gabor_r34,Metal-FPN Gabor Stack (ResNet34),metallography,texture-aware,FPN,resnet34,gabor3,23.156941,4.492088317871094
6280-cast-iron-low,6280 Gray Cast Iron,Cast Iron,6280 x 10 (1).jpg,0.3706918151846046,0.5325253851204305,0.6049533420138888,metal_fpn_gabor_r34,Metal-FPN Gabor Stack (ResNet34),metallography,texture-aware,FPN,resnet34,gabor3,23.156941,4.492088317871094
6280-cast-iron-low,6280 Gray Cast Iron,Cast Iron,6280 x 10 (2).jpg,0.36777028431472036,0.531830588709572,0.5908745659722222,metal_fpn_gabor_r34,Metal-FPN Gabor Stack (ResNet34),metallography,texture-aware,FPN,resnet34,gabor3,23.156941,4.492088317871094
6280-cast-iron-low,6280 Gray Cast Iron,Cast Iron,6280 x 10 (3).jpg,0.36700202239239693,0.5284310185295321,0.6009385850694444,metal_fpn_gabor_r34,Metal-FPN Gabor Stack (ResNet34),metallography,texture-aware,FPN,resnet34,gabor3,23.156941,4.492088317871094
6280-cast-iron-low,6280 Gray Cast Iron,Cast Iron,6280 x 10 (4).jpg,0.3879688041138192,0.551868514986814,0.6181369357638888,metal_fpn_gabor_r34,Metal-FPN Gabor Stack (ResNet34),metallography,texture-aware,FPN,resnet34,gabor3,23.156941,4.492088317871094
6280-cast-iron-low,6280 Gray Cast Iron,Cast Iron,6280 x 10 (5).jpg,0.36545905796679207,0.5252874899834331,0.6037868923611112,metal_fpn_gabor_r34,Metal-FPN Gabor Stack (ResNet34),metallography,texture-aware,FPN,resnet34,gabor3,23.156941,4.492088317871094
6280-cast-iron-low,6280 Gray Cast Iron,Cast Iron,6280 x 10 (6).jpg,0.3835720543069379,0.5446337081323344,0.6237521701388888,metal_fpn_gabor_r34,Metal-FPN Gabor Stack (ResNet34),metallography,texture-aware,FPN,resnet34,gabor3,23.156941,4.492088317871094
6280-cast-iron-low,6280 Gray Cast Iron,Cast Iron,6280 x 10 (7).jpg,0.3776247045489982,0.5458406874699184,0.5792100694444444,metal_fpn_gabor_r34,Metal-FPN Gabor Stack (ResNet34),metallography,texture-aware,FPN,resnet34,gabor3,23.156941,4.492088317871094
6280-cast-iron-low,6280 Gray Cast Iron,Cast Iron,6280 x 10 (8).jpg,0.39008660655887023,0.5511934847243615,0.6300455729166666,metal_fpn_gabor_r34,Metal-FPN Gabor Stack (ResNet34),metallography,texture-aware,FPN,resnet34,gabor3,23.156941,4.492088317871094
6280-cast-iron-low,6280 Gray Cast Iron,Cast Iron,6280 x 10 (9).jpg,0.41586125002291513,0.5819145280062997,0.6364203559027778,metal_fpn_gabor_r34,Metal-FPN Gabor Stack (ResNet34),metallography,texture-aware,FPN,resnet34,gabor3,23.156941,4.492088317871094
6280-cast-iron-low,6280 Gray Cast Iron,Cast Iron,6280 x 10 (10).jpg,0.3964118456172725,0.5528355769258019,0.6522352430555556,metal_fpn_gabor_r34,Metal-FPN Gabor Stack (ResNet34),metallography,texture-aware,FPN,resnet34,gabor3,23.156941,4.492088317871094
6280-cast-iron-low,6280 Gray Cast Iron,Cast Iron,6280 x 10 (11).jpg,0.3879483906734616,0.5438590018758903,0.6416558159722222,metal_fpn_gabor_r34,Metal-FPN Gabor Stack (ResNet34),metallography,texture-aware,FPN,resnet34,gabor3,23.156941,4.492088317871094
4130-steel,4130 Steel,Steel,4130 x 10 (1).jpg,0.5625254220779417,0.7173204606398216,0.7295735677083334,metal_linknet_edge4_r34,Metal-LinkNet RGB+Sobel (ResNet34),metallography,edge-aware,Linknet,resnet34,edge4,21.775469,4.300188779830933
4130-steel,4130 Steel,Steel,4130 x 10 (2).jpg,0.405330883381652,0.5679390577453158,0.5974663628472222,metal_linknet_edge4_r34,Metal-LinkNet RGB+Sobel (ResNet34),metallography,edge-aware,Linknet,resnet34,edge4,21.775469,4.300188779830933
4130-steel,4130 Steel,Steel,4130 x 10 (3).jpg,0.47099814439858645,0.6377744074456524,0.6475694444444444,metal_linknet_edge4_r34,Metal-LinkNet RGB+Sobel (ResNet34),metallography,edge-aware,Linknet,resnet34,edge4,21.775469,4.300188779830933
4130-steel,4130 Steel,Steel,4130 x 10 (4).jpg,0.4720352658362115,0.6397856179019912,0.6456434461805556,metal_linknet_edge4_r34,Metal-LinkNet RGB+Sobel (ResNet34),metallography,edge-aware,Linknet,resnet34,edge4,21.775469,4.300188779830933
4130-steel,4130 Steel,Steel,4130 x 10 (5).jpg,0.39692951634248386,0.5658552911429577,0.5738932291666666,metal_linknet_edge4_r34,Metal-LinkNet RGB+Sobel (ResNet34),metallography,edge-aware,Linknet,resnet34,edge4,21.775469,4.300188779830933
4130-steel,4130 Steel,Steel,4130 x 10 (6).jpg,0.46396238866416295,0.6303557087870814,0.6432834201388888,metal_linknet_edge4_r34,Metal-LinkNet RGB+Sobel (ResNet34),metallography,edge-aware,Linknet,resnet34,edge4,21.775469,4.300188779830933
4130-steel,4130 Steel,Steel,4130 x 10 (7).jpg,0.5107525894427535,0.6740150375707914,0.6827256944444444,metal_linknet_edge4_r34,Metal-LinkNet RGB+Sobel (ResNet34),metallography,edge-aware,Linknet,resnet34,edge4,21.775469,4.300188779830933
4130-steel,4130 Steel,Steel,4130 x 10 (8).jpg,0.4859499166124529,0.6474342199711112,0.6728515625,metal_linknet_edge4_r34,Metal-LinkNet RGB+Sobel (ResNet34),metallography,edge-aware,Linknet,resnet34,edge4,21.775469,4.300188779830933
4130-steel,4130 Steel,Steel,4130 x 10 (9).jpg,0.4544149188234924,0.6188849753310315,0.6405978732638888,metal_linknet_edge4_r34,Metal-LinkNet RGB+Sobel (ResNet34),metallography,edge-aware,Linknet,resnet34,edge4,21.775469,4.300188779830933
4130-steel,4130 Steel,Steel,4130 x 10 (10).jpg,0.4767507311682392,0.636991751689377,0.6695963541666666,metal_linknet_edge4_r34,Metal-LinkNet RGB+Sobel (ResNet34),metallography,edge-aware,Linknet,resnet34,edge4,21.775469,4.300188779830933
4130-steel,4130 Steel,Steel,4130 x 10 (11).jpg,0.4682331882400885,0.6246590567215001,0.6728786892361112,metal_linknet_edge4_r34,Metal-LinkNet RGB+Sobel (ResNet34),metallography,edge-aware,Linknet,resnet34,edge4,21.775469,4.300188779830933
4130-steel,4130 Steel,Steel,4130 x 10 (12).jpg,0.4634789332918942,0.6202531908300863,0.6679958767361112,metal_linknet_edge4_r34,Metal-LinkNet RGB+Sobel (ResNet34),metallography,edge-aware,Linknet,resnet34,edge4,21.775469,4.300188779830933
4130-steel,4130 Steel,Steel,4130 x 10 (13).jpg,0.45144719234263525,0.6090063591331218,0.6554633246527778,metal_linknet_edge4_r34,Metal-LinkNet RGB+Sobel (ResNet34),metallography,edge-aware,Linknet,resnet34,edge4,21.775469,4.300188779830933
4130-steel,4130 Steel,Steel,4130 x 10 (14).jpg,0.4783464410083744,0.631868875616208,0.6886121961805556,metal_linknet_edge4_r34,Metal-LinkNet RGB+Sobel (ResNet34),metallography,edge-aware,Linknet,resnet34,edge4,21.775469,4.300188779830933
4130-steel,4130 Steel,Steel,4130 x 10 (15).jpg,0.4588209444685952,0.6156159646866495,0.6639268663194444,metal_linknet_edge4_r34,Metal-LinkNet RGB+Sobel (ResNet34),metallography,edge-aware,Linknet,resnet34,edge4,21.775469,4.300188779830933
4130-steel,4130 Steel,Steel,4130 x 10 (16).jpg,0.45907566268264843,0.6209547085489033,0.6512044270833334,metal_linknet_edge4_r34,Metal-LinkNet RGB+Sobel (ResNet34),metallography,edge-aware,Linknet,resnet34,edge4,21.775469,4.300188779830933
4130-steel,4130 Steel,Steel,4130 x 10 (17).jpg,0.4811139574024219,0.6343528513346681,0.6915418836805556,metal_linknet_edge4_r34,Metal-LinkNet RGB+Sobel (ResNet34),metallography,edge-aware,Linknet,resnet34,edge4,21.775469,4.300188779830933
4130-steel,4130 Steel,Steel,4130 x 10 (18).jpg,0.4641499122880745,0.6220709793055376,0.6656358506944444,metal_linknet_edge4_r34,Metal-LinkNet RGB+Sobel (ResNet34),metallography,edge-aware,Linknet,resnet34,edge4,21.775469,4.300188779830933
4130-steel,4130 Steel,Steel,4130 x 10 (19).jpg,0.4319641735473688,0.5932506540352643,0.6280653211805556,metal_linknet_edge4_r34,Metal-LinkNet RGB+Sobel (ResNet34),metallography,edge-aware,Linknet,resnet34,edge4,21.775469,4.300188779830933
4130-steel,4130 Steel,Steel,4130 x 10 (20).jpg,0.43242002916634914,0.5977941293326765,0.6185980902777778,metal_linknet_edge4_r34,Metal-LinkNet RGB+Sobel (ResNet34),metallography,edge-aware,Linknet,resnet34,edge4,21.775469,4.300188779830933
4130-steel,4130 Steel,Steel,4130 x 20 (1).jpg,0.5571406262939245,0.7127950150882918,0.725341796875,metal_linknet_edge4_r34,Metal-LinkNet RGB+Sobel (ResNet34),metallography,edge-aware,Linknet,resnet34,edge4,21.775469,4.300188779830933
4130-steel,4130 Steel,Steel,4130 x 20 (2).jpg,0.534348156783685,0.6945037930973317,0.7030978732638888,metal_linknet_edge4_r34,Metal-LinkNet RGB+Sobel (ResNet34),metallography,edge-aware,Linknet,resnet34,edge4,21.775469,4.300188779830933
4130-steel,4130 Steel,Steel,4130 x 20 (3).jpg,0.5492892459955073,0.7076797464563264,0.7138943142361112,metal_linknet_edge4_r34,Metal-LinkNet RGB+Sobel (ResNet34),metallography,edge-aware,Linknet,resnet34,edge4,21.775469,4.300188779830933
4130-steel,4130 Steel,Steel,4130 x 20 (4).jpg,0.473165031720511,0.6353220623166131,0.6617296006944444,metal_linknet_edge4_r34,Metal-LinkNet RGB+Sobel (ResNet34),metallography,edge-aware,Linknet,resnet34,edge4,21.775469,4.300188779830933
4130-steel,4130 Steel,Steel,4130 x 20 (5).jpg,0.5165843332370588,0.676681950314513,0.6953667534722222,metal_linknet_edge4_r34,Metal-LinkNet RGB+Sobel (ResNet34),metallography,edge-aware,Linknet,resnet34,edge4,21.775469,4.300188779830933
4130-steel,4130 Steel,Steel,4130 x 20 (6).jpg,0.5555168300138533,0.7108673826469805,0.7259657118055556,metal_linknet_edge4_r34,Metal-LinkNet RGB+Sobel (ResNet34),metallography,edge-aware,Linknet,resnet34,edge4,21.775469,4.300188779830933
4130-steel,4130 Steel,Steel,4130 x 20 (7).jpg,0.5358840791440521,0.6926014998208214,0.7147894965277778,metal_linknet_edge4_r34,Metal-LinkNet RGB+Sobel (ResNet34),metallography,edge-aware,Linknet,resnet34,edge4,21.775469,4.300188779830933
4130-steel,4130 Steel,Steel,4130 x 20 (8).jpg,0.5444670795944375,0.7015505789528624,0.716796875,metal_linknet_edge4_r34,Metal-LinkNet RGB+Sobel (ResNet34),metallography,edge-aware,Linknet,resnet34,edge4,21.775469,4.300188779830933
4130-steel,4130 Steel,Steel,4130 x 20 (9).jpg,0.5167215028667206,0.6758073953293077,0.6985134548611112,metal_linknet_edge4_r34,Metal-LinkNet RGB+Sobel (ResNet34),metallography,edge-aware,Linknet,resnet34,edge4,21.775469,4.300188779830933
4130-steel,4130 Steel,Steel,4130 x 20 (10).jpg,0.556692371285396,0.7098170969582713,0.7338595920138888,metal_linknet_edge4_r34,Metal-LinkNet RGB+Sobel (ResNet34),metallography,edge-aware,Linknet,resnet34,edge4,21.775469,4.300188779830933
4130-steel,4130 Steel,Steel,4130 x 20 (11).jpg,0.5553407450693961,0.7063648744459081,0.740478515625,metal_linknet_edge4_r34,Metal-LinkNet RGB+Sobel (ResNet34),metallography,edge-aware,Linknet,resnet34,edge4,21.775469,4.300188779830933
4130-steel,4130 Steel,Steel,4130 x 20 (12).jpg,0.5520245937856677,0.7046187002165826,0.7341851128472222,metal_linknet_edge4_r34,Metal-LinkNet RGB+Sobel (ResNet34),metallography,edge-aware,Linknet,resnet34,edge4,21.775469,4.300188779830933
4130-steel,4130 Steel,Steel,4130 x 20 (13).jpg,0.5843226703187426,0.7317068474266731,0.7597113715277778,metal_linknet_edge4_r34,Metal-LinkNet RGB+Sobel (ResNet34),metallography,edge-aware,Linknet,resnet34,edge4,21.775469,4.300188779830933
4130-steel,4130 Steel,Steel,4130 x 20 (14).jpg,0.5720910912675308,0.7210902108617262,0.7518988715277778,metal_linknet_edge4_r34,Metal-LinkNet RGB+Sobel (ResNet34),metallography,edge-aware,Linknet,resnet34,edge4,21.775469,4.300188779830933
4130-steel,4130 Steel,Steel,4130 x 20 (15).jpg,0.5326373250770977,0.6893092766357776,0.7135687934027778,metal_linknet_edge4_r34,Metal-LinkNet RGB+Sobel (ResNet34),metallography,edge-aware,Linknet,resnet34,edge4,21.775469,4.300188779830933
4130-steel,4130 Steel,Steel,4130 x 20 (16).jpg,0.49538253610467553,0.6572426032866829,0.6780327690972222,metal_linknet_edge4_r34,Metal-LinkNet RGB+Sobel (ResNet34),metallography,edge-aware,Linknet,resnet34,edge4,21.775469,4.300188779830933
4130-steel,4130 Steel,Steel,4130 x 20 (17).jpg,0.5026880537892183,0.6639090698469077,0.6843532986111112,metal_linknet_edge4_r34,Metal-LinkNet RGB+Sobel (ResNet34),metallography,edge-aware,Linknet,resnet34,edge4,21.775469,4.300188779830933
4130-steel,4130 Steel,Steel,4130 x 20 (18).jpg,0.5658372396189801,0.7216986517210072,0.7264268663194444,metal_linknet_edge4_r34,Metal-LinkNet RGB+Sobel (ResNet34),metallography,edge-aware,Linknet,resnet34,edge4,21.775469,4.300188779830933
4130-steel,4130 Steel,Steel,4130 x 20 (19).jpg,0.5372464912330176,0.6968750143246609,0.7058919270833334,metal_linknet_edge4_r34,Metal-LinkNet RGB+Sobel (ResNet34),metallography,edge-aware,Linknet,resnet34,edge4,21.775469,4.300188779830933
4130-steel,4130 Steel,Steel,4130 x 20 (20).jpg,0.5350289660760449,0.6949883902833208,0.7039930555555556,metal_linknet_edge4_r34,Metal-LinkNet RGB+Sobel (ResNet34),metallography,edge-aware,Linknet,resnet34,edge4,21.775469,4.300188779830933
418-17-4ph-x20,418 Printed 17-4 PH Steel,Steel,x20 (1).jpg,0.3882676729646156,0.539311565899881,0.6028645833333334,metal_linknet_edge4_r34,Metal-LinkNet RGB+Sobel (ResNet34),metallography,edge-aware,Linknet,resnet34,edge4,21.775469,4.300188779830933
418-17-4ph-x20,418 Printed 17-4 PH Steel,Steel,x20 (2).jpg,0.3897690585548017,0.5191658542577225,0.6477322048611112,metal_linknet_edge4_r34,Metal-LinkNet RGB+Sobel (ResNet34),metallography,edge-aware,Linknet,resnet34,edge4,21.775469,4.300188779830933
418-17-4ph-x20,418 Printed 17-4 PH Steel,Steel,x20 (3).jpg,0.39005528090681824,0.5091959421344368,0.6671820746527778,metal_linknet_edge4_r34,Metal-LinkNet RGB+Sobel (ResNet34),metallography,edge-aware,Linknet,resnet34,edge4,21.775469,4.300188779830933
418-17-4ph-x20,418 Printed 17-4 PH Steel,Steel,x20 (4).jpg,0.39570459462349317,0.5122869121659527,0.6792805989583334,metal_linknet_edge4_r34,Metal-LinkNet RGB+Sobel (ResNet34),metallography,edge-aware,Linknet,resnet34,edge4,21.775469,4.300188779830933
418-17-4ph-x20,418 Printed 17-4 PH Steel,Steel,x20 (5).jpg,0.38650404139034134,0.5047155399434722,0.6641438802083334,metal_linknet_edge4_r34,Metal-LinkNet RGB+Sobel (ResNet34),metallography,edge-aware,Linknet,resnet34,edge4,21.775469,4.300188779830933
418-17-4ph-x20,418 Printed 17-4 PH Steel,Steel,x20 (6).jpg,0.4012110483206026,0.5495140094549543,0.6240505642361112,metal_linknet_edge4_r34,Metal-LinkNet RGB+Sobel (ResNet34),metallography,edge-aware,Linknet,resnet34,edge4,21.775469,4.300188779830933
418-17-4ph-x20,418 Printed 17-4 PH Steel,Steel,x20 (7).jpg,0.3544403014226429,0.5026202091786388,0.5651041666666666,metal_linknet_edge4_r34,Metal-LinkNet RGB+Sobel (ResNet34),metallography,edge-aware,Linknet,resnet34,edge4,21.775469,4.300188779830933
418-17-4ph-x20,418 Printed 17-4 PH Steel,Steel,x20 (8).jpg,0.39128061746170545,0.5177498133409115,0.6552191840277778,metal_linknet_edge4_r34,Metal-LinkNet RGB+Sobel (ResNet34),metallography,edge-aware,Linknet,resnet34,edge4,21.775469,4.300188779830933
418-17-4ph-x20,418 Printed 17-4 PH Steel,Steel,x20 (9).jpg,0.3868399874560591,0.545853826426864,0.5843370225694444,metal_linknet_edge4_r34,Metal-LinkNet RGB+Sobel (ResNet34),metallography,edge-aware,Linknet,resnet34,edge4,21.775469,4.300188779830933
418-17-4ph-x20,418 Printed 17-4 PH Steel,Steel,x20 (10).jpg,0.39102310481155633,0.5281117175339065,0.6344672309027778,metal_linknet_edge4_r34,Metal-LinkNet RGB+Sobel (ResNet34),metallography,edge-aware,Linknet,resnet34,edge4,21.775469,4.300188779830933
418-17-4ph-x20,418 Printed 17-4 PH Steel,Steel,x20 (11).jpg,0.417430302939099,0.46978612613087534,0.8138292100694444,metal_linknet_edge4_r34,Metal-LinkNet RGB+Sobel (ResNet34),metallography,edge-aware,Linknet,resnet34,edge4,21.775469,4.300188779830933
418-17-4ph-x20,418 Printed 17-4 PH Steel,Steel,x20 (12).jpg,0.4321206048971468,0.4812980078055096,0.8390028211805556,metal_linknet_edge4_r34,Metal-LinkNet RGB+Sobel (ResNet34),metallography,edge-aware,Linknet,resnet34,edge4,21.775469,4.300188779830933
418-17-4ph-x20,418 Printed 17-4 PH Steel,Steel,x20 (13).jpg,0.4732975675706798,0.49892530753858044,0.9290364583333334,metal_linknet_edge4_r34,Metal-LinkNet RGB+Sobel (ResNet34),metallography,edge-aware,Linknet,resnet34,edge4,21.775469,4.300188779830933
418-17-4ph-x20,418 Printed 17-4 PH Steel,Steel,x20 (14).jpg,0.41948547641701317,0.46784615775693333,0.8225368923611112,metal_linknet_edge4_r34,Metal-LinkNet RGB+Sobel (ResNet34),metallography,edge-aware,Linknet,resnet34,edge4,21.775469,4.300188779830933
418-17-4ph-x20,418 Printed 17-4 PH Steel,Steel,x20 (15).jpg,0.41510367234458023,0.46599877403821405,0.8126627604166666,metal_linknet_edge4_r34,Metal-LinkNet RGB+Sobel (ResNet34),metallography,edge-aware,Linknet,resnet34,edge4,21.775469,4.300188779830933
418-17-4ph-x20,418 Printed 17-4 PH Steel,Steel,x20 (16).jpg,0.4279319984281712,0.4782718053924345,0.8314887152777778,metal_linknet_edge4_r34,Metal-LinkNet RGB+Sobel (ResNet34),metallography,edge-aware,Linknet,resnet34,edge4,21.775469,4.300188779830933
418-17-4ph-x20,418 Printed 17-4 PH Steel,Steel,x20 (17).jpg,0.4411332215884176,0.4819119223698205,0.8636881510416666,metal_linknet_edge4_r34,Metal-LinkNet RGB+Sobel (ResNet34),metallography,edge-aware,Linknet,resnet34,edge4,21.775469,4.300188779830933
418-17-4ph-x20,418 Printed 17-4 PH Steel,Steel,x20 (18).jpg,0.43477874291775437,0.4818394326500909,0.8457845052083334,metal_linknet_edge4_r34,Metal-LinkNet RGB+Sobel (ResNet34),metallography,edge-aware,Linknet,resnet34,edge4,21.775469,4.300188779830933
418-17-4ph-x20,418 Printed 17-4 PH Steel,Steel,x20 (19).jpg,0.42672877273400334,0.47079706752266803,0.8389214409722222,metal_linknet_edge4_r34,Metal-LinkNet RGB+Sobel (ResNet34),metallography,edge-aware,Linknet,resnet34,edge4,21.775469,4.300188779830933
418-17-4ph-x20,418 Printed 17-4 PH Steel,Steel,x20 (20).jpg,0.3124951066467844,0.4639568379547447,0.4989963107638889,metal_linknet_edge4_r34,Metal-LinkNet RGB+Sobel (ResNet34),metallography,edge-aware,Linknet,resnet34,edge4,21.775469,4.300188779830933
418-17-4ph-x20,418 Printed 17-4 PH Steel,Steel,x20 (21).jpg,0.29835084897446995,0.4543163179041128,0.46923828125,metal_linknet_edge4_r34,Metal-LinkNet RGB+Sobel (ResNet34),metallography,edge-aware,Linknet,resnet34,edge4,21.775469,4.300188779830933
418-17-4ph-x5,418 Printed 17-4 PH Steel,Steel,x5 (1).jpg,0.6191333073746421,0.7183720756915697,0.9295247395833334,metal_linknet_edge4_r34,Metal-LinkNet RGB+Sobel (ResNet34),metallography,edge-aware,Linknet,resnet34,edge4,21.775469,4.300188779830933
418-17-4ph-x5,418 Printed 17-4 PH Steel,Steel,x5 (2).jpg,0.698794253147301,0.7974140468139932,0.9474826388888888,metal_linknet_edge4_r34,Metal-LinkNet RGB+Sobel (ResNet34),metallography,edge-aware,Linknet,resnet34,edge4,21.775469,4.300188779830933
418-17-4ph-x5,418 Printed 17-4 PH Steel,Steel,x5 (3).jpg,0.6044731788936238,0.6981134073647154,0.9369032118055556,metal_linknet_edge4_r34,Metal-LinkNet RGB+Sobel (ResNet34),metallography,edge-aware,Linknet,resnet34,edge4,21.775469,4.300188779830933
418-17-4ph-x5,418 Printed 17-4 PH Steel,Steel,x5 (4).jpg,0.6334305877108849,0.735985991945354,0.9255642361111112,metal_linknet_edge4_r34,Metal-LinkNet RGB+Sobel (ResNet34),metallography,edge-aware,Linknet,resnet34,edge4,21.775469,4.300188779830933
418-17-4ph-x5,418 Printed 17-4 PH Steel,Steel,x5 (5).jpg,0.7856389899253877,0.8721773783255904,0.9407823350694444,metal_linknet_edge4_r34,Metal-LinkNet RGB+Sobel (ResNet34),metallography,edge-aware,Linknet,resnet34,edge4,21.775469,4.300188779830933
418-17-4ph-x5,418 Printed 17-4 PH Steel,Steel,x5 (6).jpg,0.6614202494555119,0.7662828148237337,0.9242621527777778,metal_linknet_edge4_r34,Metal-LinkNet RGB+Sobel (ResNet34),metallography,edge-aware,Linknet,resnet34,edge4,21.775469,4.300188779830933
418-17-4ph-x5,418 Printed 17-4 PH Steel,Steel,x5 (7).jpg,0.6106869373570261,0.7097233076051629,0.9256184895833334,metal_linknet_edge4_r34,Metal-LinkNet RGB+Sobel (ResNet34),metallography,edge-aware,Linknet,resnet34,edge4,21.775469,4.300188779830933
418-17-4ph-x5,418 Printed 17-4 PH Steel,Steel,x5 (8).jpg,0.5996641662586187,0.6926652720310164,0.9354383680555556,metal_linknet_edge4_r34,Metal-LinkNet RGB+Sobel (ResNet34),metallography,edge-aware,Linknet,resnet34,edge4,21.775469,4.300188779830933
418-17-4ph-x5,418 Printed 17-4 PH Steel,Steel,x5 (9).jpg,0.6029946554118717,0.7002761044256782,0.926025390625,metal_linknet_edge4_r34,Metal-LinkNet RGB+Sobel (ResNet34),metallography,edge-aware,Linknet,resnet34,edge4,21.775469,4.300188779830933
418-17-4ph-x5,418 Printed 17-4 PH Steel,Steel,x5 (10).jpg,0.6363860397253138,0.7336188997743136,0.9436306423611112,metal_linknet_edge4_r34,Metal-LinkNet RGB+Sobel (ResNet34),metallography,edge-aware,Linknet,resnet34,edge4,21.775469,4.300188779830933
418-17-4ph-x5,418 Printed 17-4 PH Steel,Steel,x5 (11).jpg,0.6239628162249208,0.7223410419559521,0.9344889322916666,metal_linknet_edge4_r34,Metal-LinkNet RGB+Sobel (ResNet34),metallography,edge-aware,Linknet,resnet34,edge4,21.775469,4.300188779830933
418-17-4ph-x5,418 Printed 17-4 PH Steel,Steel,x5 (12).jpg,0.6267732114945239,0.725485481966562,0.934814453125,metal_linknet_edge4_r34,Metal-LinkNet RGB+Sobel (ResNet34),metallography,edge-aware,Linknet,resnet34,edge4,21.775469,4.300188779830933
418-17-4ph-x5,418 Printed 17-4 PH Steel,Steel,x5 (13).jpg,0.5952207457865211,0.6859363370655633,0.9383138020833334,metal_linknet_edge4_r34,Metal-LinkNet RGB+Sobel (ResNet34),metallography,edge-aware,Linknet,resnet34,edge4,21.775469,4.300188779830933
418-17-4ph-x5,418 Printed 17-4 PH Steel,Steel,x5 (14).jpg,0.6666048999938119,0.7638559269731154,0.9528266059027778,metal_linknet_edge4_r34,Metal-LinkNet RGB+Sobel (ResNet34),metallography,edge-aware,Linknet,resnet34,edge4,21.775469,4.300188779830933
418-17-4ph-x5,418 Printed 17-4 PH Steel,Steel,x5 (15).jpg,0.7411762396330004,0.8382741982406893,0.9322102864583334,metal_linknet_edge4_r34,Metal-LinkNet RGB+Sobel (ResNet34),metallography,edge-aware,Linknet,resnet34,edge4,21.775469,4.300188779830933
418-17-4ph-x5,418 Printed 17-4 PH Steel,Steel,x5 (16).jpg,0.7045857979470641,0.8073317808176925,0.9271918402777778,metal_linknet_edge4_r34,Metal-LinkNet RGB+Sobel (ResNet34),metallography,edge-aware,Linknet,resnet34,edge4,21.775469,4.300188779830933
418-17-4ph-x5,418 Printed 17-4 PH Steel,Steel,x5 (17).jpg,0.7895249350491608,0.8754350715940649,0.9381781684027778,metal_linknet_edge4_r34,Metal-LinkNet RGB+Sobel (ResNet34),metallography,edge-aware,Linknet,resnet34,edge4,21.775469,4.300188779830933
418-17-4ph-x5,418 Printed 17-4 PH Steel,Steel,x5 (18).jpg,0.6219720040972769,0.7200300975249889,0.9344618055555556,metal_linknet_edge4_r34,Metal-LinkNet RGB+Sobel (ResNet34),metallography,edge-aware,Linknet,resnet34,edge4,21.775469,4.300188779830933
418-17-4ph-x5,418 Printed 17-4 PH Steel,Steel,x5 (19).jpg,0.6444098421067551,0.742732962057483,0.9432237413194444,metal_linknet_edge4_r34,Metal-LinkNet RGB+Sobel (ResNet34),metallography,edge-aware,Linknet,resnet34,edge4,21.775469,4.300188779830933
418-17-4ph-x5,418 Printed 17-4 PH Steel,Steel,x5 (20).jpg,0.6290290079314136,0.7279530368645567,0.9351942274305556,metal_linknet_edge4_r34,Metal-LinkNet RGB+Sobel (ResNet34),metallography,edge-aware,Linknet,resnet34,edge4,21.775469,4.300188779830933
418-17-4ph-x5,418 Printed 17-4 PH Steel,Steel,x5 (21).jpg,0.5934822066681036,0.6865749928078623,0.9309353298611112,metal_linknet_edge4_r34,Metal-LinkNet RGB+Sobel (ResNet34),metallography,edge-aware,Linknet,resnet34,edge4,21.775469,4.300188779830933
418-17-4ph-x5,418 Printed 17-4 PH Steel,Steel,x5 (22).jpg,0.6144714402341187,0.7140322117806301,0.9261610243055556,metal_linknet_edge4_r34,Metal-LinkNet RGB+Sobel (ResNet34),metallography,edge-aware,Linknet,resnet34,edge4,21.775469,4.300188779830933
418-17-4ph-x5,418 Printed 17-4 PH Steel,Steel,x5 (23).jpg,0.6191328384074384,0.7164746365200918,0.9351128472222222,metal_linknet_edge4_r34,Metal-LinkNet RGB+Sobel (ResNet34),metallography,edge-aware,Linknet,resnet34,edge4,21.775469,4.300188779830933
418-17-4ph-x5,418 Printed 17-4 PH Steel,Steel,x5 (24).jpg,0.6260485918720416,0.7243540001199409,0.9357096354166666,metal_linknet_edge4_r34,Metal-LinkNet RGB+Sobel (ResNet34),metallography,edge-aware,Linknet,resnet34,edge4,21.775469,4.300188779830933
418-17-4ph-x5,418 Printed 17-4 PH Steel,Steel,x5 (25).jpg,0.6102912658466739,0.7069775696527895,0.9320746527777778,metal_linknet_edge4_r34,Metal-LinkNet RGB+Sobel (ResNet34),metallography,edge-aware,Linknet,resnet34,edge4,21.775469,4.300188779830933
5884-armor-steel,5884 Armor Steel,Steel,5884 x 5 (1).jpg,0.5906340401409008,0.7383576370893474,0.7590060763888888,metal_linknet_edge4_r34,Metal-LinkNet RGB+Sobel (ResNet34),metallography,edge-aware,Linknet,resnet34,edge4,21.775469,4.300188779830933
5884-armor-steel,5884 Armor Steel,Steel,5884 x 5 (2).jpg,0.664669338234227,0.7974841300310825,0.8038736979166666,metal_linknet_edge4_r34,Metal-LinkNet RGB+Sobel (ResNet34),metallography,edge-aware,Linknet,resnet34,edge4,21.775469,4.300188779830933
5884-armor-steel,5884 Armor Steel,Steel,5884 x 5 (3).jpg,0.7412841556591556,0.8507292999514926,0.8560655381944444,metal_linknet_edge4_r34,Metal-LinkNet RGB+Sobel (ResNet34),metallography,edge-aware,Linknet,resnet34,edge4,21.775469,4.300188779830933
5884-armor-steel,5884 Armor Steel,Steel,5884 x 5 (4).jpg,0.6704980437235198,0.8026112238326684,0.803466796875,metal_linknet_edge4_r34,Metal-LinkNet RGB+Sobel (ResNet34),metallography,edge-aware,Linknet,resnet34,edge4,21.775469,4.300188779830933
5884-armor-steel,5884 Armor Steel,Steel,5884 x 5 (5).jpg,0.7125173280206563,0.8290663640509583,0.8500434027777778,metal_linknet_edge4_r34,Metal-LinkNet RGB+Sobel (ResNet34),metallography,edge-aware,Linknet,resnet34,edge4,21.775469,4.300188779830933
5884-armor-steel,5884 Armor Steel,Steel,5884 x 10 (1).jpg,0.7476815161242547,0.8547235826879519,0.8618435329861112,metal_linknet_edge4_r34,Metal-LinkNet RGB+Sobel (ResNet34),metallography,edge-aware,Linknet,resnet34,edge4,21.775469,4.300188779830933
5884-armor-steel,5884 Armor Steel,Steel,5884 x 10 (2).jpg,0.7770223167296293,0.8743320880806711,0.8760308159722222,metal_linknet_edge4_r34,Metal-LinkNet RGB+Sobel (ResNet34),metallography,edge-aware,Linknet,resnet34,edge4,21.775469,4.300188779830933
5884-armor-steel,5884 Armor Steel,Steel,5884 x 10 (3).jpg,0.6639621053036764,0.7967777503625857,0.8043077256944444,metal_linknet_edge4_r34,Metal-LinkNet RGB+Sobel (ResNet34),metallography,edge-aware,Linknet,resnet34,edge4,21.775469,4.300188779830933
5884-armor-steel,5884 Armor Steel,Steel,5884 x 10 (4).jpg,0.752963564333712,0.8590097257558096,0.8595377604166666,metal_linknet_edge4_r34,Metal-LinkNet RGB+Sobel (ResNet34),metallography,edge-aware,Linknet,resnet34,edge4,21.775469,4.300188779830933
5884-armor-steel,5884 Armor Steel,Steel,5884 x 10 (5).jpg,0.6597115455167087,0.7946472500254225,0.7965494791666666,metal_linknet_edge4_r34,Metal-LinkNet RGB+Sobel (ResNet34),metallography,edge-aware,Linknet,resnet34,edge4,21.775469,4.300188779830933
5884-armor-steel,5884 Armor Steel,Steel,5884 x 10 (6).jpg,0.7129026180944418,0.8320599790598197,0.8343641493055556,metal_linknet_edge4_r34,Metal-LinkNet RGB+Sobel (ResNet34),metallography,edge-aware,Linknet,resnet34,edge4,21.775469,4.300188779830933
5884-armor-steel,5884 Armor Steel,Steel,5884 x 20 (1).jpg,0.42158563409170646,0.5663561583192448,0.6548394097222222,metal_linknet_edge4_r34,Metal-LinkNet RGB+Sobel (ResNet34),metallography,edge-aware,Linknet,resnet34,edge4,21.775469,4.300188779830933
5884-armor-steel,5884 Armor Steel,Steel,5884 x 20 (2).jpg,0.43557385315655617,0.5841686751719876,0.6613226996527778,metal_linknet_edge4_r34,Metal-LinkNet RGB+Sobel (ResNet34),metallography,edge-aware,Linknet,resnet34,edge4,21.775469,4.300188779830933
5884-armor-steel,5884 Armor Steel,Steel,5884 x 20 (3).jpg,0.6828622828755406,0.8113128053504683,0.8127983940972222,metal_linknet_edge4_r34,Metal-LinkNet RGB+Sobel (ResNet34),metallography,edge-aware,Linknet,resnet34,edge4,21.775469,4.300188779830933
5884-armor-steel,5884 Armor Steel,Steel,5884 x 20 (4).jpg,0.5286065457737552,0.678963732711259,0.7310384114583334,metal_linknet_edge4_r34,Metal-LinkNet RGB+Sobel (ResNet34),metallography,edge-aware,Linknet,resnet34,edge4,21.775469,4.300188779830933
5884-armor-steel,5884 Armor Steel,Steel,5884 x 20 (5).jpg,0.620140395489247,0.7603037416314666,0.7873806423611112,metal_linknet_edge4_r34,Metal-LinkNet RGB+Sobel (ResNet34),metallography,edge-aware,Linknet,resnet34,edge4,21.775469,4.300188779830933
5884-armor-steel,5884 Armor Steel,Steel,5884 x 20 (6).jpg,0.5732524279585733,0.7138571244374197,0.7807888454861112,metal_linknet_edge4_r34,Metal-LinkNet RGB+Sobel (ResNet34),metallography,edge-aware,Linknet,resnet34,edge4,21.775469,4.300188779830933
5884-armor-steel,5884 Armor Steel,Steel,5884 x 50 (1).jpg,0.7150891063783771,0.833306214624701,0.8373209635416666,metal_linknet_edge4_r34,Metal-LinkNet RGB+Sobel (ResNet34),metallography,edge-aware,Linknet,resnet34,edge4,21.775469,4.300188779830933
5884-armor-steel,5884 Armor Steel,Steel,5884 x 50 (2).jpg,0.7375506010862729,0.8460939233480982,0.8675401475694444,metal_linknet_edge4_r34,Metal-LinkNet RGB+Sobel (ResNet34),metallography,edge-aware,Linknet,resnet34,edge4,21.775469,4.300188779830933
5884-armor-steel,5884 Armor Steel,Steel,5884 x 50 (3).jpg,0.7789603386741748,0.8757430165279609,0.8757866753472222,metal_linknet_edge4_r34,Metal-LinkNet RGB+Sobel (ResNet34),metallography,edge-aware,Linknet,resnet34,edge4,21.775469,4.300188779830933
5884-armor-steel,5884 Armor Steel,Steel,5884 x 50 (4).jpg,0.6751722604753247,0.8049011380282125,0.8122016059027778,metal_linknet_edge4_r34,Metal-LinkNet RGB+Sobel (ResNet34),metallography,edge-aware,Linknet,resnet34,edge4,21.775469,4.300188779830933
6280-cast-iron-high,6280 Gray Cast Iron,Cast Iron,6280 x 20 (1).jpg,0.5981463671859938,0.7153866057799443,0.8650716145833334,metal_linknet_edge4_r34,Metal-LinkNet RGB+Sobel (ResNet34),metallography,edge-aware,Linknet,resnet34,edge4,21.775469,4.300188779830933
6280-cast-iron-high,6280 Gray Cast Iron,Cast Iron,6280 x 20 (2).jpg,0.5521198428067835,0.6675215359504152,0.8435329861111112,metal_linknet_edge4_r34,Metal-LinkNet RGB+Sobel (ResNet34),metallography,edge-aware,Linknet,resnet34,edge4,21.775469,4.300188779830933
6280-cast-iron-high,6280 Gray Cast Iron,Cast Iron,6280 x 20 (3).jpg,0.5528936668822118,0.6724149410746387,0.8331705729166666,metal_linknet_edge4_r34,Metal-LinkNet RGB+Sobel (ResNet34),metallography,edge-aware,Linknet,resnet34,edge4,21.775469,4.300188779830933
6280-cast-iron-high,6280 Gray Cast Iron,Cast Iron,6280 x 20 (4).jpg,0.601524259457277,0.7181085669226028,0.8685438368055556,metal_linknet_edge4_r34,Metal-LinkNet RGB+Sobel (ResNet34),metallography,edge-aware,Linknet,resnet34,edge4,21.775469,4.300188779830933
6280-cast-iron-high,6280 Gray Cast Iron,Cast Iron,6280 x 20 (5).jpg,0.54418017362685,0.6548363760999453,0.849609375,metal_linknet_edge4_r34,Metal-LinkNet RGB+Sobel (ResNet34),metallography,edge-aware,Linknet,resnet34,edge4,21.775469,4.300188779830933
6280-cast-iron-high,6280 Gray Cast Iron,Cast Iron,6280 x 20 (6).jpg,0.5915119010973767,0.7070139651410692,0.8672960069444444,metal_linknet_edge4_r34,Metal-LinkNet RGB+Sobel (ResNet34),metallography,edge-aware,Linknet,resnet34,edge4,21.775469,4.300188779830933
6280-cast-iron-high,6280 Gray Cast Iron,Cast Iron,6280 x 20 (7).jpg,0.590958903359161,0.6995935904321409,0.8870442708333334,metal_linknet_edge4_r34,Metal-LinkNet RGB+Sobel (ResNet34),metallography,edge-aware,Linknet,resnet34,edge4,21.775469,4.300188779830933
6280-cast-iron-high,6280 Gray Cast Iron,Cast Iron,6280 x 20 (8).jpg,0.6107718023208863,0.7281055791764635,0.86962890625,metal_linknet_edge4_r34,Metal-LinkNet RGB+Sobel (ResNet34),metallography,edge-aware,Linknet,resnet34,edge4,21.775469,4.300188779830933
6280-cast-iron-high,6280 Gray Cast Iron,Cast Iron,6280 x 20 (9).jpg,0.5487286445342356,0.6584090343115166,0.8556043836805556,metal_linknet_edge4_r34,Metal-LinkNet RGB+Sobel (ResNet34),metallography,edge-aware,Linknet,resnet34,edge4,21.775469,4.300188779830933
6280-cast-iron-high,6280 Gray Cast Iron,Cast Iron,6280 x 20 (10).jpg,0.5891467180070373,0.7010000826089514,0.8767903645833334,metal_linknet_edge4_r34,Metal-LinkNet RGB+Sobel (ResNet34),metallography,edge-aware,Linknet,resnet34,edge4,21.775469,4.300188779830933
6280-cast-iron-low,6280 Gray Cast Iron,Cast Iron,6280 x 10 (1).jpg,0.4783676730491699,0.645358065417019,0.6679958767361112,metal_linknet_edge4_r34,Metal-LinkNet RGB+Sobel (ResNet34),metallography,edge-aware,Linknet,resnet34,edge4,21.775469,4.300188779830933
6280-cast-iron-low,6280 Gray Cast Iron,Cast Iron,6280 x 10 (2).jpg,0.4825154425025963,0.6495800087339575,0.6627332899305556,metal_linknet_edge4_r34,Metal-LinkNet RGB+Sobel (ResNet34),metallography,edge-aware,Linknet,resnet34,edge4,21.775469,4.300188779830933
6280-cast-iron-low,6280 Gray Cast Iron,Cast Iron,6280 x 10 (3).jpg,0.47064814043523295,0.6356077616368395,0.6807454427083334,metal_linknet_edge4_r34,Metal-LinkNet RGB+Sobel (ResNet34),metallography,edge-aware,Linknet,resnet34,edge4,21.775469,4.300188779830933
6280-cast-iron-low,6280 Gray Cast Iron,Cast Iron,6280 x 10 (4).jpg,0.47945442370935915,0.6463828411903481,0.6694064670138888,metal_linknet_edge4_r34,Metal-LinkNet RGB+Sobel (ResNet34),metallography,edge-aware,Linknet,resnet34,edge4,21.775469,4.300188779830933
6280-cast-iron-low,6280 Gray Cast Iron,Cast Iron,6280 x 10 (5).jpg,0.40184327484570836,0.5701795619370111,0.6103244357638888,metal_linknet_edge4_r34,Metal-LinkNet RGB+Sobel (ResNet34),metallography,edge-aware,Linknet,resnet34,edge4,21.775469,4.300188779830933
6280-cast-iron-low,6280 Gray Cast Iron,Cast Iron,6280 x 10 (6).jpg,0.4698298646802203,0.6376810573214611,0.6605088975694444,metal_linknet_edge4_r34,Metal-LinkNet RGB+Sobel (ResNet34),metallography,edge-aware,Linknet,resnet34,edge4,21.775469,4.300188779830933
6280-cast-iron-low,6280 Gray Cast Iron,Cast Iron,6280 x 10 (7).jpg,0.4809754377810484,0.6494927341962348,0.645263671875,metal_linknet_edge4_r34,Metal-LinkNet RGB+Sobel (ResNet34),metallography,edge-aware,Linknet,resnet34,edge4,21.775469,4.300188779830933
6280-cast-iron-low,6280 Gray Cast Iron,Cast Iron,6280 x 10 (8).jpg,0.4692905587994624,0.6362685535662915,0.6653103298611112,metal_linknet_edge4_r34,Metal-LinkNet RGB+Sobel (ResNet34),metallography,edge-aware,Linknet,resnet34,edge4,21.775469,4.300188779830933
6280-cast-iron-low,6280 Gray Cast Iron,Cast Iron,6280 x 10 (9).jpg,0.43936347655075453,0.609333558416534,0.6295301649305556,metal_linknet_edge4_r34,Metal-LinkNet RGB+Sobel (ResNet34),metallography,edge-aware,Linknet,resnet34,edge4,21.775469,4.300188779830933
6280-cast-iron-low,6280 Gray Cast Iron,Cast Iron,6280 x 10 (10).jpg,0.46492502133523256,0.6322958793293854,0.6685384114583334,metal_linknet_edge4_r34,Metal-LinkNet RGB+Sobel (ResNet34),metallography,edge-aware,Linknet,resnet34,edge4,21.775469,4.300188779830933
6280-cast-iron-low,6280 Gray Cast Iron,Cast Iron,6280 x 10 (11).jpg,0.45933875591266865,0.6278967273558127,0.656982421875,metal_linknet_edge4_r34,Metal-LinkNet RGB+Sobel (ResNet34),metallography,edge-aware,Linknet,resnet34,edge4,21.775469,4.300188779830933
4130-steel,4130 Steel,Steel,4130 x 10 (1).jpg,0.4717900269807396,0.6359745934137568,0.6552191840277778,metal_segformer_clahe_b0,Metal-SegFormer CLAHE (MiT-B0),metallography,micrograph-contrast,Segformer,mit_b0,clahe_rgb,3.717485,4.085670709609985
4130-steel,4130 Steel,Steel,4130 x 10 (2).jpg,0.44712484544150277,0.6120461630413477,0.6331651475694444,metal_segformer_clahe_b0,Metal-SegFormer CLAHE (MiT-B0),metallography,micrograph-contrast,Segformer,mit_b0,clahe_rgb,3.717485,4.085670709609985
4130-steel,4130 Steel,Steel,4130 x 10 (3).jpg,0.45123708381891686,0.6141454790365385,0.6418728298611112,metal_segformer_clahe_b0,Metal-SegFormer CLAHE (MiT-B0),metallography,micrograph-contrast,Segformer,mit_b0,clahe_rgb,3.717485,4.085670709609985
4130-steel,4130 Steel,Steel,4130 x 10 (4).jpg,0.455418166935209,0.6188705542120061,0.6440700954861112,metal_segformer_clahe_b0,Metal-SegFormer CLAHE (MiT-B0),metallography,micrograph-contrast,Segformer,mit_b0,clahe_rgb,3.717485,4.085670709609985
4130-steel,4130 Steel,Steel,4130 x 10 (5).jpg,0.45212339610280017,0.6226600596715863,0.6228298611111112,metal_segformer_clahe_b0,Metal-SegFormer CLAHE (MiT-B0),metallography,micrograph-contrast,Segformer,mit_b0,clahe_rgb,3.717485,4.085670709609985
4130-steel,4130 Steel,Steel,4130 x 10 (6).jpg,0.5180725908179108,0.6825154208234141,0.6826171875,metal_segformer_clahe_b0,Metal-SegFormer CLAHE (MiT-B0),metallography,micrograph-contrast,Segformer,mit_b0,clahe_rgb,3.717485,4.085670709609985
4130-steel,4130 Steel,Steel,4130 x 10 (7).jpg,0.5243145413608881,0.6878080645845538,0.6883409288194444,metal_segformer_clahe_b0,Metal-SegFormer CLAHE (MiT-B0),metallography,micrograph-contrast,Segformer,mit_b0,clahe_rgb,3.717485,4.085670709609985
4130-steel,4130 Steel,Steel,4130 x 10 (8).jpg,0.5197201291529767,0.683846464492088,0.6843532986111112,metal_segformer_clahe_b0,Metal-SegFormer CLAHE (MiT-B0),metallography,micrograph-contrast,Segformer,mit_b0,clahe_rgb,3.717485,4.085670709609985
4130-steel,4130 Steel,Steel,4130 x 10 (9).jpg,0.5200124972136141,0.6841539636375251,0.6844346788194444,metal_segformer_clahe_b0,Metal-SegFormer CLAHE (MiT-B0),metallography,micrograph-contrast,Segformer,mit_b0,clahe_rgb,3.717485,4.085670709609985
4130-steel,4130 Steel,Steel,4130 x 10 (10).jpg,0.5197804907120986,0.6836233875520616,0.6852756076388888,metal_segformer_clahe_b0,Metal-SegFormer CLAHE (MiT-B0),metallography,micrograph-contrast,Segformer,mit_b0,clahe_rgb,3.717485,4.085670709609985
4130-steel,4130 Steel,Steel,4130 x 10 (11).jpg,0.516375223778177,0.6794372797432139,0.6861436631944444,metal_segformer_clahe_b0,Metal-SegFormer CLAHE (MiT-B0),metallography,micrograph-contrast,Segformer,mit_b0,clahe_rgb,3.717485,4.085670709609985
4130-steel,4130 Steel,Steel,4130 x 10 (12).jpg,0.5236858351037894,0.6866034369864346,0.6899142795138888,metal_segformer_clahe_b0,Metal-SegFormer CLAHE (MiT-B0),metallography,micrograph-contrast,Segformer,mit_b0,clahe_rgb,3.717485,4.085670709609985
4130-steel,4130 Steel,Steel,4130 x 10 (13).jpg,0.5342093861781477,0.6959679268678687,0.6978081597222222,metal_segformer_clahe_b0,Metal-SegFormer CLAHE (MiT-B0),metallography,micrograph-contrast,Segformer,mit_b0,clahe_rgb,3.717485,4.085670709609985
4130-steel,4130 Steel,Steel,4130 x 10 (14).jpg,0.5201902386596893,0.6822531401340777,0.6910536024305556,metal_segformer_clahe_b0,Metal-SegFormer CLAHE (MiT-B0),metallography,micrograph-contrast,Segformer,mit_b0,clahe_rgb,3.717485,4.085670709609985
4130-steel,4130 Steel,Steel,4130 x 10 (15).jpg,0.5169784110736982,0.6804899879588484,0.6850314670138888,metal_segformer_clahe_b0,Metal-SegFormer CLAHE (MiT-B0),metallography,micrograph-contrast,Segformer,mit_b0,clahe_rgb,3.717485,4.085670709609985
4130-steel,4130 Steel,Steel,4130 x 10 (16).jpg,0.5217224738674111,0.6856371457132266,0.6858995225694444,metal_segformer_clahe_b0,Metal-SegFormer CLAHE (MiT-B0),metallography,micrograph-contrast,Segformer,mit_b0,clahe_rgb,3.717485,4.085670709609985
4130-steel,4130 Steel,Steel,4130 x 10 (17).jpg,0.5119784882137114,0.674585169024708,0.6853569878472222,metal_segformer_clahe_b0,Metal-SegFormer CLAHE (MiT-B0),metallography,micrograph-contrast,Segformer,mit_b0,clahe_rgb,3.717485,4.085670709609985
4130-steel,4130 Steel,Steel,4130 x 10 (18).jpg,0.5277140808912953,0.6901287582942979,0.6931966145833334,metal_segformer_clahe_b0,Metal-SegFormer CLAHE (MiT-B0),metallography,micrograph-contrast,Segformer,mit_b0,clahe_rgb,3.717485,4.085670709609985
4130-steel,4130 Steel,Steel,4130 x 10 (19).jpg,0.5219300712398228,0.6857619664404775,0.6862521701388888,metal_segformer_clahe_b0,Metal-SegFormer CLAHE (MiT-B0),metallography,micrograph-contrast,Segformer,mit_b0,clahe_rgb,3.717485,4.085670709609985
4130-steel,4130 Steel,Steel,4130 x 10 (20).jpg,0.5077622993030353,0.6734516461787889,0.6737738715277778,metal_segformer_clahe_b0,Metal-SegFormer CLAHE (MiT-B0),metallography,micrograph-contrast,Segformer,mit_b0,clahe_rgb,3.717485,4.085670709609985
4130-steel,4130 Steel,Steel,4130 x 20 (1).jpg,0.5216081741453258,0.6724323711223275,0.7258029513888888,metal_segformer_clahe_b0,Metal-SegFormer CLAHE (MiT-B0),metallography,micrograph-contrast,Segformer,mit_b0,clahe_rgb,3.717485,4.085670709609985
4130-steel,4130 Steel,Steel,4130 x 20 (2).jpg,0.5177050460376742,0.6702839912933567,0.7184244791666666,metal_segformer_clahe_b0,Metal-SegFormer CLAHE (MiT-B0),metallography,micrograph-contrast,Segformer,mit_b0,clahe_rgb,3.717485,4.085670709609985
4130-steel,4130 Steel,Steel,4130 x 20 (3).jpg,0.5125683073360373,0.6657349772932957,0.7136773003472222,metal_segformer_clahe_b0,Metal-SegFormer CLAHE (MiT-B0),metallography,micrograph-contrast,Segformer,mit_b0,clahe_rgb,3.717485,4.085670709609985
4130-steel,4130 Steel,Steel,4130 x 20 (4).jpg,0.452995701565979,0.6023014498614696,0.6769205729166666,metal_segformer_clahe_b0,Metal-SegFormer CLAHE (MiT-B0),metallography,micrograph-contrast,Segformer,mit_b0,clahe_rgb,3.717485,4.085670709609985
4130-steel,4130 Steel,Steel,4130 x 20 (5).jpg,0.6606151477347639,0.7955493544364381,0.7960069444444444,metal_segformer_clahe_b0,Metal-SegFormer CLAHE (MiT-B0),metallography,micrograph-contrast,Segformer,mit_b0,clahe_rgb,3.717485,4.085670709609985
4130-steel,4130 Steel,Steel,4130 x 20 (6).jpg,0.6674889373475252,0.8002178777367175,0.8024631076388888,metal_segformer_clahe_b0,Metal-SegFormer CLAHE (MiT-B0),metallography,micrograph-contrast,Segformer,mit_b0,clahe_rgb,3.717485,4.085670709609985
4130-steel,4130 Steel,Steel,4130 x 20 (7).jpg,0.6589799940550258,0.7942794256372417,0.7952202690972222,metal_segformer_clahe_b0,Metal-SegFormer CLAHE (MiT-B0),metallography,micrograph-contrast,Segformer,mit_b0,clahe_rgb,3.717485,4.085670709609985
4130-steel,4130 Steel,Steel,4130 x 20 (8).jpg,0.6615399429651689,0.7961685717077093,0.7969292534722222,metal_segformer_clahe_b0,Metal-SegFormer CLAHE (MiT-B0),metallography,micrograph-contrast,Segformer,mit_b0,clahe_rgb,3.717485,4.085670709609985
4130-steel,4130 Steel,Steel,4130 x 20 (9).jpg,0.6687357988413872,0.8013103392152936,0.8023817274305556,metal_segformer_clahe_b0,Metal-SegFormer CLAHE (MiT-B0),metallography,micrograph-contrast,Segformer,mit_b0,clahe_rgb,3.717485,4.085670709609985
4130-steel,4130 Steel,Steel,4130 x 20 (10).jpg,0.6546507601526779,0.7912854769251636,0.7912868923611112,metal_segformer_clahe_b0,Metal-SegFormer CLAHE (MiT-B0),metallography,micrograph-contrast,Segformer,mit_b0,clahe_rgb,3.717485,4.085670709609985
4130-steel,4130 Steel,Steel,4130 x 20 (11).jpg,0.6464133448308276,0.7852208718761001,0.7853190104166666,metal_segformer_clahe_b0,Metal-SegFormer CLAHE (MiT-B0),metallography,micrograph-contrast,Segformer,mit_b0,clahe_rgb,3.717485,4.085670709609985
4130-steel,4130 Steel,Steel,4130 x 20 (12).jpg,0.662625238001116,0.7970812891490017,0.7970920138888888,metal_segformer_clahe_b0,Metal-SegFormer CLAHE (MiT-B0),metallography,micrograph-contrast,Segformer,mit_b0,clahe_rgb,3.717485,4.085670709609985
4130-steel,4130 Steel,Steel,4130 x 20 (13).jpg,0.6624727641858389,0.7969705933039593,0.7969835069444444,metal_segformer_clahe_b0,Metal-SegFormer CLAHE (MiT-B0),metallography,micrograph-contrast,Segformer,mit_b0,clahe_rgb,3.717485,4.085670709609985
4130-steel,4130 Steel,Steel,4130 x 20 (14).jpg,0.6587853920287035,0.7942930566019313,0.7943250868055556,metal_segformer_clahe_b0,Metal-SegFormer CLAHE (MiT-B0),metallography,micrograph-contrast,Segformer,mit_b0,clahe_rgb,3.717485,4.085670709609985
4130-steel,4130 Steel,Steel,4130 x 20 (15).jpg,0.6646463478991373,0.7985026729448379,0.7987467447916666,metal_segformer_clahe_b0,Metal-SegFormer CLAHE (MiT-B0),metallography,micrograph-contrast,Segformer,mit_b0,clahe_rgb,3.717485,4.085670709609985
4130-steel,4130 Steel,Steel,4130 x 20 (16).jpg,0.6492617042783813,0.7871535003067037,0.7881944444444444,metal_segformer_clahe_b0,Metal-SegFormer CLAHE (MiT-B0),metallography,micrograph-contrast,Segformer,mit_b0,clahe_rgb,3.717485,4.085670709609985
4130-steel,4130 Steel,Steel,4130 x 20 (17).jpg,0.6662084116874285,0.7994797674355345,0.8006184895833334,metal_segformer_clahe_b0,Metal-SegFormer CLAHE (MiT-B0),metallography,micrograph-contrast,Segformer,mit_b0,clahe_rgb,3.717485,4.085670709609985
4130-steel,4130 Steel,Steel,4130 x 20 (18).jpg,0.6473783322427829,0.7852229970121727,0.7893337673611112,metal_segformer_clahe_b0,Metal-SegFormer CLAHE (MiT-B0),metallography,micrograph-contrast,Segformer,mit_b0,clahe_rgb,3.717485,4.085670709609985
4130-steel,4130 Steel,Steel,4130 x 20 (19).jpg,0.6779704193472452,0.8077511734522944,0.809814453125,metal_segformer_clahe_b0,Metal-SegFormer CLAHE (MiT-B0),metallography,micrograph-contrast,Segformer,mit_b0,clahe_rgb,3.717485,4.085670709609985
4130-steel,4130 Steel,Steel,4130 x 20 (20).jpg,0.6709169948258886,0.8028691689515173,0.8039822048611112,metal_segformer_clahe_b0,Metal-SegFormer CLAHE (MiT-B0),metallography,micrograph-contrast,Segformer,mit_b0,clahe_rgb,3.717485,4.085670709609985
418-17-4ph-x20,418 Printed 17-4 PH Steel,Steel,x20 (1).jpg,0.371233015248011,0.46350054955547515,0.686767578125,metal_segformer_clahe_b0,Metal-SegFormer CLAHE (MiT-B0),metallography,micrograph-contrast,Segformer,mit_b0,clahe_rgb,3.717485,4.085670709609985
418-17-4ph-x20,418 Printed 17-4 PH Steel,Steel,x20 (2).jpg,0.44602934765815594,0.5279668061838757,0.8053114149305556,metal_segformer_clahe_b0,Metal-SegFormer CLAHE (MiT-B0),metallography,micrograph-contrast,Segformer,mit_b0,clahe_rgb,3.717485,4.085670709609985
418-17-4ph-x20,418 Printed 17-4 PH Steel,Steel,x20 (3).jpg,0.480274038529919,0.5603902176755913,0.8502332899305556,metal_segformer_clahe_b0,Metal-SegFormer CLAHE (MiT-B0),metallography,micrograph-contrast,Segformer,mit_b0,clahe_rgb,3.717485,4.085670709609985
418-17-4ph-x20,418 Printed 17-4 PH Steel,Steel,x20 (4).jpg,0.49406640868838175,0.5752104402816327,0.8642035590277778,metal_segformer_clahe_b0,Metal-SegFormer CLAHE (MiT-B0),metallography,micrograph-contrast,Segformer,mit_b0,clahe_rgb,3.717485,4.085670709609985
418-17-4ph-x20,418 Printed 17-4 PH Steel,Steel,x20 (5).jpg,0.46894579020029625,0.5466033767911376,0.8411187065972222,metal_segformer_clahe_b0,Metal-SegFormer CLAHE (MiT-B0),metallography,micrograph-contrast,Segformer,mit_b0,clahe_rgb,3.717485,4.085670709609985
418-17-4ph-x20,418 Printed 17-4 PH Steel,Steel,x20 (6).jpg,0.37443520801808433,0.463239031205065,0.6969129774305556,metal_segformer_clahe_b0,Metal-SegFormer CLAHE (MiT-B0),metallography,micrograph-contrast,Segformer,mit_b0,clahe_rgb,3.717485,4.085670709609985
418-17-4ph-x20,418 Printed 17-4 PH Steel,Steel,x20 (7).jpg,0.3464771108686876,0.448889767556217,0.6339518229166666,metal_segformer_clahe_b0,Metal-SegFormer CLAHE (MiT-B0),metallography,micrograph-contrast,Segformer,mit_b0,clahe_rgb,3.717485,4.085670709609985
418-17-4ph-x20,418 Printed 17-4 PH Steel,Steel,x20 (8).jpg,0.4686639188584694,0.5523877058054085,0.8299696180555556,metal_segformer_clahe_b0,Metal-SegFormer CLAHE (MiT-B0),metallography,micrograph-contrast,Segformer,mit_b0,clahe_rgb,3.717485,4.085670709609985
418-17-4ph-x20,418 Printed 17-4 PH Steel,Steel,x20 (9).jpg,0.3099182035765039,0.4077072990105019,0.583740234375,metal_segformer_clahe_b0,Metal-SegFormer CLAHE (MiT-B0),metallography,micrograph-contrast,Segformer,mit_b0,clahe_rgb,3.717485,4.085670709609985
418-17-4ph-x20,418 Printed 17-4 PH Steel,Steel,x20 (10).jpg,0.4310486320145862,0.5206414678526889,0.7730305989583334,metal_segformer_clahe_b0,Metal-SegFormer CLAHE (MiT-B0),metallography,micrograph-contrast,Segformer,mit_b0,clahe_rgb,3.717485,4.085670709609985
418-17-4ph-x20,418 Printed 17-4 PH Steel,Steel,x20 (11).jpg,0.5353467256244975,0.5847471107862119,0.9685601128472222,metal_segformer_clahe_b0,Metal-SegFormer CLAHE (MiT-B0),metallography,micrograph-contrast,Segformer,mit_b0,clahe_rgb,3.717485,4.085670709609985
418-17-4ph-x20,418 Printed 17-4 PH Steel,Steel,x20 (12).jpg,0.527247670154232,0.569943801614791,0.9706759982638888,metal_segformer_clahe_b0,Metal-SegFormer CLAHE (MiT-B0),metallography,micrograph-contrast,Segformer,mit_b0,clahe_rgb,3.717485,4.085670709609985
418-17-4ph-x20,418 Printed 17-4 PH Steel,Steel,x20 (13).jpg,0.4949137369791667,0.4974438673264897,0.9898274739583334,metal_segformer_clahe_b0,Metal-SegFormer CLAHE (MiT-B0),metallography,micrograph-contrast,Segformer,mit_b0,clahe_rgb,3.717485,4.085670709609985
418-17-4ph-x20,418 Printed 17-4 PH Steel,Steel,x20 (14).jpg,0.546987181284981,0.597302008336491,0.97998046875,metal_segformer_clahe_b0,Metal-SegFormer CLAHE (MiT-B0),metallography,micrograph-contrast,Segformer,mit_b0,clahe_rgb,3.717485,4.085670709609985
418-17-4ph-x20,418 Printed 17-4 PH Steel,Steel,x20 (15).jpg,0.5299192155209975,0.5704870806543763,0.9773763020833334,metal_segformer_clahe_b0,Metal-SegFormer CLAHE (MiT-B0),metallography,micrograph-contrast,Segformer,mit_b0,clahe_rgb,3.717485,4.085670709609985
418-17-4ph-x20,418 Printed 17-4 PH Steel,Steel,x20 (16).jpg,0.5722078396383292,0.6398676582947178,0.9723578559027778,metal_segformer_clahe_b0,Metal-SegFormer CLAHE (MiT-B0),metallography,micrograph-contrast,Segformer,mit_b0,clahe_rgb,3.717485,4.085670709609985
418-17-4ph-x20,418 Printed 17-4 PH Steel,Steel,x20 (17).jpg,0.5566690225385956,0.6104582253792578,0.9841037326388888,metal_segformer_clahe_b0,Metal-SegFormer CLAHE (MiT-B0),metallography,micrograph-contrast,Segformer,mit_b0,clahe_rgb,3.717485,4.085670709609985
418-17-4ph-x20,418 Printed 17-4 PH Steel,Steel,x20 (18).jpg,0.5127211126378662,0.5419317103532313,0.9746636284722222,metal_segformer_clahe_b0,Metal-SegFormer CLAHE (MiT-B0),metallography,micrograph-contrast,Segformer,mit_b0,clahe_rgb,3.717485,4.085670709609985
418-17-4ph-x20,418 Printed 17-4 PH Steel,Steel,x20 (19).jpg,0.5031797928855755,0.5238192502182007,0.9753960503472222,metal_segformer_clahe_b0,Metal-SegFormer CLAHE (MiT-B0),metallography,micrograph-contrast,Segformer,mit_b0,clahe_rgb,3.717485,4.085670709609985
418-17-4ph-x20,418 Printed 17-4 PH Steel,Steel,x20 (20).jpg,0.26347470659838657,0.35453099284007994,0.5139431423611112,metal_segformer_clahe_b0,Metal-SegFormer CLAHE (MiT-B0),metallography,micrograph-contrast,Segformer,mit_b0,clahe_rgb,3.717485,4.085670709609985
418-17-4ph-x20,418 Printed 17-4 PH Steel,Steel,x20 (21).jpg,0.23254259357710405,0.3278569814262191,0.4509548611111111,metal_segformer_clahe_b0,Metal-SegFormer CLAHE (MiT-B0),metallography,micrograph-contrast,Segformer,mit_b0,clahe_rgb,3.717485,4.085670709609985
418-17-4ph-x5,418 Printed 17-4 PH Steel,Steel,x5 (1).jpg,0.8001724270111636,0.8776802150494987,0.9814995659722222,metal_segformer_clahe_b0,Metal-SegFormer CLAHE (MiT-B0),metallography,micrograph-contrast,Segformer,mit_b0,clahe_rgb,3.717485,4.085670709609985
418-17-4ph-x5,418 Printed 17-4 PH Steel,Steel,x5 (2).jpg,0.8374364187306008,0.904898242909967,0.9812282986111112,metal_segformer_clahe_b0,Metal-SegFormer CLAHE (MiT-B0),metallography,micrograph-contrast,Segformer,mit_b0,clahe_rgb,3.717485,4.085670709609985
418-17-4ph-x5,418 Printed 17-4 PH Steel,Steel,x5 (3).jpg,0.7973329621259373,0.8748682243697742,0.9861111111111112,metal_segformer_clahe_b0,Metal-SegFormer CLAHE (MiT-B0),metallography,micrograph-contrast,Segformer,mit_b0,clahe_rgb,3.717485,4.085670709609985
418-17-4ph-x5,418 Printed 17-4 PH Steel,Steel,x5 (4).jpg,0.7661545707355336,0.8518149151069041,0.9740939670138888,metal_segformer_clahe_b0,Metal-SegFormer CLAHE (MiT-B0),metallography,micrograph-contrast,Segformer,mit_b0,clahe_rgb,3.717485,4.085670709609985
418-17-4ph-x5,418 Printed 17-4 PH Steel,Steel,x5 (5).jpg,0.9059890447636771,0.9491954966698756,0.9798177083333334,metal_segformer_clahe_b0,Metal-SegFormer CLAHE (MiT-B0),metallography,micrograph-contrast,Segformer,mit_b0,clahe_rgb,3.717485,4.085670709609985
418-17-4ph-x5,418 Printed 17-4 PH Steel,Steel,x5 (6).jpg,0.8556131898105419,0.9172139673821162,0.9822862413194444,metal_segformer_clahe_b0,Metal-SegFormer CLAHE (MiT-B0),metallography,micrograph-contrast,Segformer,mit_b0,clahe_rgb,3.717485,4.085670709609985
418-17-4ph-x5,418 Printed 17-4 PH Steel,Steel,x5 (7).jpg,0.7876249995922506,0.8681869069047553,0.9798990885416666,metal_segformer_clahe_b0,Metal-SegFormer CLAHE (MiT-B0),metallography,micrograph-contrast,Segformer,mit_b0,clahe_rgb,3.717485,4.085670709609985
418-17-4ph-x5,418 Printed 17-4 PH Steel,Steel,x5 (8).jpg,0.7811926975499257,0.8624751192337559,0.9839138454861112,metal_segformer_clahe_b0,Metal-SegFormer CLAHE (MiT-B0),metallography,micrograph-contrast,Segformer,mit_b0,clahe_rgb,3.717485,4.085670709609985
418-17-4ph-x5,418 Printed 17-4 PH Steel,Steel,x5 (9).jpg,0.8230672539350992,0.894197685000345,0.9856499565972222,metal_segformer_clahe_b0,Metal-SegFormer CLAHE (MiT-B0),metallography,micrograph-contrast,Segformer,mit_b0,clahe_rgb,3.717485,4.085670709609985
418-17-4ph-x5,418 Printed 17-4 PH Steel,Steel,x5 (10).jpg,0.8359695142648215,0.9032438080462393,0.9872775607638888,metal_segformer_clahe_b0,Metal-SegFormer CLAHE (MiT-B0),metallography,micrograph-contrast,Segformer,mit_b0,clahe_rgb,3.717485,4.085670709609985
418-17-4ph-x5,418 Printed 17-4 PH Steel,Steel,x5 (11).jpg,0.7969316687707027,0.8751181566462838,0.9820692274305556,metal_segformer_clahe_b0,Metal-SegFormer CLAHE (MiT-B0),metallography,micrograph-contrast,Segformer,mit_b0,clahe_rgb,3.717485,4.085670709609985
418-17-4ph-x5,418 Printed 17-4 PH Steel,Steel,x5 (12).jpg,0.8100578609355324,0.8848334157589124,0.98388671875,metal_segformer_clahe_b0,Metal-SegFormer CLAHE (MiT-B0),metallography,micrograph-contrast,Segformer,mit_b0,clahe_rgb,3.717485,4.085670709609985
418-17-4ph-x5,418 Printed 17-4 PH Steel,Steel,x5 (13).jpg,0.7944177864159505,0.8725257977301999,0.9866807725694444,metal_segformer_clahe_b0,Metal-SegFormer CLAHE (MiT-B0),metallography,micrograph-contrast,Segformer,mit_b0,clahe_rgb,3.717485,4.085670709609985
418-17-4ph-x5,418 Printed 17-4 PH Steel,Steel,x5 (14).jpg,0.8358457545020589,0.9031764895151764,0.9870876736111112,metal_segformer_clahe_b0,Metal-SegFormer CLAHE (MiT-B0),metallography,micrograph-contrast,Segformer,mit_b0,clahe_rgb,3.717485,4.085670709609985
418-17-4ph-x5,418 Printed 17-4 PH Steel,Steel,x5 (15).jpg,0.8678597938456871,0.9259201519792211,0.9742838541666666,metal_segformer_clahe_b0,Metal-SegFormer CLAHE (MiT-B0),metallography,micrograph-contrast,Segformer,mit_b0,clahe_rgb,3.717485,4.085670709609985
418-17-4ph-x5,418 Printed 17-4 PH Steel,Steel,x5 (16).jpg,0.8415797094031158,0.9085262722604452,0.9735514322916666,metal_segformer_clahe_b0,Metal-SegFormer CLAHE (MiT-B0),metallography,micrograph-contrast,Segformer,mit_b0,clahe_rgb,3.717485,4.085670709609985
418-17-4ph-x5,418 Printed 17-4 PH Steel,Steel,x5 (17).jpg,0.8940476693956522,0.942270155650871,0.9750705295138888,metal_segformer_clahe_b0,Metal-SegFormer CLAHE (MiT-B0),metallography,micrograph-contrast,Segformer,mit_b0,clahe_rgb,3.717485,4.085670709609985
418-17-4ph-x5,418 Printed 17-4 PH Steel,Steel,x5 (18).jpg,0.7621081434713213,0.8480981534005037,0.9762369791666666,metal_segformer_clahe_b0,Metal-SegFormer CLAHE (MiT-B0),metallography,micrograph-contrast,Segformer,mit_b0,clahe_rgb,3.717485,4.085670709609985
418-17-4ph-x5,418 Printed 17-4 PH Steel,Steel,x5 (19).jpg,0.7909090191983161,0.8705980116158504,0.9810112847222222,metal_segformer_clahe_b0,Metal-SegFormer CLAHE (MiT-B0),metallography,micrograph-contrast,Segformer,mit_b0,clahe_rgb,3.717485,4.085670709609985
418-17-4ph-x5,418 Printed 17-4 PH Steel,Steel,x5 (20).jpg,0.7876980446986042,0.8681808345052211,0.9803331163194444,metal_segformer_clahe_b0,Metal-SegFormer CLAHE (MiT-B0),metallography,micrograph-contrast,Segformer,mit_b0,clahe_rgb,3.717485,4.085670709609985
418-17-4ph-x5,418 Printed 17-4 PH Steel,Steel,x5 (21).jpg,0.759476555441343,0.8449787973522388,0.9814724392361112,metal_segformer_clahe_b0,Metal-SegFormer CLAHE (MiT-B0),metallography,micrograph-contrast,Segformer,mit_b0,clahe_rgb,3.717485,4.085670709609985
418-17-4ph-x5,418 Printed 17-4 PH Steel,Steel,x5 (22).jpg,0.7492136680183309,0.8375914564730393,0.9738498263888888,metal_segformer_clahe_b0,Metal-SegFormer CLAHE (MiT-B0),metallography,micrograph-contrast,Segformer,mit_b0,clahe_rgb,3.717485,4.085670709609985
418-17-4ph-x5,418 Printed 17-4 PH Steel,Steel,x5 (23).jpg,0.7902066495450182,0.8699749692695999,0.9815266927083334,metal_segformer_clahe_b0,Metal-SegFormer CLAHE (MiT-B0),metallography,micrograph-contrast,Segformer,mit_b0,clahe_rgb,3.717485,4.085670709609985
418-17-4ph-x5,418 Printed 17-4 PH Steel,Steel,x5 (24).jpg,0.8073742179113452,0.8828917045910765,0.9833441840277778,metal_segformer_clahe_b0,Metal-SegFormer CLAHE (MiT-B0),metallography,micrograph-contrast,Segformer,mit_b0,clahe_rgb,3.717485,4.085670709609985
418-17-4ph-x5,418 Printed 17-4 PH Steel,Steel,x5 (25).jpg,0.7787182623740769,0.8610615009706332,0.9801974826388888,metal_segformer_clahe_b0,Metal-SegFormer CLAHE (MiT-B0),metallography,micrograph-contrast,Segformer,mit_b0,clahe_rgb,3.717485,4.085670709609985
5884-armor-steel,5884 Armor Steel,Steel,5884 x 5 (1).jpg,0.5844488696270973,0.7371662663932625,0.7398817274305556,metal_segformer_clahe_b0,Metal-SegFormer CLAHE (MiT-B0),metallography,micrograph-contrast,Segformer,mit_b0,clahe_rgb,3.717485,4.085670709609985
5884-armor-steel,5884 Armor Steel,Steel,5884 x 5 (2).jpg,0.6313069142355715,0.7739666665331588,0.7740885416666666,metal_segformer_clahe_b0,Metal-SegFormer CLAHE (MiT-B0),metallography,micrograph-contrast,Segformer,mit_b0,clahe_rgb,3.717485,4.085670709609985
5884-armor-steel,5884 Armor Steel,Steel,5884 x 5 (3).jpg,0.6572838373488707,0.7931093050613092,0.7936740451388888,metal_segformer_clahe_b0,Metal-SegFormer CLAHE (MiT-B0),metallography,micrograph-contrast,Segformer,mit_b0,clahe_rgb,3.717485,4.085670709609985
5884-armor-steel,5884 Armor Steel,Steel,5884 x 5 (4).jpg,0.668551200451318,0.8010161511164934,0.8030598958333334,metal_segformer_clahe_b0,Metal-SegFormer CLAHE (MiT-B0),metallography,micrograph-contrast,Segformer,mit_b0,clahe_rgb,3.717485,4.085670709609985
5884-armor-steel,5884 Armor Steel,Steel,5884 x 5 (5).jpg,0.6566498031469994,0.7912306045325659,0.7999945746527778,metal_segformer_clahe_b0,Metal-SegFormer CLAHE (MiT-B0),metallography,micrograph-contrast,Segformer,mit_b0,clahe_rgb,3.717485,4.085670709609985
5884-armor-steel,5884 Armor Steel,Steel,5884 x 10 (1).jpg,0.7278370385052897,0.8423179353863468,0.8435329861111112,metal_segformer_clahe_b0,Metal-SegFormer CLAHE (MiT-B0),metallography,micrograph-contrast,Segformer,mit_b0,clahe_rgb,3.717485,4.085670709609985
5884-armor-steel,5884 Armor Steel,Steel,5884 x 10 (2).jpg,0.7396192903932297,0.8503203761114504,0.850341796875,metal_segformer_clahe_b0,Metal-SegFormer CLAHE (MiT-B0),metallography,micrograph-contrast,Segformer,mit_b0,clahe_rgb,3.717485,4.085670709609985
5884-armor-steel,5884 Armor Steel,Steel,5884 x 10 (3).jpg,0.6684871944631292,0.7984913104052644,0.8152940538194444,metal_segformer_clahe_b0,Metal-SegFormer CLAHE (MiT-B0),metallography,micrograph-contrast,Segformer,mit_b0,clahe_rgb,3.717485,4.085670709609985
5884-armor-steel,5884 Armor Steel,Steel,5884 x 10 (4).jpg,0.7274503209288443,0.8416045248619237,0.8461371527777778,metal_segformer_clahe_b0,Metal-SegFormer CLAHE (MiT-B0),metallography,micrograph-contrast,Segformer,mit_b0,clahe_rgb,3.717485,4.085670709609985
5884-armor-steel,5884 Armor Steel,Steel,5884 x 10 (5).jpg,0.6474687985150445,0.7849589373273553,0.7909342447916666,metal_segformer_clahe_b0,Metal-SegFormer CLAHE (MiT-B0),metallography,micrograph-contrast,Segformer,mit_b0,clahe_rgb,3.717485,4.085670709609985
5884-armor-steel,5884 Armor Steel,Steel,5884 x 10 (6).jpg,0.6686993873868612,0.799696333312003,0.8102756076388888,metal_segformer_clahe_b0,Metal-SegFormer CLAHE (MiT-B0),metallography,micrograph-contrast,Segformer,mit_b0,clahe_rgb,3.717485,4.085670709609985
5884-armor-steel,5884 Armor Steel,Steel,5884 x 20 (1).jpg,0.7462875400887401,0.8452028063417628,0.9161512586805556,metal_segformer_clahe_b0,Metal-SegFormer CLAHE (MiT-B0),metallography,micrograph-contrast,Segformer,mit_b0,clahe_rgb,3.717485,4.085670709609985
5884-armor-steel,5884 Armor Steel,Steel,5884 x 20 (2).jpg,0.7519852914038704,0.8510070721810719,0.9083116319444444,metal_segformer_clahe_b0,Metal-SegFormer CLAHE (MiT-B0),metallography,micrograph-contrast,Segformer,mit_b0,clahe_rgb,3.717485,4.085670709609985
5884-armor-steel,5884 Armor Steel,Steel,5884 x 20 (3).jpg,0.8274240785122297,0.9055547950777814,0.9056532118055556,metal_segformer_clahe_b0,Metal-SegFormer CLAHE (MiT-B0),metallography,micrograph-contrast,Segformer,mit_b0,clahe_rgb,3.717485,4.085670709609985
5884-armor-steel,5884 Armor Steel,Steel,5884 x 20 (4).jpg,0.7398210210296285,0.8443564934771768,0.8896484375,metal_segformer_clahe_b0,Metal-SegFormer CLAHE (MiT-B0),metallography,micrograph-contrast,Segformer,mit_b0,clahe_rgb,3.717485,4.085670709609985
5884-armor-steel,5884 Armor Steel,Steel,5884 x 20 (5).jpg,0.7726006850870841,0.8692957784188216,0.8902180989583334,metal_segformer_clahe_b0,Metal-SegFormer CLAHE (MiT-B0),metallography,micrograph-contrast,Segformer,mit_b0,clahe_rgb,3.717485,4.085670709609985
5884-armor-steel,5884 Armor Steel,Steel,5884 x 20 (6).jpg,0.6441666593816945,0.7735907867419602,0.8276909722222222,metal_segformer_clahe_b0,Metal-SegFormer CLAHE (MiT-B0),metallography,micrograph-contrast,Segformer,mit_b0,clahe_rgb,3.717485,4.085670709609985
5884-armor-steel,5884 Armor Steel,Steel,5884 x 50 (1).jpg,0.6866976257459193,0.8132965763085376,0.8193630642361112,metal_segformer_clahe_b0,Metal-SegFormer CLAHE (MiT-B0),metallography,micrograph-contrast,Segformer,mit_b0,clahe_rgb,3.717485,4.085670709609985
5884-armor-steel,5884 Armor Steel,Steel,5884 x 50 (2).jpg,0.6960996405598756,0.8160887979240261,0.8465711805555556,metal_segformer_clahe_b0,Metal-SegFormer CLAHE (MiT-B0),metallography,micrograph-contrast,Segformer,mit_b0,clahe_rgb,3.717485,4.085670709609985
5884-armor-steel,5884 Armor Steel,Steel,5884 x 50 (3).jpg,0.722532034865526,0.8387649966831333,0.8398708767361112,metal_segformer_clahe_b0,Metal-SegFormer CLAHE (MiT-B0),metallography,micrograph-contrast,Segformer,mit_b0,clahe_rgb,3.717485,4.085670709609985
5884-armor-steel,5884 Armor Steel,Steel,5884 x 50 (4).jpg,0.6700427498767587,0.8011073992367477,0.8090549045138888,metal_segformer_clahe_b0,Metal-SegFormer CLAHE (MiT-B0),metallography,micrograph-contrast,Segformer,mit_b0,clahe_rgb,3.717485,4.085670709609985
6280-cast-iron-high,6280 Gray Cast Iron,Cast Iron,6280 x 20 (1).jpg,0.5634029209643655,0.6835265910333191,0.8383246527777778,metal_segformer_clahe_b0,Metal-SegFormer CLAHE (MiT-B0),metallography,micrograph-contrast,Segformer,mit_b0,clahe_rgb,3.717485,4.085670709609985
6280-cast-iron-high,6280 Gray Cast Iron,Cast Iron,6280 x 20 (2).jpg,0.5674479422002902,0.6872745440389706,0.8416069878472222,metal_segformer_clahe_b0,Metal-SegFormer CLAHE (MiT-B0),metallography,micrograph-contrast,Segformer,mit_b0,clahe_rgb,3.717485,4.085670709609985
6280-cast-iron-high,6280 Gray Cast Iron,Cast Iron,6280 x 20 (3).jpg,0.5581100651959521,0.6829950773831469,0.8217502170138888,metal_segformer_clahe_b0,Metal-SegFormer CLAHE (MiT-B0),metallography,micrograph-contrast,Segformer,mit_b0,clahe_rgb,3.717485,4.085670709609985
6280-cast-iron-high,6280 Gray Cast Iron,Cast Iron,6280 x 20 (4).jpg,0.5793264935024345,0.6988607283318853,0.84912109375,metal_segformer_clahe_b0,Metal-SegFormer CLAHE (MiT-B0),metallography,micrograph-contrast,Segformer,mit_b0,clahe_rgb,3.717485,4.085670709609985
6280-cast-iron-high,6280 Gray Cast Iron,Cast Iron,6280 x 20 (5).jpg,0.5683910802289669,0.6861205369629706,0.8480631510416666,metal_segformer_clahe_b0,Metal-SegFormer CLAHE (MiT-B0),metallography,micrograph-contrast,Segformer,mit_b0,clahe_rgb,3.717485,4.085670709609985
6280-cast-iron-high,6280 Gray Cast Iron,Cast Iron,6280 x 20 (6).jpg,0.5687641704021418,0.6870298210462089,0.8467881944444444,metal_segformer_clahe_b0,Metal-SegFormer CLAHE (MiT-B0),metallography,micrograph-contrast,Segformer,mit_b0,clahe_rgb,3.717485,4.085670709609985
6280-cast-iron-high,6280 Gray Cast Iron,Cast Iron,6280 x 20 (7).jpg,0.5732289483328757,0.6842285493608464,0.8696560329861112,metal_segformer_clahe_b0,Metal-SegFormer CLAHE (MiT-B0),metallography,micrograph-contrast,Segformer,mit_b0,clahe_rgb,3.717485,4.085670709609985
6280-cast-iron-high,6280 Gray Cast Iron,Cast Iron,6280 x 20 (8).jpg,0.5755697189344842,0.6964959028709955,0.8430447048611112,metal_segformer_clahe_b0,Metal-SegFormer CLAHE (MiT-B0),metallography,micrograph-contrast,Segformer,mit_b0,clahe_rgb,3.717485,4.085670709609985
6280-cast-iron-high,6280 Gray Cast Iron,Cast Iron,6280 x 20 (9).jpg,0.5606199013386396,0.6738620182850975,0.8551974826388888,metal_segformer_clahe_b0,Metal-SegFormer CLAHE (MiT-B0),metallography,micrograph-contrast,Segformer,mit_b0,clahe_rgb,3.717485,4.085670709609985
6280-cast-iron-high,6280 Gray Cast Iron,Cast Iron,6280 x 20 (10).jpg,0.5815180755378363,0.6965893818982212,0.86328125,metal_segformer_clahe_b0,Metal-SegFormer CLAHE (MiT-B0),metallography,micrograph-contrast,Segformer,mit_b0,clahe_rgb,3.717485,4.085670709609985
6280-cast-iron-low,6280 Gray Cast Iron,Cast Iron,6280 x 10 (1).jpg,0.5112490107445357,0.6676714291253565,0.7386067708333334,metal_segformer_clahe_b0,Metal-SegFormer CLAHE (MiT-B0),metallography,micrograph-contrast,Segformer,mit_b0,clahe_rgb,3.717485,4.085670709609985
6280-cast-iron-low,6280 Gray Cast Iron,Cast Iron,6280 x 10 (2).jpg,0.5094634608881663,0.6664536559928239,0.7362467447916666,metal_segformer_clahe_b0,Metal-SegFormer CLAHE (MiT-B0),metallography,micrograph-contrast,Segformer,mit_b0,clahe_rgb,3.717485,4.085670709609985
6280-cast-iron-low,6280 Gray Cast Iron,Cast Iron,6280 x 10 (3).jpg,0.5099823114997357,0.6640091994971867,0.7442491319444444,metal_segformer_clahe_b0,Metal-SegFormer CLAHE (MiT-B0),metallography,micrograph-contrast,Segformer,mit_b0,clahe_rgb,3.717485,4.085670709609985
6280-cast-iron-low,6280 Gray Cast Iron,Cast Iron,6280 x 10 (4).jpg,0.5266719773519575,0.6824925337908915,0.7474229600694444,metal_segformer_clahe_b0,Metal-SegFormer CLAHE (MiT-B0),metallography,micrograph-contrast,Segformer,mit_b0,clahe_rgb,3.717485,4.085670709609985
6280-cast-iron-low,6280 Gray Cast Iron,Cast Iron,6280 x 10 (5).jpg,0.4589284610410657,0.6206859481460394,0.6904839409722222,metal_segformer_clahe_b0,Metal-SegFormer CLAHE (MiT-B0),metallography,micrograph-contrast,Segformer,mit_b0,clahe_rgb,3.717485,4.085670709609985
6280-cast-iron-low,6280 Gray Cast Iron,Cast Iron,6280 x 10 (6).jpg,0.522474170457456,0.6755915651731869,0.7535807291666666,metal_segformer_clahe_b0,Metal-SegFormer CLAHE (MiT-B0),metallography,micrograph-contrast,Segformer,mit_b0,clahe_rgb,3.717485,4.085670709609985
6280-cast-iron-low,6280 Gray Cast Iron,Cast Iron,6280 x 10 (7).jpg,0.4860572749577119,0.6490701456862945,0.7010091145833334,metal_segformer_clahe_b0,Metal-SegFormer CLAHE (MiT-B0),metallography,micrograph-contrast,Segformer,mit_b0,clahe_rgb,3.717485,4.085670709609985
6280-cast-iron-low,6280 Gray Cast Iron,Cast Iron,6280 x 10 (8).jpg,0.5209176049760763,0.6740821763671058,0.7530924479166666,metal_segformer_clahe_b0,Metal-SegFormer CLAHE (MiT-B0),metallography,micrograph-contrast,Segformer,mit_b0,clahe_rgb,3.717485,4.085670709609985
6280-cast-iron-low,6280 Gray Cast Iron,Cast Iron,6280 x 10 (9).jpg,0.5335252344004644,0.6898427861326494,0.7453070746527778,metal_segformer_clahe_b0,Metal-SegFormer CLAHE (MiT-B0),metallography,micrograph-contrast,Segformer,mit_b0,clahe_rgb,3.717485,4.085670709609985
6280-cast-iron-low,6280 Gray Cast Iron,Cast Iron,6280 x 10 (10).jpg,0.5106455432023244,0.6559874906295685,0.7652452256944444,metal_segformer_clahe_b0,Metal-SegFormer CLAHE (MiT-B0),metallography,micrograph-contrast,Segformer,mit_b0,clahe_rgb,3.717485,4.085670709609985
6280-cast-iron-low,6280 Gray Cast Iron,Cast Iron,6280 x 10 (11).jpg,0.48950659425376136,0.6366553075940402,0.7466905381944444,metal_segformer_clahe_b0,Metal-SegFormer CLAHE (MiT-B0),metallography,micrograph-contrast,Segformer,mit_b0,clahe_rgb,3.717485,4.085670709609985
4130-steel,4130 Steel,Steel,4130 x 10 (1).jpg,0.3116289852078164,0.4477484842136726,0.5248480902777778,metal_upernet_clahe_b2,Metal-UPerNet CLAHE (MiT-B2),metallography,micrograph-contrast,UPerNet,mit_b2,clahe_rgb,32.530893,9.261983156204224
4130-steel,4130 Steel,Steel,4130 x 10 (2).jpg,0.3083561594162376,0.45085737853207775,0.5087076822916666,metal_upernet_clahe_b2,Metal-UPerNet CLAHE (MiT-B2),metallography,micrograph-contrast,UPerNet,mit_b2,clahe_rgb,32.530893,9.261983156204224
4130-steel,4130 Steel,Steel,4130 x 10 (3).jpg,0.3171589170190231,0.46200955477153044,0.5179578993055556,metal_upernet_clahe_b2,Metal-UPerNet CLAHE (MiT-B2),metallography,micrograph-contrast,UPerNet,mit_b2,clahe_rgb,32.530893,9.261983156204224
4130-steel,4130 Steel,Steel,4130 x 10 (4).jpg,0.3139486300689922,0.4639876851613139,0.5037706163194444,metal_upernet_clahe_b2,Metal-UPerNet CLAHE (MiT-B2),metallography,micrograph-contrast,UPerNet,mit_b2,clahe_rgb,32.530893,9.261983156204224
4130-steel,4130 Steel,Steel,4130 x 10 (5).jpg,0.3314174944279644,0.49775209512610674,0.4980197482638889,metal_upernet_clahe_b2,Metal-UPerNet CLAHE (MiT-B2),metallography,micrograph-contrast,UPerNet,mit_b2,clahe_rgb,32.530893,9.261983156204224
4130-steel,4130 Steel,Steel,4130 x 10 (6).jpg,0.3522290593335194,0.5208266685556892,0.521240234375,metal_upernet_clahe_b2,Metal-UPerNet CLAHE (MiT-B2),metallography,micrograph-contrast,UPerNet,mit_b2,clahe_rgb,32.530893,9.261983156204224
4130-steel,4130 Steel,Steel,4130 x 10 (7).jpg,0.369437081517925,0.5394686961858319,0.5397135416666666,metal_upernet_clahe_b2,Metal-UPerNet CLAHE (MiT-B2),metallography,micrograph-contrast,UPerNet,mit_b2,clahe_rgb,32.530893,9.261983156204224
4130-steel,4130 Steel,Steel,4130 x 10 (8).jpg,0.3574084582455398,0.5224161510085668,0.5353732638888888,metal_upernet_clahe_b2,Metal-UPerNet CLAHE (MiT-B2),metallography,micrograph-contrast,UPerNet,mit_b2,clahe_rgb,32.530893,9.261983156204224
4130-steel,4130 Steel,Steel,4130 x 10 (9).jpg,0.35363654002134837,0.5217120735123663,0.5241427951388888,metal_upernet_clahe_b2,Metal-UPerNet CLAHE (MiT-B2),metallography,micrograph-contrast,UPerNet,mit_b2,clahe_rgb,32.530893,9.261983156204224
4130-steel,4130 Steel,Steel,4130 x 10 (10).jpg,0.36504522556200847,0.5298296156507116,0.5455186631944444,metal_upernet_clahe_b2,Metal-UPerNet CLAHE (MiT-B2),metallography,micrograph-contrast,UPerNet,mit_b2,clahe_rgb,32.530893,9.261983156204224
4130-steel,4130 Steel,Steel,4130 x 10 (11).jpg,0.359217712613957,0.5184018888691277,0.5496690538194444,metal_upernet_clahe_b2,Metal-UPerNet CLAHE (MiT-B2),metallography,micrograph-contrast,UPerNet,mit_b2,clahe_rgb,32.530893,9.261983156204224
4130-steel,4130 Steel,Steel,4130 x 10 (12).jpg,0.35430050499251386,0.5099710448964203,0.5502658420138888,metal_upernet_clahe_b2,Metal-UPerNet CLAHE (MiT-B2),metallography,micrograph-contrast,UPerNet,mit_b2,clahe_rgb,32.530893,9.261983156204224
4130-steel,4130 Steel,Steel,4130 x 10 (13).jpg,0.35233147586254143,0.5112053014191197,0.541259765625,metal_upernet_clahe_b2,Metal-UPerNet CLAHE (MiT-B2),metallography,micrograph-contrast,UPerNet,mit_b2,clahe_rgb,32.530893,9.261983156204224
4130-steel,4130 Steel,Steel,4130 x 10 (14).jpg,0.3556180171960105,0.5081262262422305,0.5582682291666666,metal_upernet_clahe_b2,Metal-UPerNet CLAHE (MiT-B2),metallography,micrograph-contrast,UPerNet,mit_b2,clahe_rgb,32.530893,9.261983156204224
4130-steel,4130 Steel,Steel,4130 x 10 (15).jpg,0.3602598162357735,0.5206368466041884,0.548583984375,metal_upernet_clahe_b2,Metal-UPerNet CLAHE (MiT-B2),metallography,micrograph-contrast,UPerNet,mit_b2,clahe_rgb,32.530893,9.261983156204224
4130-steel,4130 Steel,Steel,4130 x 10 (16).jpg,0.3581636934507632,0.5232323145093768,0.5362141927083334,metal_upernet_clahe_b2,Metal-UPerNet CLAHE (MiT-B2),metallography,micrograph-contrast,UPerNet,mit_b2,clahe_rgb,32.530893,9.261983156204224
4130-steel,4130 Steel,Steel,4130 x 10 (17).jpg,0.37464709822657344,0.530299411557839,0.5765516493055556,metal_upernet_clahe_b2,Metal-UPerNet CLAHE (MiT-B2),metallography,micrograph-contrast,UPerNet,mit_b2,clahe_rgb,32.530893,9.261983156204224
4130-steel,4130 Steel,Steel,4130 x 10 (18).jpg,0.3539500334200902,0.513295001282727,0.5424533420138888,metal_upernet_clahe_b2,Metal-UPerNet CLAHE (MiT-B2),metallography,micrograph-contrast,UPerNet,mit_b2,clahe_rgb,32.530893,9.261983156204224
4130-steel,4130 Steel,Steel,4130 x 10 (19).jpg,0.3474672149286697,0.5120009243480721,0.5233832465277778,metal_upernet_clahe_b2,Metal-UPerNet CLAHE (MiT-B2),metallography,micrograph-contrast,UPerNet,mit_b2,clahe_rgb,32.530893,9.261983156204224
4130-steel,4130 Steel,Steel,4130 x 10 (20).jpg,0.34211846938015833,0.5091255270846323,0.51123046875,metal_upernet_clahe_b2,Metal-UPerNet CLAHE (MiT-B2),metallography,micrograph-contrast,UPerNet,mit_b2,clahe_rgb,32.530893,9.261983156204224
4130-steel,4130 Steel,Steel,4130 x 20 (1).jpg,0.21730293415442833,0.3460303931442438,0.3738335503472222,metal_upernet_clahe_b2,Metal-UPerNet CLAHE (MiT-B2),metallography,micrograph-contrast,UPerNet,mit_b2,clahe_rgb,32.530893,9.261983156204224
4130-steel,4130 Steel,Steel,4130 x 20 (2).jpg,0.20655237056519402,0.3274173362378885,0.3646375868055556,metal_upernet_clahe_b2,Metal-UPerNet CLAHE (MiT-B2),metallography,micrograph-contrast,UPerNet,mit_b2,clahe_rgb,32.530893,9.261983156204224
4130-steel,4130 Steel,Steel,4130 x 20 (3).jpg,0.22291058155859883,0.3478221428495284,0.3902180989583333,metal_upernet_clahe_b2,Metal-UPerNet CLAHE (MiT-B2),metallography,micrograph-contrast,UPerNet,mit_b2,clahe_rgb,32.530893,9.261983156204224
4130-steel,4130 Steel,Steel,4130 x 20 (4).jpg,0.18085344143553628,0.2982344130232116,0.3178168402777778,metal_upernet_clahe_b2,Metal-UPerNet CLAHE (MiT-B2),metallography,micrograph-contrast,UPerNet,mit_b2,clahe_rgb,32.530893,9.261983156204224
4130-steel,4130 Steel,Steel,4130 x 20 (5).jpg,0.3448411614218716,0.4921456509035247,0.5535753038194444,metal_upernet_clahe_b2,Metal-UPerNet CLAHE (MiT-B2),metallography,micrograph-contrast,UPerNet,mit_b2,clahe_rgb,32.530893,9.261983156204224
4130-steel,4130 Steel,Steel,4130 x 20 (6).jpg,0.40228480525106813,0.564336554101048,0.5953776041666666,metal_upernet_clahe_b2,Metal-UPerNet CLAHE (MiT-B2),metallography,micrograph-contrast,UPerNet,mit_b2,clahe_rgb,32.530893,9.261983156204224
4130-steel,4130 Steel,Steel,4130 x 20 (7).jpg,0.41710920925125144,0.5808530723305927,0.6073404947916666,metal_upernet_clahe_b2,Metal-UPerNet CLAHE (MiT-B2),metallography,micrograph-contrast,UPerNet,mit_b2,clahe_rgb,32.530893,9.261983156204224
4130-steel,4130 Steel,Steel,4130 x 20 (8).jpg,0.39083208843317674,0.5513382438764408,0.5858018663194444,metal_upernet_clahe_b2,Metal-UPerNet CLAHE (MiT-B2),metallography,micrograph-contrast,UPerNet,mit_b2,clahe_rgb,32.530893,9.261983156204224
4130-steel,4130 Steel,Steel,4130 x 20 (9).jpg,0.39871135145642955,0.5593866124591581,0.5944552951388888,metal_upernet_clahe_b2,Metal-UPerNet CLAHE (MiT-B2),metallography,micrograph-contrast,UPerNet,mit_b2,clahe_rgb,32.530893,9.261983156204224
4130-steel,4130 Steel,Steel,4130 x 20 (10).jpg,0.42370632564328875,0.5831276857664989,0.6242133246527778,metal_upernet_clahe_b2,Metal-UPerNet CLAHE (MiT-B2),metallography,micrograph-contrast,UPerNet,mit_b2,clahe_rgb,32.530893,9.261983156204224
4130-steel,4130 Steel,Steel,4130 x 20 (11).jpg,0.4061471722039335,0.5569712922115392,0.6244032118055556,metal_upernet_clahe_b2,Metal-UPerNet CLAHE (MiT-B2),metallography,micrograph-contrast,UPerNet,mit_b2,clahe_rgb,32.530893,9.261983156204224
4130-steel,4130 Steel,Steel,4130 x 20 (12).jpg,0.4132282372622438,0.5687026216091244,0.6221245659722222,metal_upernet_clahe_b2,Metal-UPerNet CLAHE (MiT-B2),metallography,micrograph-contrast,UPerNet,mit_b2,clahe_rgb,32.530893,9.261983156204224
4130-steel,4130 Steel,Steel,4130 x 20 (13).jpg,0.44578575944246857,0.6053302692304461,0.6453993055555556,metal_upernet_clahe_b2,Metal-UPerNet CLAHE (MiT-B2),metallography,micrograph-contrast,UPerNet,mit_b2,clahe_rgb,32.530893,9.261983156204224
4130-steel,4130 Steel,Steel,4130 x 20 (14).jpg,0.4327063754327176,0.589997326441113,0.6382921006944444,metal_upernet_clahe_b2,Metal-UPerNet CLAHE (MiT-B2),metallography,micrograph-contrast,UPerNet,mit_b2,clahe_rgb,32.530893,9.261983156204224
4130-steel,4130 Steel,Steel,4130 x 20 (15).jpg,0.39663971649579977,0.5554180953888781,0.5962727864583334,metal_upernet_clahe_b2,Metal-UPerNet CLAHE (MiT-B2),metallography,micrograph-contrast,UPerNet,mit_b2,clahe_rgb,32.530893,9.261983156204224
4130-steel,4130 Steel,Steel,4130 x 20 (16).jpg,0.3781482866427377,0.5363526597764104,0.5755750868055556,metal_upernet_clahe_b2,Metal-UPerNet CLAHE (MiT-B2),metallography,micrograph-contrast,UPerNet,mit_b2,clahe_rgb,32.530893,9.261983156204224
4130-steel,4130 Steel,Steel,4130 x 20 (17).jpg,0.3922061274752354,0.5542081798291828,0.5841200086805556,metal_upernet_clahe_b2,Metal-UPerNet CLAHE (MiT-B2),metallography,micrograph-contrast,UPerNet,mit_b2,clahe_rgb,32.530893,9.261983156204224
4130-steel,4130 Steel,Steel,4130 x 20 (18).jpg,0.4162573869969168,0.5844530914684545,0.595947265625,metal_upernet_clahe_b2,Metal-UPerNet CLAHE (MiT-B2),metallography,micrograph-contrast,UPerNet,mit_b2,clahe_rgb,32.530893,9.261983156204224
4130-steel,4130 Steel,Steel,4130 x 20 (19).jpg,0.3742287745238508,0.5377229540087292,0.5595974392361112,metal_upernet_clahe_b2,Metal-UPerNet CLAHE (MiT-B2),metallography,micrograph-contrast,UPerNet,mit_b2,clahe_rgb,32.530893,9.261983156204224
4130-steel,4130 Steel,Steel,4130 x 20 (20).jpg,0.3892633388564192,0.5540755536312943,0.5745442708333334,metal_upernet_clahe_b2,Metal-UPerNet CLAHE (MiT-B2),metallography,micrograph-contrast,UPerNet,mit_b2,clahe_rgb,32.530893,9.261983156204224
418-17-4ph-x20,418 Printed 17-4 PH Steel,Steel,x20 (1).jpg,0.22626816426958452,0.3573752467611451,0.3871799045138889,metal_upernet_clahe_b2,Metal-UPerNet CLAHE (MiT-B2),metallography,micrograph-contrast,UPerNet,mit_b2,clahe_rgb,32.530893,9.261983156204224
418-17-4ph-x20,418 Printed 17-4 PH Steel,Steel,x20 (2).jpg,0.16862343956495107,0.2861717534668859,0.2919650607638889,metal_upernet_clahe_b2,Metal-UPerNet CLAHE (MiT-B2),metallography,micrograph-contrast,UPerNet,mit_b2,clahe_rgb,32.530893,9.261983156204224
418-17-4ph-x20,418 Printed 17-4 PH Steel,Steel,x20 (3).jpg,0.11361334866408478,0.19976585701224076,0.20939127604166666,metal_upernet_clahe_b2,Metal-UPerNet CLAHE (MiT-B2),metallography,micrograph-contrast,UPerNet,mit_b2,clahe_rgb,32.530893,9.261983156204224
418-17-4ph-x20,418 Printed 17-4 PH Steel,Steel,x20 (4).jpg,0.0966603671649078,0.17127792788606022,0.1823187934027778,metal_upernet_clahe_b2,Metal-UPerNet CLAHE (MiT-B2),metallography,micrograph-contrast,UPerNet,mit_b2,clahe_rgb,32.530893,9.261983156204224
418-17-4ph-x20,418 Printed 17-4 PH Steel,Steel,x20 (5).jpg,0.0994020342793987,0.1719814911346965,0.19151475694444445,metal_upernet_clahe_b2,Metal-UPerNet CLAHE (MiT-B2),metallography,micrograph-contrast,UPerNet,mit_b2,clahe_rgb,32.530893,9.261983156204224
418-17-4ph-x20,418 Printed 17-4 PH Steel,Steel,x20 (6).jpg,0.20651656580971467,0.3259867208920212,0.3665907118055556,metal_upernet_clahe_b2,Metal-UPerNet CLAHE (MiT-B2),metallography,micrograph-contrast,UPerNet,mit_b2,clahe_rgb,32.530893,9.261983156204224
418-17-4ph-x20,418 Printed 17-4 PH Steel,Steel,x20 (7).jpg,0.2594538897608988,0.3942866877184553,0.4412706163194444,metal_upernet_clahe_b2,Metal-UPerNet CLAHE (MiT-B2),metallography,micrograph-contrast,UPerNet,mit_b2,clahe_rgb,32.530893,9.261983156204224
418-17-4ph-x20,418 Printed 17-4 PH Steel,Steel,x20 (8).jpg,0.14113801611047322,0.24331607966230107,0.2527126736111111,metal_upernet_clahe_b2,Metal-UPerNet CLAHE (MiT-B2),metallography,micrograph-contrast,UPerNet,mit_b2,clahe_rgb,32.530893,9.261983156204224
418-17-4ph-x20,418 Printed 17-4 PH Steel,Steel,x20 (9).jpg,0.3477068081214162,0.5042127942558506,0.5397677951388888,metal_upernet_clahe_b2,Metal-UPerNet CLAHE (MiT-B2),metallography,micrograph-contrast,UPerNet,mit_b2,clahe_rgb,32.530893,9.261983156204224
418-17-4ph-x20,418 Printed 17-4 PH Steel,Steel,x20 (10).jpg,0.22047465144135237,0.3600036427725001,0.3633083767361111,metal_upernet_clahe_b2,Metal-UPerNet CLAHE (MiT-B2),metallography,micrograph-contrast,UPerNet,mit_b2,clahe_rgb,32.530893,9.261983156204224
418-17-4ph-x20,418 Printed 17-4 PH Steel,Steel,x20 (11).jpg,0.4852566189236111,0.49251799947687946,0.9705132378472222,metal_upernet_clahe_b2,Metal-UPerNet CLAHE (MiT-B2),metallography,micrograph-contrast,UPerNet,mit_b2,clahe_rgb,32.530893,9.261983156204224
418-17-4ph-x20,418 Printed 17-4 PH Steel,Steel,x20 (12).jpg,0.4870876736111111,0.49345938221391666,0.9741753472222222,metal_upernet_clahe_b2,Metal-UPerNet CLAHE (MiT-B2),metallography,micrograph-contrast,UPerNet,mit_b2,clahe_rgb,32.530893,9.261983156204224
418-17-4ph-x20,418 Printed 17-4 PH Steel,Steel,x20 (13).jpg,0.4949137369791667,0.4974438673264897,0.9898274739583334,metal_upernet_clahe_b2,Metal-UPerNet CLAHE (MiT-B2),metallography,micrograph-contrast,UPerNet,mit_b2,clahe_rgb,32.530893,9.261983156204224
418-17-4ph-x20,418 Printed 17-4 PH Steel,Steel,x20 (14).jpg,0.4920518663194444,0.49599409368078534,0.9841037326388888,metal_upernet_clahe_b2,Metal-UPerNet CLAHE (MiT-B2),metallography,micrograph-contrast,UPerNet,mit_b2,clahe_rgb,32.530893,9.261983156204224
418-17-4ph-x20,418 Printed 17-4 PH Steel,Steel,x20 (15).jpg,0.4913601345486111,0.49564241835520106,0.9827202690972222,metal_upernet_clahe_b2,Metal-UPerNet CLAHE (MiT-B2),metallography,micrograph-contrast,UPerNet,mit_b2,clahe_rgb,32.530893,9.261983156204224
418-17-4ph-x20,418 Printed 17-4 PH Steel,Steel,x20 (16).jpg,0.4878065321180556,0.4938280080737069,0.9756130642361112,metal_upernet_clahe_b2,Metal-UPerNet CLAHE (MiT-B2),metallography,micrograph-contrast,UPerNet,mit_b2,clahe_rgb,32.530893,9.261983156204224
418-17-4ph-x20,418 Printed 17-4 PH Steel,Steel,x20 (17).jpg,0.4913330078125,0.4956286171653737,0.982666015625,metal_upernet_clahe_b2,Metal-UPerNet CLAHE (MiT-B2),metallography,micrograph-contrast,UPerNet,mit_b2,clahe_rgb,32.530893,9.261983156204224
418-17-4ph-x20,418 Printed 17-4 PH Steel,Steel,x20 (18).jpg,0.4891221788194444,0.4945012752653375,0.9782443576388888,metal_upernet_clahe_b2,Metal-UPerNet CLAHE (MiT-B2),metallography,micrograph-contrast,UPerNet,mit_b2,clahe_rgb,32.530893,9.261983156204224
418-17-4ph-x20,418 Printed 17-4 PH Steel,Steel,x20 (19).jpg,0.4912245008680556,0.49557340485215035,0.9824490017361112,metal_upernet_clahe_b2,Metal-UPerNet CLAHE (MiT-B2),metallography,micrograph-contrast,UPerNet,mit_b2,clahe_rgb,32.530893,9.261983156204224
418-17-4ph-x20,418 Printed 17-4 PH Steel,Steel,x20 (20).jpg,0.24739911911601997,0.33127974977954144,0.4944390190972222,metal_upernet_clahe_b2,Metal-UPerNet CLAHE (MiT-B2),metallography,micrograph-contrast,UPerNet,mit_b2,clahe_rgb,32.530893,9.261983156204224
418-17-4ph-x20,418 Printed 17-4 PH Steel,Steel,x20 (21).jpg,0.28040693638638303,0.3601761058273734,0.5596245659722222,metal_upernet_clahe_b2,Metal-UPerNet CLAHE (MiT-B2),metallography,micrograph-contrast,UPerNet,mit_b2,clahe_rgb,32.530893,9.261983156204224
418-17-4ph-x5,418 Printed 17-4 PH Steel,Steel,x5 (1).jpg,0.7415444483890755,0.8315793088056037,0.9704318576388888,metal_upernet_clahe_b2,Metal-UPerNet CLAHE (MiT-B2),metallography,micrograph-contrast,UPerNet,mit_b2,clahe_rgb,32.530893,9.261983156204224
418-17-4ph-x5,418 Printed 17-4 PH Steel,Steel,x5 (2).jpg,0.7484308857677797,0.8390596688458585,0.9621039496527778,metal_upernet_clahe_b2,Metal-UPerNet CLAHE (MiT-B2),metallography,micrograph-contrast,UPerNet,mit_b2,clahe_rgb,32.530893,9.261983156204224
418-17-4ph-x5,418 Printed 17-4 PH Steel,Steel,x5 (3).jpg,0.7495867434240504,0.8369960264857768,0.9788140190972222,metal_upernet_clahe_b2,Metal-UPerNet CLAHE (MiT-B2),metallography,micrograph-contrast,UPerNet,mit_b2,clahe_rgb,32.530893,9.261983156204224
418-17-4ph-x5,418 Printed 17-4 PH Steel,Steel,x5 (4).jpg,0.6018281195233088,0.7039150953847517,0.9118923611111112,metal_upernet_clahe_b2,Metal-UPerNet CLAHE (MiT-B2),metallography,micrograph-contrast,UPerNet,mit_b2,clahe_rgb,32.530893,9.261983156204224
418-17-4ph-x5,418 Printed 17-4 PH Steel,Steel,x5 (5).jpg,0.7022053061254117,0.8106442757397152,0.9011501736111112,metal_upernet_clahe_b2,Metal-UPerNet CLAHE (MiT-B2),metallography,micrograph-contrast,UPerNet,mit_b2,clahe_rgb,32.530893,9.261983156204224
418-17-4ph-x5,418 Printed 17-4 PH Steel,Steel,x5 (6).jpg,0.6403666969972702,0.746977023501961,0.9142795138888888,metal_upernet_clahe_b2,Metal-UPerNet CLAHE (MiT-B2),metallography,micrograph-contrast,UPerNet,mit_b2,clahe_rgb,32.530893,9.261983156204224
418-17-4ph-x5,418 Printed 17-4 PH Steel,Steel,x5 (7).jpg,0.6762663802574995,0.7739963364264524,0.9523383246527778,metal_upernet_clahe_b2,Metal-UPerNet CLAHE (MiT-B2),metallography,micrograph-contrast,UPerNet,mit_b2,clahe_rgb,32.530893,9.261983156204224
418-17-4ph-x5,418 Printed 17-4 PH Steel,Steel,x5 (8).jpg,0.6939972091186263,0.7878317049103841,0.9679633246527778,metal_upernet_clahe_b2,Metal-UPerNet CLAHE (MiT-B2),metallography,micrograph-contrast,UPerNet,mit_b2,clahe_rgb,32.530893,9.261983156204224
418-17-4ph-x5,418 Printed 17-4 PH Steel,Steel,x5 (9).jpg,0.7533442825792463,0.8409618500713696,0.9747721354166666,metal_upernet_clahe_b2,Metal-UPerNet CLAHE (MiT-B2),metallography,micrograph-contrast,UPerNet,mit_b2,clahe_rgb,32.530893,9.261983156204224
418-17-4ph-x5,418 Printed 17-4 PH Steel,Steel,x5 (10).jpg,0.7688326306292272,0.8534365320807316,0.9776204427083334,metal_upernet_clahe_b2,Metal-UPerNet CLAHE (MiT-B2),metallography,micrograph-contrast,UPerNet,mit_b2,clahe_rgb,32.530893,9.261983156204224
418-17-4ph-x5,418 Printed 17-4 PH Steel,Steel,x5 (11).jpg,0.7375620279663317,0.8280521435155764,0.9705674913194444,metal_upernet_clahe_b2,Metal-UPerNet CLAHE (MiT-B2),metallography,micrograph-contrast,UPerNet,mit_b2,clahe_rgb,32.530893,9.261983156204224
418-17-4ph-x5,418 Printed 17-4 PH Steel,Steel,x5 (12).jpg,0.756153438775969,0.8433429783252195,0.9747992621527778,metal_upernet_clahe_b2,Metal-UPerNet CLAHE (MiT-B2),metallography,micrograph-contrast,UPerNet,mit_b2,clahe_rgb,32.530893,9.261983156204224
418-17-4ph-x5,418 Printed 17-4 PH Steel,Steel,x5 (13).jpg,0.716462847489465,0.8077555326306751,0.9755588107638888,metal_upernet_clahe_b2,Metal-UPerNet CLAHE (MiT-B2),metallography,micrograph-contrast,UPerNet,mit_b2,clahe_rgb,32.530893,9.261983156204224
418-17-4ph-x5,418 Printed 17-4 PH Steel,Steel,x5 (14).jpg,0.7665333214110932,0.8517488530157583,0.9763726128472222,metal_upernet_clahe_b2,Metal-UPerNet CLAHE (MiT-B2),metallography,micrograph-contrast,UPerNet,mit_b2,clahe_rgb,32.530893,9.261983156204224
418-17-4ph-x5,418 Printed 17-4 PH Steel,Steel,x5 (15).jpg,0.7895435894227084,0.8737441428820519,0.950927734375,metal_upernet_clahe_b2,Metal-UPerNet CLAHE (MiT-B2),metallography,micrograph-contrast,UPerNet,mit_b2,clahe_rgb,32.530893,9.261983156204224
418-17-4ph-x5,418 Printed 17-4 PH Steel,Steel,x5 (16).jpg,0.6642331663151844,0.7737407442856993,0.9065483940972222,metal_upernet_clahe_b2,Metal-UPerNet CLAHE (MiT-B2),metallography,micrograph-contrast,UPerNet,mit_b2,clahe_rgb,32.530893,9.261983156204224
418-17-4ph-x5,418 Printed 17-4 PH Steel,Steel,x5 (17).jpg,0.7887164553264245,0.8748690776565773,0.9379069010416666,metal_upernet_clahe_b2,Metal-UPerNet CLAHE (MiT-B2),metallography,micrograph-contrast,UPerNet,mit_b2,clahe_rgb,32.530893,9.261983156204224
418-17-4ph-x5,418 Printed 17-4 PH Steel,Steel,x5 (18).jpg,0.5415601137033257,0.6386437041969396,0.879638671875,metal_upernet_clahe_b2,Metal-UPerNet CLAHE (MiT-B2),metallography,micrograph-contrast,UPerNet,mit_b2,clahe_rgb,32.530893,9.261983156204224
418-17-4ph-x5,418 Printed 17-4 PH Steel,Steel,x5 (19).jpg,0.580110554860242,0.6784284306114081,0.9079047309027778,metal_upernet_clahe_b2,Metal-UPerNet CLAHE (MiT-B2),metallography,micrograph-contrast,UPerNet,mit_b2,clahe_rgb,32.530893,9.261983156204224
418-17-4ph-x5,418 Printed 17-4 PH Steel,Steel,x5 (20).jpg,0.5241557144288053,0.6226552747278324,0.8604329427083334,metal_upernet_clahe_b2,Metal-UPerNet CLAHE (MiT-B2),metallography,micrograph-contrast,UPerNet,mit_b2,clahe_rgb,32.530893,9.261983156204224
418-17-4ph-x5,418 Printed 17-4 PH Steel,Steel,x5 (21).jpg,0.5441120940227533,0.6356410398628187,0.8944498697916666,metal_upernet_clahe_b2,Metal-UPerNet CLAHE (MiT-B2),metallography,micrograph-contrast,UPerNet,mit_b2,clahe_rgb,32.530893,9.261983156204224
418-17-4ph-x5,418 Printed 17-4 PH Steel,Steel,x5 (22).jpg,0.5515775341613973,0.6514502378928605,0.8818088107638888,metal_upernet_clahe_b2,Metal-UPerNet CLAHE (MiT-B2),metallography,micrograph-contrast,UPerNet,mit_b2,clahe_rgb,32.530893,9.261983156204224
418-17-4ph-x5,418 Printed 17-4 PH Steel,Steel,x5 (23).jpg,0.6157549082109378,0.7138280255350651,0.9311794704861112,metal_upernet_clahe_b2,Metal-UPerNet CLAHE (MiT-B2),metallography,micrograph-contrast,UPerNet,mit_b2,clahe_rgb,32.530893,9.261983156204224
418-17-4ph-x5,418 Printed 17-4 PH Steel,Steel,x5 (24).jpg,0.6766895023133134,0.7739044056429322,0.9543185763888888,metal_upernet_clahe_b2,Metal-UPerNet CLAHE (MiT-B2),metallography,micrograph-contrast,UPerNet,mit_b2,clahe_rgb,32.530893,9.261983156204224
418-17-4ph-x5,418 Printed 17-4 PH Steel,Steel,x5 (25).jpg,0.5488614343821835,0.644627964467143,0.8891059027777778,metal_upernet_clahe_b2,Metal-UPerNet CLAHE (MiT-B2),metallography,micrograph-contrast,UPerNet,mit_b2,clahe_rgb,32.530893,9.261983156204224
5884-armor-steel,5884 Armor Steel,Steel,5884 x 5 (1).jpg,0.20850827636773353,0.29677701249395666,0.4137369791666667,metal_upernet_clahe_b2,Metal-UPerNet CLAHE (MiT-B2),metallography,micrograph-contrast,UPerNet,mit_b2,clahe_rgb,32.530893,9.261983156204224
5884-armor-steel,5884 Armor Steel,Steel,5884 x 5 (2).jpg,0.23681063615065498,0.3300253383671431,0.4619140625,metal_upernet_clahe_b2,Metal-UPerNet CLAHE (MiT-B2),metallography,micrograph-contrast,UPerNet,mit_b2,clahe_rgb,32.530893,9.261983156204224
5884-armor-steel,5884 Armor Steel,Steel,5884 x 5 (3).jpg,0.21683295114340714,0.3041579169557432,0.4314507378472222,metal_upernet_clahe_b2,Metal-UPerNet CLAHE (MiT-B2),metallography,micrograph-contrast,UPerNet,mit_b2,clahe_rgb,32.530893,9.261983156204224
5884-armor-steel,5884 Armor Steel,Steel,5884 x 5 (4).jpg,0.24796549479166666,0.33151996518333154,0.4959309895833333,metal_upernet_clahe_b2,Metal-UPerNet CLAHE (MiT-B2),metallography,micrograph-contrast,UPerNet,mit_b2,clahe_rgb,32.530893,9.261983156204224
5884-armor-steel,5884 Armor Steel,Steel,5884 x 5 (5).jpg,0.17672925158654804,0.2622066411320571,0.3521050347222222,metal_upernet_clahe_b2,Metal-UPerNet CLAHE (MiT-B2),metallography,micrograph-contrast,UPerNet,mit_b2,clahe_rgb,32.530893,9.261983156204224
5884-armor-steel,5884 Armor Steel,Steel,5884 x 10 (1).jpg,0.22097923968921382,0.30697603904507836,0.4413248697916667,metal_upernet_clahe_b2,Metal-UPerNet CLAHE (MiT-B2),metallography,micrograph-contrast,UPerNet,mit_b2,clahe_rgb,32.530893,9.261983156204224
5884-armor-steel,5884 Armor Steel,Steel,5884 x 10 (2).jpg,0.24177272577181913,0.32596774059538725,0.4835069444444444,metal_upernet_clahe_b2,Metal-UPerNet CLAHE (MiT-B2),metallography,micrograph-contrast,UPerNet,mit_b2,clahe_rgb,32.530893,9.261983156204224
5884-armor-steel,5884 Armor Steel,Steel,5884 x 10 (3).jpg,0.32356004951508405,0.3930251607634719,0.6469184027777778,metal_upernet_clahe_b2,Metal-UPerNet CLAHE (MiT-B2),metallography,micrograph-contrast,UPerNet,mit_b2,clahe_rgb,32.530893,9.261983156204224
5884-armor-steel,5884 Armor Steel,Steel,5884 x 10 (4).jpg,0.2898930176487896,0.36909339197759,0.576904296875,metal_upernet_clahe_b2,Metal-UPerNet CLAHE (MiT-B2),metallography,micrograph-contrast,UPerNet,mit_b2,clahe_rgb,32.530893,9.261983156204224
5884-armor-steel,5884 Armor Steel,Steel,5884 x 10 (5).jpg,0.30133308514154306,0.37912625507238257,0.598388671875,metal_upernet_clahe_b2,Metal-UPerNet CLAHE (MiT-B2),metallography,micrograph-contrast,UPerNet,mit_b2,clahe_rgb,32.530893,9.261983156204224
5884-armor-steel,5884 Armor Steel,Steel,5884 x 10 (6).jpg,0.310853039982542,0.3862278374116922,0.6177300347222222,metal_upernet_clahe_b2,Metal-UPerNet CLAHE (MiT-B2),metallography,micrograph-contrast,UPerNet,mit_b2,clahe_rgb,32.530893,9.261983156204224
5884-armor-steel,5884 Armor Steel,Steel,5884 x 20 (1).jpg,0.14233758761886,0.24703199030783218,0.2520887586805556,metal_upernet_clahe_b2,Metal-UPerNet CLAHE (MiT-B2),metallography,micrograph-contrast,UPerNet,mit_b2,clahe_rgb,32.530893,9.261983156204224
5884-armor-steel,5884 Armor Steel,Steel,5884 x 20 (2).jpg,0.1371708332653485,0.23609806210474943,0.2479926215277778,metal_upernet_clahe_b2,Metal-UPerNet CLAHE (MiT-B2),metallography,micrograph-contrast,UPerNet,mit_b2,clahe_rgb,32.530893,9.261983156204224
5884-armor-steel,5884 Armor Steel,Steel,5884 x 20 (3).jpg,0.28343487004432527,0.3841856029539959,0.5350477430555556,metal_upernet_clahe_b2,Metal-UPerNet CLAHE (MiT-B2),metallography,micrograph-contrast,UPerNet,mit_b2,clahe_rgb,32.530893,9.261983156204224
5884-armor-steel,5884 Armor Steel,Steel,5884 x 20 (4).jpg,0.1678239964059614,0.27574698316195095,0.3035210503472222,metal_upernet_clahe_b2,Metal-UPerNet CLAHE (MiT-B2),metallography,micrograph-contrast,UPerNet,mit_b2,clahe_rgb,32.530893,9.261983156204224
5884-armor-steel,5884 Armor Steel,Steel,5884 x 20 (5).jpg,0.18966144581573577,0.29575409825437604,0.3516438802083333,metal_upernet_clahe_b2,Metal-UPerNet CLAHE (MiT-B2),metallography,micrograph-contrast,UPerNet,mit_b2,clahe_rgb,32.530893,9.261983156204224
5884-armor-steel,5884 Armor Steel,Steel,5884 x 20 (6).jpg,0.16379217120757356,0.25411400808024515,0.3181694878472222,metal_upernet_clahe_b2,Metal-UPerNet CLAHE (MiT-B2),metallography,micrograph-contrast,UPerNet,mit_b2,clahe_rgb,32.530893,9.261983156204224
5884-armor-steel,5884 Armor Steel,Steel,5884 x 50 (1).jpg,0.2769097222222222,0.3564245810055866,0.5538194444444444,metal_upernet_clahe_b2,Metal-UPerNet CLAHE (MiT-B2),metallography,micrograph-contrast,UPerNet,mit_b2,clahe_rgb,32.530893,9.261983156204224
5884-armor-steel,5884 Armor Steel,Steel,5884 x 50 (2).jpg,0.3306884765625,0.39808963997060987,0.661376953125,metal_upernet_clahe_b2,Metal-UPerNet CLAHE (MiT-B2),metallography,micrograph-contrast,UPerNet,mit_b2,clahe_rgb,32.530893,9.261983156204224
5884-armor-steel,5884 Armor Steel,Steel,5884 x 50 (3).jpg,0.2483588324652778,0.3318713185319438,0.4967176649305556,metal_upernet_clahe_b2,Metal-UPerNet CLAHE (MiT-B2),metallography,micrograph-contrast,UPerNet,mit_b2,clahe_rgb,32.530893,9.261983156204224
5884-armor-steel,5884 Armor Steel,Steel,5884 x 50 (4).jpg,0.28702692692215737,0.36473569089262453,0.5740017361111112,metal_upernet_clahe_b2,Metal-UPerNet CLAHE (MiT-B2),metallography,micrograph-contrast,UPerNet,mit_b2,clahe_rgb,32.530893,9.261983156204224
6280-cast-iron-high,6280 Gray Cast Iron,Cast Iron,6280 x 20 (1).jpg,0.4790516567160168,0.6199333366066287,0.7210557725694444,metal_upernet_clahe_b2,Metal-UPerNet CLAHE (MiT-B2),metallography,micrograph-contrast,UPerNet,mit_b2,clahe_rgb,32.530893,9.261983156204224
6280-cast-iron-high,6280 Gray Cast Iron,Cast Iron,6280 x 20 (2).jpg,0.4926522136499634,0.6316672984058904,0.7373046875,metal_upernet_clahe_b2,Metal-UPerNet CLAHE (MiT-B2),metallography,micrograph-contrast,UPerNet,mit_b2,clahe_rgb,32.530893,9.261983156204224
6280-cast-iron-high,6280 Gray Cast Iron,Cast Iron,6280 x 20 (3).jpg,0.48491595136668436,0.6285214934508192,0.7193467881944444,metal_upernet_clahe_b2,Metal-UPerNet CLAHE (MiT-B2),metallography,micrograph-contrast,UPerNet,mit_b2,clahe_rgb,32.530893,9.261983156204224
6280-cast-iron-high,6280 Gray Cast Iron,Cast Iron,6280 x 20 (4).jpg,0.4968233360653174,0.6346679492964018,0.7436794704861112,metal_upernet_clahe_b2,Metal-UPerNet CLAHE (MiT-B2),metallography,micrograph-contrast,UPerNet,mit_b2,clahe_rgb,32.530893,9.261983156204224
6280-cast-iron-high,6280 Gray Cast Iron,Cast Iron,6280 x 20 (5).jpg,0.4737053530020999,0.6137145272290802,0.7183702256944444,metal_upernet_clahe_b2,Metal-UPerNet CLAHE (MiT-B2),metallography,micrograph-contrast,UPerNet,mit_b2,clahe_rgb,32.530893,9.261983156204224
6280-cast-iron-high,6280 Gray Cast Iron,Cast Iron,6280 x 20 (6).jpg,0.4923379131601312,0.6235554895071773,0.7561577690972222,metal_upernet_clahe_b2,Metal-UPerNet CLAHE (MiT-B2),metallography,micrograph-contrast,UPerNet,mit_b2,clahe_rgb,32.530893,9.261983156204224
6280-cast-iron-high,6280 Gray Cast Iron,Cast Iron,6280 x 20 (7).jpg,0.484108272597203,0.617010751580072,0.7447645399305556,metal_upernet_clahe_b2,Metal-UPerNet CLAHE (MiT-B2),metallography,micrograph-contrast,UPerNet,mit_b2,clahe_rgb,32.530893,9.261983156204224
6280-cast-iron-high,6280 Gray Cast Iron,Cast Iron,6280 x 20 (8).jpg,0.4983846010283252,0.6342110684902392,0.7500271267361112,metal_upernet_clahe_b2,Metal-UPerNet CLAHE (MiT-B2),metallography,micrograph-contrast,UPerNet,mit_b2,clahe_rgb,32.530893,9.261983156204224
6280-cast-iron-high,6280 Gray Cast Iron,Cast Iron,6280 x 20 (9).jpg,0.4973486720242275,0.6324498941667678,0.7509765625,metal_upernet_clahe_b2,Metal-UPerNet CLAHE (MiT-B2),metallography,micrograph-contrast,UPerNet,mit_b2,clahe_rgb,32.530893,9.261983156204224
6280-cast-iron-high,6280 Gray Cast Iron,Cast Iron,6280 x 20 (10).jpg,0.4937358056335983,0.6289667798999042,0.7476128472222222,metal_upernet_clahe_b2,Metal-UPerNet CLAHE (MiT-B2),metallography,micrograph-contrast,UPerNet,mit_b2,clahe_rgb,32.530893,9.261983156204224
6280-cast-iron-low,6280 Gray Cast Iron,Cast Iron,6280 x 10 (1).jpg,0.3965592337450512,0.5645575124103472,0.6085883246527778,metal_upernet_clahe_b2,Metal-UPerNet CLAHE (MiT-B2),metallography,micrograph-contrast,UPerNet,mit_b2,clahe_rgb,32.530893,9.261983156204224
6280-cast-iron-low,6280 Gray Cast Iron,Cast Iron,6280 x 10 (2).jpg,0.3995107161213327,0.5688610183817142,0.6036512586805556,metal_upernet_clahe_b2,Metal-UPerNet CLAHE (MiT-B2),metallography,micrograph-contrast,UPerNet,mit_b2,clahe_rgb,32.530893,9.261983156204224
6280-cast-iron-low,6280 Gray Cast Iron,Cast Iron,6280 x 10 (3).jpg,0.4253140288797658,0.5928965628193071,0.6405436197916666,metal_upernet_clahe_b2,Metal-UPerNet CLAHE (MiT-B2),metallography,micrograph-contrast,UPerNet,mit_b2,clahe_rgb,32.530893,9.261983156204224
6280-cast-iron-low,6280 Gray Cast Iron,Cast Iron,6280 x 10 (4).jpg,0.41506490214927716,0.5851537065540378,0.6132541232638888,metal_upernet_clahe_b2,Metal-UPerNet CLAHE (MiT-B2),metallography,micrograph-contrast,UPerNet,mit_b2,clahe_rgb,32.530893,9.261983156204224
6280-cast-iron-low,6280 Gray Cast Iron,Cast Iron,6280 x 10 (5).jpg,0.3825623084256032,0.5476056080851691,0.6045464409722222,metal_upernet_clahe_b2,Metal-UPerNet CLAHE (MiT-B2),metallography,micrograph-contrast,UPerNet,mit_b2,clahe_rgb,32.530893,9.261983156204224
6280-cast-iron-low,6280 Gray Cast Iron,Cast Iron,6280 x 10 (6).jpg,0.39761943643282954,0.5646725765946551,0.6140407986111112,metal_upernet_clahe_b2,Metal-UPerNet CLAHE (MiT-B2),metallography,micrograph-contrast,UPerNet,mit_b2,clahe_rgb,32.530893,9.261983156204224
6280-cast-iron-low,6280 Gray Cast Iron,Cast Iron,6280 x 10 (7).jpg,0.3862467168896348,0.5569140733258308,0.5693901909722222,metal_upernet_clahe_b2,Metal-UPerNet CLAHE (MiT-B2),metallography,micrograph-contrast,UPerNet,mit_b2,clahe_rgb,32.530893,9.261983156204224
6280-cast-iron-low,6280 Gray Cast Iron,Cast Iron,6280 x 10 (8).jpg,0.369688015427033,0.5310747075852914,0.59326171875,metal_upernet_clahe_b2,Metal-UPerNet CLAHE (MiT-B2),metallography,micrograph-contrast,UPerNet,mit_b2,clahe_rgb,32.530893,9.261983156204224
6280-cast-iron-low,6280 Gray Cast Iron,Cast Iron,6280 x 10 (9).jpg,0.42715443897690103,0.5948913585700079,0.638427734375,metal_upernet_clahe_b2,Metal-UPerNet CLAHE (MiT-B2),metallography,micrograph-contrast,UPerNet,mit_b2,clahe_rgb,32.530893,9.261983156204224
6280-cast-iron-low,6280 Gray Cast Iron,Cast Iron,6280 x 10 (10).jpg,0.4181722384857623,0.5803532094069922,0.6573621961805556,metal_upernet_clahe_b2,Metal-UPerNet CLAHE (MiT-B2),metallography,micrograph-contrast,UPerNet,mit_b2,clahe_rgb,32.530893,9.261983156204224
6280-cast-iron-low,6280 Gray Cast Iron,Cast Iron,6280 x 10 (11).jpg,0.40678106094828353,0.5674811932715111,0.649658203125,metal_upernet_clahe_b2,Metal-UPerNet CLAHE (MiT-B2),metallography,micrograph-contrast,UPerNet,mit_b2,clahe_rgb,32.530893,9.261983156204224
4130-steel,4130 Steel,Steel,4130 x 10 (1).jpg,0.517925237574892,0.6822951688163498,0.6827799479166666,metal_segformer_gray_b2,Metal-SegFormer Gray (MiT-B2),metallography,micrograph-contrast,Segformer,mit_b2,gray,24.719181,6.781061172485352
4130-steel,4130 Steel,Steel,4130 x 10 (2).jpg,0.4744914302805427,0.6435679685761113,0.6436903211805556,metal_segformer_gray_b2,Metal-SegFormer Gray (MiT-B2),metallography,micrograph-contrast,Segformer,mit_b2,gray,24.719181,6.781061172485352
4130-steel,4130 Steel,Steel,4130 x 10 (3).jpg,0.49038611859461145,0.6580653150927213,0.6580674913194444,metal_segformer_gray_b2,Metal-SegFormer Gray (MiT-B2),metallography,micrograph-contrast,Segformer,mit_b2,gray,24.719181,6.781061172485352
4130-steel,4130 Steel,Steel,4130 x 10 (4).jpg,0.47761907445205554,0.6464665171891126,0.646484375,metal_segformer_gray_b2,Metal-SegFormer Gray (MiT-B2),metallography,micrograph-contrast,Segformer,mit_b2,gray,24.719181,6.781061172485352
4130-steel,4130 Steel,Steel,4130 x 10 (5).jpg,0.450103253429487,0.62062036573581,0.6212293836805556,metal_segformer_gray_b2,Metal-SegFormer Gray (MiT-B2),metallography,micrograph-contrast,Segformer,mit_b2,gray,24.719181,6.781061172485352
4130-steel,4130 Steel,Steel,4130 x 10 (6).jpg,0.5153165922198194,0.680142246552943,0.6801486545138888,metal_segformer_gray_b2,Metal-SegFormer Gray (MiT-B2),metallography,micrograph-contrast,Segformer,mit_b2,gray,24.719181,6.781061172485352
4130-steel,4130 Steel,Steel,4130 x 10 (7).jpg,0.5092218403522697,0.6747814360714026,0.6749131944444444,metal_segformer_gray_b2,Metal-SegFormer Gray (MiT-B2),metallography,micrograph-contrast,Segformer,mit_b2,gray,24.719181,6.781061172485352
4130-steel,4130 Steel,Steel,4130 x 10 (8).jpg,0.5098274801745121,0.6747094010333403,0.6773003472222222,metal_segformer_gray_b2,Metal-SegFormer Gray (MiT-B2),metallography,micrograph-contrast,Segformer,mit_b2,gray,24.719181,6.781061172485352
4130-steel,4130 Steel,Steel,4130 x 10 (9).jpg,0.508591507072996,0.6741621623732341,0.674560546875,metal_segformer_gray_b2,Metal-SegFormer Gray (MiT-B2),metallography,micrograph-contrast,Segformer,mit_b2,gray,24.719181,6.781061172485352
4130-steel,4130 Steel,Steel,4130 x 10 (10).jpg,0.5138736730749586,0.6781038219539499,0.6813151041666666,metal_segformer_gray_b2,Metal-SegFormer Gray (MiT-B2),metallography,micrograph-contrast,Segformer,mit_b2,gray,24.719181,6.781061172485352
4130-steel,4130 Steel,Steel,4130 x 10 (11).jpg,0.5129908828753984,0.676668028857303,0.6825900607638888,metal_segformer_gray_b2,Metal-SegFormer Gray (MiT-B2),metallography,micrograph-contrast,Segformer,mit_b2,gray,24.719181,6.781061172485352
4130-steel,4130 Steel,Steel,4130 x 10 (12).jpg,0.5229469008725818,0.6855503898776021,0.6905924479166666,metal_segformer_gray_b2,Metal-SegFormer Gray (MiT-B2),metallography,micrograph-contrast,Segformer,mit_b2,gray,24.719181,6.781061172485352
4130-steel,4130 Steel,Steel,4130 x 10 (13).jpg,0.5273845022722063,0.6894790585687134,0.694091796875,metal_segformer_gray_b2,Metal-SegFormer Gray (MiT-B2),metallography,micrograph-contrast,Segformer,mit_b2,gray,24.719181,6.781061172485352
4130-steel,4130 Steel,Steel,4130 x 10 (14).jpg,0.5121749410408786,0.674725819538314,0.6856282552083334,metal_segformer_gray_b2,Metal-SegFormer Gray (MiT-B2),metallography,micrograph-contrast,Segformer,mit_b2,gray,24.719181,6.781061172485352
4130-steel,4130 Steel,Steel,4130 x 10 (15).jpg,0.5155221002678771,0.678775371800808,0.6851399739583334,metal_segformer_gray_b2,Metal-SegFormer Gray (MiT-B2),metallography,micrograph-contrast,Segformer,mit_b2,gray,24.719181,6.781061172485352
4130-steel,4130 Steel,Steel,4130 x 10 (16).jpg,0.5135581051624254,0.6781589258684602,0.6800130208333334,metal_segformer_gray_b2,Metal-SegFormer Gray (MiT-B2),metallography,micrograph-contrast,Segformer,mit_b2,gray,24.719181,6.781061172485352
4130-steel,4130 Steel,Steel,4130 x 10 (17).jpg,0.506097527791625,0.6696180257141582,0.6794704861111112,metal_segformer_gray_b2,Metal-SegFormer Gray (MiT-B2),metallography,micrograph-contrast,Segformer,mit_b2,gray,24.719181,6.781061172485352
4130-steel,4130 Steel,Steel,4130 x 10 (18).jpg,0.5220708040685059,0.6848699699864869,0.6895887586805556,metal_segformer_gray_b2,Metal-SegFormer Gray (MiT-B2),metallography,micrograph-contrast,Segformer,mit_b2,gray,24.719181,6.781061172485352
4130-steel,4130 Steel,Steel,4130 x 10 (19).jpg,0.5250669778656663,0.6883784108096747,0.6892361111111112,metal_segformer_gray_b2,Metal-SegFormer Gray (MiT-B2),metallography,micrograph-contrast,Segformer,mit_b2,gray,24.719181,6.781061172485352
4130-steel,4130 Steel,Steel,4130 x 10 (20).jpg,0.5052512643069773,0.6713045587178664,0.6713595920138888,metal_segformer_gray_b2,Metal-SegFormer Gray (MiT-B2),metallography,micrograph-contrast,Segformer,mit_b2,gray,24.719181,6.781061172485352
4130-steel,4130 Steel,Steel,4130 x 20 (1).jpg,0.5046228776434653,0.6678440801826313,0.6795518663194444,metal_segformer_gray_b2,Metal-SegFormer Gray (MiT-B2),metallography,micrograph-contrast,Segformer,mit_b2,gray,24.719181,6.781061172485352
4130-steel,4130 Steel,Steel,4130 x 20 (2).jpg,0.49616852547913526,0.6608892392398202,0.6702202690972222,metal_segformer_gray_b2,Metal-SegFormer Gray (MiT-B2),metallography,micrograph-contrast,Segformer,mit_b2,gray,24.719181,6.781061172485352
4130-steel,4130 Steel,Steel,4130 x 20 (3).jpg,0.4997739264444324,0.664688257948911,0.6717664930555556,metal_segformer_gray_b2,Metal-SegFormer Gray (MiT-B2),metallography,micrograph-contrast,Segformer,mit_b2,gray,24.719181,6.781061172485352
4130-steel,4130 Steel,Steel,4130 x 20 (4).jpg,0.4264175322714189,0.5910351822988708,0.6146375868055556,metal_segformer_gray_b2,Metal-SegFormer Gray (MiT-B2),metallography,micrograph-contrast,Segformer,mit_b2,gray,24.719181,6.781061172485352
4130-steel,4130 Steel,Steel,4130 x 20 (5).jpg,0.6512292855723634,0.7887790470044445,0.7887912326388888,metal_segformer_gray_b2,Metal-SegFormer Gray (MiT-B2),metallography,micrograph-contrast,Segformer,mit_b2,gray,24.719181,6.781061172485352
4130-steel,4130 Steel,Steel,4130 x 20 (6).jpg,0.6749158996349358,0.8059000510170066,0.8059624565972222,metal_segformer_gray_b2,Metal-SegFormer Gray (MiT-B2),metallography,micrograph-contrast,Segformer,mit_b2,gray,24.719181,6.781061172485352
4130-steel,4130 Steel,Steel,4130 x 20 (7).jpg,0.6672522291254117,0.8003767094551184,0.8006456163194444,metal_segformer_gray_b2,Metal-SegFormer Gray (MiT-B2),metallography,micrograph-contrast,Segformer,mit_b2,gray,24.719181,6.781061172485352
4130-steel,4130 Steel,Steel,4130 x 20 (8).jpg,0.6645820020770121,0.7984960650783041,0.7985026041666666,metal_segformer_gray_b2,Metal-SegFormer Gray (MiT-B2),metallography,micrograph-contrast,Segformer,mit_b2,gray,24.719181,6.781061172485352
4130-steel,4130 Steel,Steel,4130 x 20 (9).jpg,0.680322486298448,0.8097404567649876,0.809814453125,metal_segformer_gray_b2,Metal-SegFormer Gray (MiT-B2),metallography,micrograph-contrast,Segformer,mit_b2,gray,24.719181,6.781061172485352
4130-steel,4130 Steel,Steel,4130 x 20 (10).jpg,0.6483926723214417,0.7864929540425137,0.7876519097222222,metal_segformer_gray_b2,Metal-SegFormer Gray (MiT-B2),metallography,micrograph-contrast,Segformer,mit_b2,gray,24.719181,6.781061172485352
4130-steel,4130 Steel,Steel,4130 x 20 (11).jpg,0.6642977615191608,0.7978160892626098,0.8006456163194444,metal_segformer_gray_b2,Metal-SegFormer Gray (MiT-B2),metallography,micrograph-contrast,Segformer,mit_b2,gray,24.719181,6.781061172485352
4130-steel,4130 Steel,Steel,4130 x 20 (12).jpg,0.6739151246238648,0.8049039220703396,0.8066948784722222,metal_segformer_gray_b2,Metal-SegFormer Gray (MiT-B2),metallography,micrograph-contrast,Segformer,mit_b2,gray,24.719181,6.781061172485352
4130-steel,4130 Steel,Steel,4130 x 20 (13).jpg,0.6761308800541056,0.8063448952827506,0.8090006510416666,metal_segformer_gray_b2,Metal-SegFormer Gray (MiT-B2),metallography,micrograph-contrast,Segformer,mit_b2,gray,24.719181,6.781061172485352
4130-steel,4130 Steel,Steel,4130 x 20 (14).jpg,0.6707660566021401,0.8025036130368759,0.80517578125,metal_segformer_gray_b2,Metal-SegFormer Gray (MiT-B2),metallography,micrograph-contrast,Segformer,mit_b2,gray,24.719181,6.781061172485352
4130-steel,4130 Steel,Steel,4130 x 20 (15).jpg,0.6675514286524948,0.8005429298194797,0.8011067708333334,metal_segformer_gray_b2,Metal-SegFormer Gray (MiT-B2),metallography,micrograph-contrast,Segformer,mit_b2,gray,24.719181,6.781061172485352
4130-steel,4130 Steel,Steel,4130 x 20 (16).jpg,0.6614384394156844,0.7962238047838035,0.7962239583333334,metal_segformer_gray_b2,Metal-SegFormer Gray (MiT-B2),metallography,micrograph-contrast,Segformer,mit_b2,gray,24.719181,6.781061172485352
4130-steel,4130 Steel,Steel,4130 x 20 (17).jpg,0.666694272838342,0.8000195110950964,0.8000217013888888,metal_segformer_gray_b2,Metal-SegFormer Gray (MiT-B2),metallography,micrograph-contrast,Segformer,mit_b2,gray,24.719181,6.781061172485352
4130-steel,4130 Steel,Steel,4130 x 20 (18).jpg,0.6411368688628261,0.7812616636880443,0.7816569010416666,metal_segformer_gray_b2,Metal-SegFormer Gray (MiT-B2),metallography,micrograph-contrast,Segformer,mit_b2,gray,24.719181,6.781061172485352
4130-steel,4130 Steel,Steel,4130 x 20 (19).jpg,0.6671057074759995,0.800282707343883,0.8004828559027778,metal_segformer_gray_b2,Metal-SegFormer Gray (MiT-B2),metallography,micrograph-contrast,Segformer,mit_b2,gray,24.719181,6.781061172485352
4130-steel,4130 Steel,Steel,4130 x 20 (20).jpg,0.6649165050744827,0.798709609544257,0.7988823784722222,metal_segformer_gray_b2,Metal-SegFormer Gray (MiT-B2),metallography,micrograph-contrast,Segformer,mit_b2,gray,24.719181,6.781061172485352
418-17-4ph-x20,418 Printed 17-4 PH Steel,Steel,x20 (1).jpg,0.2508894900633417,0.3966126857391976,0.4086371527777778,metal_segformer_gray_b2,Metal-SegFormer Gray (MiT-B2),metallography,micrograph-contrast,Segformer,mit_b2,gray,24.719181,6.781061172485352
418-17-4ph-x20,418 Printed 17-4 PH Steel,Steel,x20 (2).jpg,0.30664090267657335,0.46022660809993815,0.4862738715277778,metal_segformer_gray_b2,Metal-SegFormer Gray (MiT-B2),metallography,micrograph-contrast,Segformer,mit_b2,gray,24.719181,6.781061172485352
418-17-4ph-x20,418 Printed 17-4 PH Steel,Steel,x20 (3).jpg,0.47213262840171866,0.5943963129170645,0.7573784722222222,metal_segformer_gray_b2,Metal-SegFormer Gray (MiT-B2),metallography,micrograph-contrast,Segformer,mit_b2,gray,24.719181,6.781061172485352
418-17-4ph-x20,418 Printed 17-4 PH Steel,Steel,x20 (4).jpg,0.24210429605857842,0.38473316922976936,0.3981119791666667,metal_segformer_gray_b2,Metal-SegFormer Gray (MiT-B2),metallography,micrograph-contrast,Segformer,mit_b2,gray,24.719181,6.781061172485352
418-17-4ph-x20,418 Printed 17-4 PH Steel,Steel,x20 (5).jpg,0.24427662289169305,0.3885984516735387,0.3992513020833333,metal_segformer_gray_b2,Metal-SegFormer Gray (MiT-B2),metallography,micrograph-contrast,Segformer,mit_b2,gray,24.719181,6.781061172485352
418-17-4ph-x20,418 Printed 17-4 PH Steel,Steel,x20 (6).jpg,0.17312036440026018,0.26684904255170544,0.333740234375,metal_segformer_gray_b2,Metal-SegFormer Gray (MiT-B2),metallography,micrograph-contrast,Segformer,mit_b2,gray,24.719181,6.781061172485352
418-17-4ph-x20,418 Printed 17-4 PH Steel,Steel,x20 (7).jpg,0.27692533174388134,0.4236902231691184,0.451171875,metal_segformer_gray_b2,Metal-SegFormer Gray (MiT-B2),metallography,micrograph-contrast,Segformer,mit_b2,gray,24.719181,6.781061172485352
418-17-4ph-x20,418 Printed 17-4 PH Steel,Steel,x20 (8).jpg,0.11596139390356995,0.19911574204959256,0.2186957465277778,metal_segformer_gray_b2,Metal-SegFormer Gray (MiT-B2),metallography,micrograph-contrast,Segformer,mit_b2,gray,24.719181,6.781061172485352
418-17-4ph-x20,418 Printed 17-4 PH Steel,Steel,x20 (9).jpg,0.341517595422266,0.5083555489374123,0.5107693142361112,metal_segformer_gray_b2,Metal-SegFormer Gray (MiT-B2),metallography,micrograph-contrast,Segformer,mit_b2,gray,24.719181,6.781061172485352
418-17-4ph-x20,418 Printed 17-4 PH Steel,Steel,x20 (10).jpg,0.20067234883851584,0.33149943383723846,0.3384060329861111,metal_segformer_gray_b2,Metal-SegFormer Gray (MiT-B2),metallography,micrograph-contrast,Segformer,mit_b2,gray,24.719181,6.781061172485352
418-17-4ph-x20,418 Printed 17-4 PH Steel,Steel,x20 (11).jpg,0.4871711606426212,0.5207539104073154,0.9356282552083334,metal_segformer_gray_b2,Metal-SegFormer Gray (MiT-B2),metallography,micrograph-contrast,Segformer,mit_b2,gray,24.719181,6.781061172485352
418-17-4ph-x20,418 Printed 17-4 PH Steel,Steel,x20 (12).jpg,0.4360160858317557,0.4715455663008538,0.8640679253472222,metal_segformer_gray_b2,Metal-SegFormer Gray (MiT-B2),metallography,micrograph-contrast,Segformer,mit_b2,gray,24.719181,6.781061172485352
418-17-4ph-x20,418 Printed 17-4 PH Steel,Steel,x20 (13).jpg,0.08503265145715228,0.14772019822370427,0.16731770833333334,metal_segformer_gray_b2,Metal-SegFormer Gray (MiT-B2),metallography,micrograph-contrast,Segformer,mit_b2,gray,24.719181,6.781061172485352
418-17-4ph-x20,418 Printed 17-4 PH Steel,Steel,x20 (14).jpg,0.4920518663194444,0.49599409368078534,0.9841037326388888,metal_segformer_gray_b2,Metal-SegFormer Gray (MiT-B2),metallography,micrograph-contrast,Segformer,mit_b2,gray,24.719181,6.781061172485352
418-17-4ph-x20,418 Printed 17-4 PH Steel,Steel,x20 (15).jpg,0.4907362196180556,0.49532479978095695,0.9814724392361112,metal_segformer_gray_b2,Metal-SegFormer Gray (MiT-B2),metallography,micrograph-contrast,Segformer,mit_b2,gray,24.719181,6.781061172485352
418-17-4ph-x20,418 Printed 17-4 PH Steel,Steel,x20 (16).jpg,0.5131160511579602,0.545851261372623,0.9696994357638888,metal_segformer_gray_b2,Metal-SegFormer Gray (MiT-B2),metallography,micrograph-contrast,Segformer,mit_b2,gray,24.719181,6.781061172485352
418-17-4ph-x20,418 Printed 17-4 PH Steel,Steel,x20 (17).jpg,0.4475231357734989,0.4860704232011401,0.8756781684027778,metal_segformer_gray_b2,Metal-SegFormer Gray (MiT-B2),metallography,micrograph-contrast,Segformer,mit_b2,gray,24.719181,6.781061172485352
418-17-4ph-x20,418 Printed 17-4 PH Steel,Steel,x20 (18).jpg,0.4800255967021219,0.4907786720637147,0.958740234375,metal_segformer_gray_b2,Metal-SegFormer Gray (MiT-B2),metallography,micrograph-contrast,Segformer,mit_b2,gray,24.719181,6.781061172485352
418-17-4ph-x20,418 Printed 17-4 PH Steel,Steel,x20 (19).jpg,0.49100025278560494,0.4964981776976462,0.9806043836805556,metal_segformer_gray_b2,Metal-SegFormer Gray (MiT-B2),metallography,micrograph-contrast,Segformer,mit_b2,gray,24.719181,6.781061172485352
418-17-4ph-x20,418 Printed 17-4 PH Steel,Steel,x20 (20).jpg,0.24727860793042938,0.3310535280845191,0.4943576388888889,metal_segformer_gray_b2,Metal-SegFormer Gray (MiT-B2),metallography,micrograph-contrast,Segformer,mit_b2,gray,24.719181,6.781061172485352
418-17-4ph-x20,418 Printed 17-4 PH Steel,Steel,x20 (21).jpg,0.28483963760751096,0.36971095892889794,0.5602756076388888,metal_segformer_gray_b2,Metal-SegFormer Gray (MiT-B2),metallography,micrograph-contrast,Segformer,mit_b2,gray,24.719181,6.781061172485352
418-17-4ph-x5,418 Printed 17-4 PH Steel,Steel,x5 (1).jpg,0.8058051525815715,0.8819216182672875,0.9817165798611112,metal_segformer_gray_b2,Metal-SegFormer Gray (MiT-B2),metallography,micrograph-contrast,Segformer,mit_b2,gray,24.719181,6.781061172485352
418-17-4ph-x5,418 Printed 17-4 PH Steel,Steel,x5 (2).jpg,0.8434966395872066,0.9090281143084983,0.9819064670138888,metal_segformer_gray_b2,Metal-SegFormer Gray (MiT-B2),metallography,micrograph-contrast,Segformer,mit_b2,gray,24.719181,6.781061172485352
418-17-4ph-x5,418 Printed 17-4 PH Steel,Steel,x5 (3).jpg,0.8035028988748356,0.8795833331158881,0.9862467447916666,metal_segformer_gray_b2,Metal-SegFormer Gray (MiT-B2),metallography,micrograph-contrast,Segformer,mit_b2,gray,24.719181,6.781061172485352
418-17-4ph-x5,418 Printed 17-4 PH Steel,Steel,x5 (4).jpg,0.7665133009409587,0.8525801707067949,0.9712456597222222,metal_segformer_gray_b2,Metal-SegFormer Gray (MiT-B2),metallography,micrograph-contrast,Segformer,mit_b2,gray,24.719181,6.781061172485352
418-17-4ph-x5,418 Printed 17-4 PH Steel,Steel,x5 (5).jpg,0.896306641069602,0.9435277791490687,0.9770236545138888,metal_segformer_gray_b2,Metal-SegFormer Gray (MiT-B2),metallography,micrograph-contrast,Segformer,mit_b2,gray,24.719181,6.781061172485352
418-17-4ph-x5,418 Printed 17-4 PH Steel,Steel,x5 (6).jpg,0.8258806952501745,0.8972387878412631,0.9766438802083334,metal_segformer_gray_b2,Metal-SegFormer Gray (MiT-B2),metallography,micrograph-contrast,Segformer,mit_b2,gray,24.719181,6.781061172485352
418-17-4ph-x5,418 Printed 17-4 PH Steel,Steel,x5 (7).jpg,0.7863773476996244,0.8672607845139871,0.9795193142361112,metal_segformer_gray_b2,Metal-SegFormer Gray (MiT-B2),metallography,micrograph-contrast,Segformer,mit_b2,gray,24.719181,6.781061172485352
418-17-4ph-x5,418 Printed 17-4 PH Steel,Steel,x5 (8).jpg,0.8006184335436044,0.8774270703319834,0.9858940972222222,metal_segformer_gray_b2,Metal-SegFormer Gray (MiT-B2),metallography,micrograph-contrast,Segformer,mit_b2,gray,24.719181,6.781061172485352
418-17-4ph-x5,418 Printed 17-4 PH Steel,Steel,x5 (9).jpg,0.8255124077749116,0.8959693201843582,0.9856228298611112,metal_segformer_gray_b2,Metal-SegFormer Gray (MiT-B2),metallography,micrograph-contrast,Segformer,mit_b2,gray,24.719181,6.781061172485352
418-17-4ph-x5,418 Printed 17-4 PH Steel,Steel,x5 (10).jpg,0.8301909997234216,0.899259180583547,0.9862196180555556,metal_segformer_gray_b2,Metal-SegFormer Gray (MiT-B2),metallography,micrograph-contrast,Segformer,mit_b2,gray,24.719181,6.781061172485352
418-17-4ph-x5,418 Printed 17-4 PH Steel,Steel,x5 (11).jpg,0.7765848995693763,0.859703278684322,0.9778917100694444,metal_segformer_gray_b2,Metal-SegFormer Gray (MiT-B2),metallography,micrograph-contrast,Segformer,mit_b2,gray,24.719181,6.781061172485352
418-17-4ph-x5,418 Printed 17-4 PH Steel,Steel,x5 (12).jpg,0.8174002939953673,0.8902604429528029,0.9839680989583334,metal_segformer_gray_b2,Metal-SegFormer Gray (MiT-B2),metallography,micrograph-contrast,Segformer,mit_b2,gray,24.719181,6.781061172485352
418-17-4ph-x5,418 Printed 17-4 PH Steel,Steel,x5 (13).jpg,0.7968144925110869,0.87439909799833,0.9865993923611112,metal_segformer_gray_b2,Metal-SegFormer Gray (MiT-B2),metallography,micrograph-contrast,Segformer,mit_b2,gray,24.719181,6.781061172485352
418-17-4ph-x5,418 Printed 17-4 PH Steel,Steel,x5 (14).jpg,0.8285395335181549,0.8980903605230768,0.9861111111111112,metal_segformer_gray_b2,Metal-SegFormer Gray (MiT-B2),metallography,micrograph-contrast,Segformer,mit_b2,gray,24.719181,6.781061172485352
418-17-4ph-x5,418 Printed 17-4 PH Steel,Steel,x5 (15).jpg,0.8749105465258488,0.9303057737660463,0.9759928385416666,metal_segformer_gray_b2,Metal-SegFormer Gray (MiT-B2),metallography,micrograph-contrast,Segformer,mit_b2,gray,24.719181,6.781061172485352
418-17-4ph-x5,418 Printed 17-4 PH Steel,Steel,x5 (16).jpg,0.8440607897701997,0.9102117609531588,0.9736328125,metal_segformer_gray_b2,Metal-SegFormer Gray (MiT-B2),metallography,micrograph-contrast,Segformer,mit_b2,gray,24.719181,6.781061172485352
418-17-4ph-x5,418 Printed 17-4 PH Steel,Steel,x5 (17).jpg,0.8990331809357429,0.9452309748919242,0.97607421875,metal_segformer_gray_b2,Metal-SegFormer Gray (MiT-B2),metallography,micrograph-contrast,Segformer,mit_b2,gray,24.719181,6.781061172485352
418-17-4ph-x5,418 Printed 17-4 PH Steel,Steel,x5 (18).jpg,0.7673327901677399,0.8522688627159958,0.9772135416666666,metal_segformer_gray_b2,Metal-SegFormer Gray (MiT-B2),metallography,micrograph-contrast,Segformer,mit_b2,gray,24.719181,6.781061172485352
418-17-4ph-x5,418 Printed 17-4 PH Steel,Steel,x5 (19).jpg,0.7905296766128506,0.8702666542065459,0.9812554253472222,metal_segformer_gray_b2,Metal-SegFormer Gray (MiT-B2),metallography,micrograph-contrast,Segformer,mit_b2,gray,24.719181,6.781061172485352
418-17-4ph-x5,418 Printed 17-4 PH Steel,Steel,x5 (20).jpg,0.776891683433937,0.859865684818718,0.9784342447916666,metal_segformer_gray_b2,Metal-SegFormer Gray (MiT-B2),metallography,micrograph-contrast,Segformer,mit_b2,gray,24.719181,6.781061172485352
418-17-4ph-x5,418 Printed 17-4 PH Steel,Steel,x5 (21).jpg,0.7641583895445001,0.8488609526965386,0.9817979600694444,metal_segformer_gray_b2,Metal-SegFormer Gray (MiT-B2),metallography,micrograph-contrast,Segformer,mit_b2,gray,24.719181,6.781061172485352
418-17-4ph-x5,418 Printed 17-4 PH Steel,Steel,x5 (22).jpg,0.7514003513555128,0.8395272245090383,0.9735243055555556,metal_segformer_gray_b2,Metal-SegFormer Gray (MiT-B2),metallography,micrograph-contrast,Segformer,mit_b2,gray,24.719181,6.781061172485352
418-17-4ph-x5,418 Printed 17-4 PH Steel,Steel,x5 (23).jpg,0.7896013663249024,0.8695913270083204,0.9809027777777778,metal_segformer_gray_b2,Metal-SegFormer Gray (MiT-B2),metallography,micrograph-contrast,Segformer,mit_b2,gray,24.719181,6.781061172485352
418-17-4ph-x5,418 Printed 17-4 PH Steel,Steel,x5 (24).jpg,0.7917644016327567,0.8712495078522345,0.9811197916666666,metal_segformer_gray_b2,Metal-SegFormer Gray (MiT-B2),metallography,micrograph-contrast,Segformer,mit_b2,gray,24.719181,6.781061172485352
418-17-4ph-x5,418 Printed 17-4 PH Steel,Steel,x5 (25).jpg,0.7743204467910363,0.8576179682699989,0.9794921875,metal_segformer_gray_b2,Metal-SegFormer Gray (MiT-B2),metallography,micrograph-contrast,Segformer,mit_b2,gray,24.719181,6.781061172485352
5884-armor-steel,5884 Armor Steel,Steel,5884 x 5 (1).jpg,0.4921294344419638,0.6593725523628813,0.660400390625,metal_segformer_gray_b2,Metal-SegFormer Gray (MiT-B2),metallography,micrograph-contrast,Segformer,mit_b2,gray,24.719181,6.781061172485352
5884-armor-steel,5884 Armor Steel,Steel,5884 x 5 (2).jpg,0.5582597538322798,0.7156660373641441,0.7195095486111112,metal_segformer_gray_b2,Metal-SegFormer Gray (MiT-B2),metallography,micrograph-contrast,Segformer,mit_b2,gray,24.719181,6.781061172485352
5884-armor-steel,5884 Armor Steel,Steel,5884 x 5 (3).jpg,0.5572406090302525,0.7150253983687402,0.7179633246527778,metal_segformer_gray_b2,Metal-SegFormer Gray (MiT-B2),metallography,micrograph-contrast,Segformer,mit_b2,gray,24.719181,6.781061172485352
5884-armor-steel,5884 Armor Steel,Steel,5884 x 5 (4).jpg,0.5430684151717238,0.6996681690935848,0.7179090711805556,metal_segformer_gray_b2,Metal-SegFormer Gray (MiT-B2),metallography,micrograph-contrast,Segformer,mit_b2,gray,24.719181,6.781061172485352
5884-armor-steel,5884 Armor Steel,Steel,5884 x 5 (5).jpg,0.5890119057691927,0.7408807056689894,0.7431911892361112,metal_segformer_gray_b2,Metal-SegFormer Gray (MiT-B2),metallography,micrograph-contrast,Segformer,mit_b2,gray,24.719181,6.781061172485352
5884-armor-steel,5884 Armor Steel,Steel,5884 x 10 (1).jpg,0.6723029049420264,0.8040193920496785,0.8041720920138888,metal_segformer_gray_b2,Metal-SegFormer Gray (MiT-B2),metallography,micrograph-contrast,Segformer,mit_b2,gray,24.719181,6.781061172485352
5884-armor-steel,5884 Armor Steel,Steel,5884 x 10 (2).jpg,0.6741660443812836,0.8049963892288932,0.8073187934027778,metal_segformer_gray_b2,Metal-SegFormer Gray (MiT-B2),metallography,micrograph-contrast,Segformer,mit_b2,gray,24.719181,6.781061172485352
5884-armor-steel,5884 Armor Steel,Steel,5884 x 10 (3).jpg,0.6151630555777134,0.7547945992815286,0.7900390625,metal_segformer_gray_b2,Metal-SegFormer Gray (MiT-B2),metallography,micrograph-contrast,Segformer,mit_b2,gray,24.719181,6.781061172485352
5884-armor-steel,5884 Armor Steel,Steel,5884 x 10 (4).jpg,0.687663569583548,0.8128100247807554,0.8262532552083334,metal_segformer_gray_b2,Metal-SegFormer Gray (MiT-B2),metallography,micrograph-contrast,Segformer,mit_b2,gray,24.719181,6.781061172485352
5884-armor-steel,5884 Armor Steel,Steel,5884 x 10 (5).jpg,0.5962939855080895,0.7424165297453176,0.7652723524305556,metal_segformer_gray_b2,Metal-SegFormer Gray (MiT-B2),metallography,micrograph-contrast,Segformer,mit_b2,gray,24.719181,6.781061172485352
5884-armor-steel,5884 Armor Steel,Steel,5884 x 10 (6).jpg,0.6435213417988008,0.7784687629551594,0.8040093315972222,metal_segformer_gray_b2,Metal-SegFormer Gray (MiT-B2),metallography,micrograph-contrast,Segformer,mit_b2,gray,24.719181,6.781061172485352
5884-armor-steel,5884 Armor Steel,Steel,5884 x 20 (1).jpg,0.5693746041336436,0.7124378116296248,0.7714029947916666,metal_segformer_gray_b2,Metal-SegFormer Gray (MiT-B2),metallography,micrograph-contrast,Segformer,mit_b2,gray,24.719181,6.781061172485352
5884-armor-steel,5884 Armor Steel,Steel,5884 x 20 (2).jpg,0.5788732700621626,0.7232159009473784,0.7696126302083334,metal_segformer_gray_b2,Metal-SegFormer Gray (MiT-B2),metallography,micrograph-contrast,Segformer,mit_b2,gray,24.719181,6.781061172485352
5884-armor-steel,5884 Armor Steel,Steel,5884 x 20 (3).jpg,0.7996012363485119,0.88847303341111,0.8901638454861112,metal_segformer_gray_b2,Metal-SegFormer Gray (MiT-B2),metallography,micrograph-contrast,Segformer,mit_b2,gray,24.719181,6.781061172485352
5884-armor-steel,5884 Armor Steel,Steel,5884 x 20 (4).jpg,0.6169692037878751,0.7588302366279409,0.7808973524305556,metal_segformer_gray_b2,Metal-SegFormer Gray (MiT-B2),metallography,micrograph-contrast,Segformer,mit_b2,gray,24.719181,6.781061172485352
5884-armor-steel,5884 Armor Steel,Steel,5884 x 20 (5).jpg,0.6784240371309604,0.807050793672255,0.8154296875,metal_segformer_gray_b2,Metal-SegFormer Gray (MiT-B2),metallography,micrograph-contrast,Segformer,mit_b2,gray,24.719181,6.781061172485352
5884-armor-steel,5884 Armor Steel,Steel,5884 x 20 (6).jpg,0.5676758737077888,0.722675379467454,0.7298177083333334,metal_segformer_gray_b2,Metal-SegFormer Gray (MiT-B2),metallography,micrograph-contrast,Segformer,mit_b2,gray,24.719181,6.781061172485352
5884-armor-steel,5884 Armor Steel,Steel,5884 x 50 (1).jpg,0.6879096548695773,0.8144073776595375,0.81884765625,metal_segformer_gray_b2,Metal-SegFormer Gray (MiT-B2),metallography,micrograph-contrast,Segformer,mit_b2,gray,24.719181,6.781061172485352
5884-armor-steel,5884 Armor Steel,Steel,5884 x 50 (2).jpg,0.6959720071584141,0.8173743563740195,0.8391384548611112,metal_segformer_gray_b2,Metal-SegFormer Gray (MiT-B2),metallography,micrograph-contrast,Segformer,mit_b2,gray,24.719181,6.781061172485352
5884-armor-steel,5884 Armor Steel,Steel,5884 x 50 (3).jpg,0.7586707215986008,0.8627715995266858,0.8628200954861112,metal_segformer_gray_b2,Metal-SegFormer Gray (MiT-B2),metallography,micrograph-contrast,Segformer,mit_b2,gray,24.719181,6.781061172485352
5884-armor-steel,5884 Armor Steel,Steel,5884 x 50 (4).jpg,0.6619946165586542,0.7958449454421861,0.8004557291666666,metal_segformer_gray_b2,Metal-SegFormer Gray (MiT-B2),metallography,micrograph-contrast,Segformer,mit_b2,gray,24.719181,6.781061172485352
6280-cast-iron-high,6280 Gray Cast Iron,Cast Iron,6280 x 20 (1).jpg,0.5663536008329875,0.7021601218774705,0.7936197916666666,metal_segformer_gray_b2,Metal-SegFormer Gray (MiT-B2),metallography,micrograph-contrast,Segformer,mit_b2,gray,24.719181,6.781061172485352
6280-cast-iron-high,6280 Gray Cast Iron,Cast Iron,6280 x 20 (2).jpg,0.5552234558800843,0.6922408411691279,0.7847493489583334,metal_segformer_gray_b2,Metal-SegFormer Gray (MiT-B2),metallography,micrograph-contrast,Segformer,mit_b2,gray,24.719181,6.781061172485352
6280-cast-iron-high,6280 Gray Cast Iron,Cast Iron,6280 x 20 (3).jpg,0.5497820652484469,0.6866918880271963,0.7822808159722222,metal_segformer_gray_b2,Metal-SegFormer Gray (MiT-B2),metallography,micrograph-contrast,Segformer,mit_b2,gray,24.719181,6.781061172485352
6280-cast-iron-high,6280 Gray Cast Iron,Cast Iron,6280 x 20 (4).jpg,0.5765258949414545,0.7114504388114521,0.8004828559027778,metal_segformer_gray_b2,Metal-SegFormer Gray (MiT-B2),metallography,micrograph-contrast,Segformer,mit_b2,gray,24.719181,6.781061172485352
6280-cast-iron-high,6280 Gray Cast Iron,Cast Iron,6280 x 20 (5).jpg,0.5467525807760829,0.6834919916816639,0.7811414930555556,metal_segformer_gray_b2,Metal-SegFormer Gray (MiT-B2),metallography,micrograph-contrast,Segformer,mit_b2,gray,24.719181,6.781061172485352
6280-cast-iron-high,6280 Gray Cast Iron,Cast Iron,6280 x 20 (6).jpg,0.5608235113094322,0.6971272726149482,0.7896050347222222,metal_segformer_gray_b2,Metal-SegFormer Gray (MiT-B2),metallography,micrograph-contrast,Segformer,mit_b2,gray,24.719181,6.781061172485352
6280-cast-iron-high,6280 Gray Cast Iron,Cast Iron,6280 x 20 (7).jpg,0.5541212142867409,0.6868660091153401,0.796875,metal_segformer_gray_b2,Metal-SegFormer Gray (MiT-B2),metallography,micrograph-contrast,Segformer,mit_b2,gray,24.719181,6.781061172485352
6280-cast-iron-high,6280 Gray Cast Iron,Cast Iron,6280 x 20 (8).jpg,0.5674635502173835,0.7038961243645276,0.7921278211805556,metal_segformer_gray_b2,Metal-SegFormer Gray (MiT-B2),metallography,micrograph-contrast,Segformer,mit_b2,gray,24.719181,6.781061172485352
6280-cast-iron-high,6280 Gray Cast Iron,Cast Iron,6280 x 20 (9).jpg,0.549527894217644,0.6856284415342342,0.7845323350694444,metal_segformer_gray_b2,Metal-SegFormer Gray (MiT-B2),metallography,micrograph-contrast,Segformer,mit_b2,gray,24.719181,6.781061172485352
6280-cast-iron-high,6280 Gray Cast Iron,Cast Iron,6280 x 20 (10).jpg,0.5601816004868456,0.6961122697190565,0.7904459635416666,metal_segformer_gray_b2,Metal-SegFormer Gray (MiT-B2),metallography,micrograph-contrast,Segformer,mit_b2,gray,24.719181,6.781061172485352
6280-cast-iron-low,6280 Gray Cast Iron,Cast Iron,6280 x 10 (1).jpg,0.48975833832717935,0.6512451376095657,0.7029079861111112,metal_segformer_gray_b2,Metal-SegFormer Gray (MiT-B2),metallography,micrograph-contrast,Segformer,mit_b2,gray,24.719181,6.781061172485352
6280-cast-iron-low,6280 Gray Cast Iron,Cast Iron,6280 x 10 (2).jpg,0.49709412645324713,0.6562803109346514,0.7156846788194444,metal_segformer_gray_b2,Metal-SegFormer Gray (MiT-B2),metallography,micrograph-contrast,Segformer,mit_b2,gray,24.719181,6.781061172485352
6280-cast-iron-low,6280 Gray Cast Iron,Cast Iron,6280 x 10 (3).jpg,0.4936513021677018,0.6528952277990513,0.71337890625,metal_segformer_gray_b2,Metal-SegFormer Gray (MiT-B2),metallography,micrograph-contrast,Segformer,mit_b2,gray,24.719181,6.781061172485352
6280-cast-iron-low,6280 Gray Cast Iron,Cast Iron,6280 x 10 (4).jpg,0.5133293044271444,0.670313389524615,0.7322048611111112,metal_segformer_gray_b2,Metal-SegFormer Gray (MiT-B2),metallography,micrograph-contrast,Segformer,mit_b2,gray,24.719181,6.781061172485352
6280-cast-iron-low,6280 Gray Cast Iron,Cast Iron,6280 x 10 (5).jpg,0.4261727344382444,0.5890898034170727,0.6481119791666666,metal_segformer_gray_b2,Metal-SegFormer Gray (MiT-B2),metallography,micrograph-contrast,Segformer,mit_b2,gray,24.719181,6.781061172485352
6280-cast-iron-low,6280 Gray Cast Iron,Cast Iron,6280 x 10 (6).jpg,0.5016036732938948,0.6610529915235422,0.7159830729166666,metal_segformer_gray_b2,Metal-SegFormer Gray (MiT-B2),metallography,micrograph-contrast,Segformer,mit_b2,gray,24.719181,6.781061172485352
6280-cast-iron-low,6280 Gray Cast Iron,Cast Iron,6280 x 10 (7).jpg,0.48821566932803995,0.6528946576275276,0.6851399739583334,metal_segformer_gray_b2,Metal-SegFormer Gray (MiT-B2),metallography,micrograph-contrast,Segformer,mit_b2,gray,24.719181,6.781061172485352
6280-cast-iron-low,6280 Gray Cast Iron,Cast Iron,6280 x 10 (8).jpg,0.5053732995914051,0.6625918432143743,0.7245279947916666,metal_segformer_gray_b2,Metal-SegFormer Gray (MiT-B2),metallography,micrograph-contrast,Segformer,mit_b2,gray,24.719181,6.781061172485352
6280-cast-iron-low,6280 Gray Cast Iron,Cast Iron,6280 x 10 (9).jpg,0.5068065175644548,0.6669075916874211,0.7154134114583334,metal_segformer_gray_b2,Metal-SegFormer Gray (MiT-B2),metallography,micrograph-contrast,Segformer,mit_b2,gray,24.719181,6.781061172485352
6280-cast-iron-low,6280 Gray Cast Iron,Cast Iron,6280 x 10 (10).jpg,0.4906871421317723,0.6492642726943952,0.7091742621527778,metal_segformer_gray_b2,Metal-SegFormer Gray (MiT-B2),metallography,micrograph-contrast,Segformer,mit_b2,gray,24.719181,6.781061172485352
6280-cast-iron-low,6280 Gray Cast Iron,Cast Iron,6280 x 10 (11).jpg,0.48446837328008835,0.6457548726328208,0.6962348090277778,metal_segformer_gray_b2,Metal-SegFormer Gray (MiT-B2),metallography,micrograph-contrast,Segformer,mit_b2,gray,24.719181,6.781061172485352
4130-steel,4130 Steel,Steel,4130 x 10 (1).jpg,0.7091424766580622,0.8298205938503183,0.829833984375,metal_manet_edge4_effb0,Metal-MAnet RGB+Sobel (EfficientNet-B0),metallography,edge-aware,MAnet,tu-efficientnet_b0,edge4,8.671727,5.66304612159729
4130-steel,4130 Steel,Steel,4130 x 10 (2).jpg,0.5202144239176061,0.6843753832947501,0.6844618055555556,metal_manet_edge4_effb0,Metal-MAnet RGB+Sobel (EfficientNet-B0),metallography,edge-aware,MAnet,tu-efficientnet_b0,edge4,8.671727,5.66304612159729
4130-steel,4130 Steel,Steel,4130 x 10 (3).jpg,0.5474505818854569,0.7074260846182363,0.7079806857638888,metal_manet_edge4_effb0,Metal-MAnet RGB+Sobel (EfficientNet-B0),metallography,edge-aware,MAnet,tu-efficientnet_b0,edge4,8.671727,5.66304612159729
4130-steel,4130 Steel,Steel,4130 x 10 (4).jpg,0.5267503103860599,0.6896171894993763,0.6913519965277778,metal_manet_edge4_effb0,Metal-MAnet RGB+Sobel (EfficientNet-B0),metallography,edge-aware,MAnet,tu-efficientnet_b0,edge4,8.671727,5.66304612159729
4130-steel,4130 Steel,Steel,4130 x 10 (5).jpg,0.5158078174988169,0.6748703648866832,0.6981065538194444,metal_manet_edge4_effb0,Metal-MAnet RGB+Sobel (EfficientNet-B0),metallography,edge-aware,MAnet,tu-efficientnet_b0,edge4,8.671727,5.66304612159729
4130-steel,4130 Steel,Steel,4130 x 10 (6).jpg,0.6946728120885257,0.818864467630539,0.8251681857638888,metal_manet_edge4_effb0,Metal-MAnet RGB+Sobel (EfficientNet-B0),metallography,edge-aware,MAnet,tu-efficientnet_b0,edge4,8.671727,5.66304612159729
4130-steel,4130 Steel,Steel,4130 x 10 (7).jpg,0.6988995355476122,0.8220262558346421,0.8269314236111112,metal_manet_edge4_effb0,Metal-MAnet RGB+Sobel (EfficientNet-B0),metallography,edge-aware,MAnet,tu-efficientnet_b0,edge4,8.671727,5.66304612159729
4130-steel,4130 Steel,Steel,4130 x 10 (8).jpg,0.7058468962185304,0.827427200626293,0.8283420138888888,metal_manet_edge4_effb0,Metal-MAnet RGB+Sobel (EfficientNet-B0),metallography,edge-aware,MAnet,tu-efficientnet_b0,edge4,8.671727,5.66304612159729
4130-steel,4130 Steel,Steel,4130 x 10 (9).jpg,0.7066087453784745,0.8276623015401308,0.8305392795138888,metal_manet_edge4_effb0,Metal-MAnet RGB+Sobel (EfficientNet-B0),metallography,edge-aware,MAnet,tu-efficientnet_b0,edge4,8.671727,5.66304612159729
4130-steel,4130 Steel,Steel,4130 x 10 (10).jpg,0.7035112774652694,0.8258928660238911,0.8263075086805556,metal_manet_edge4_effb0,Metal-MAnet RGB+Sobel (EfficientNet-B0),metallography,edge-aware,MAnet,tu-efficientnet_b0,edge4,8.671727,5.66304612159729
4130-steel,4130 Steel,Steel,4130 x 10 (11).jpg,0.6851146012544174,0.8131142178402905,0.8132595486111112,metal_manet_edge4_effb0,Metal-MAnet RGB+Sobel (EfficientNet-B0),metallography,edge-aware,MAnet,tu-efficientnet_b0,edge4,8.671727,5.66304612159729
4130-steel,4130 Steel,Steel,4130 x 10 (12).jpg,0.7060255836188993,0.8276835462629084,0.8276909722222222,metal_manet_edge4_effb0,Metal-MAnet RGB+Sobel (EfficientNet-B0),metallography,edge-aware,MAnet,tu-efficientnet_b0,edge4,8.671727,5.66304612159729
4130-steel,4130 Steel,Steel,4130 x 10 (13).jpg,0.6902489550437536,0.8167393220035539,0.8167588975694444,metal_manet_edge4_effb0,Metal-MAnet RGB+Sobel (EfficientNet-B0),metallography,edge-aware,MAnet,tu-efficientnet_b0,edge4,8.671727,5.66304612159729
4130-steel,4130 Steel,Steel,4130 x 10 (14).jpg,0.6967948560620447,0.821135688543746,0.822265625,metal_manet_edge4_effb0,Metal-MAnet RGB+Sobel (EfficientNet-B0),metallography,edge-aware,MAnet,tu-efficientnet_b0,edge4,8.671727,5.66304612159729
4130-steel,4130 Steel,Steel,4130 x 10 (15).jpg,0.6747137253655231,0.8057489663896855,0.8058539496527778,metal_manet_edge4_effb0,Metal-MAnet RGB+Sobel (EfficientNet-B0),metallography,edge-aware,MAnet,tu-efficientnet_b0,edge4,8.671727,5.66304612159729
4130-steel,4130 Steel,Steel,4130 x 10 (16).jpg,0.659441727782762,0.7945892876622669,0.7956814236111112,metal_manet_edge4_effb0,Metal-MAnet RGB+Sobel (EfficientNet-B0),metallography,edge-aware,MAnet,tu-efficientnet_b0,edge4,8.671727,5.66304612159729
4130-steel,4130 Steel,Steel,4130 x 10 (17).jpg,0.7018364831961257,0.8246581194403717,0.8256022135416666,metal_manet_edge4_effb0,Metal-MAnet RGB+Sobel (EfficientNet-B0),metallography,edge-aware,MAnet,tu-efficientnet_b0,edge4,8.671727,5.66304612159729
4130-steel,4130 Steel,Steel,4130 x 10 (18).jpg,0.6900921515515972,0.816619357098157,0.8167046440972222,metal_manet_edge4_effb0,Metal-MAnet RGB+Sobel (EfficientNet-B0),metallography,edge-aware,MAnet,tu-efficientnet_b0,edge4,8.671727,5.66304612159729
4130-steel,4130 Steel,Steel,4130 x 10 (19).jpg,0.6944746676790273,0.8195226622249763,0.8206380208333334,metal_manet_edge4_effb0,Metal-MAnet RGB+Sobel (EfficientNet-B0),metallography,edge-aware,MAnet,tu-efficientnet_b0,edge4,8.671727,5.66304612159729
4130-steel,4130 Steel,Steel,4130 x 10 (20).jpg,0.6989108976323173,0.8219870782989476,0.8272026909722222,metal_manet_edge4_effb0,Metal-MAnet RGB+Sobel (EfficientNet-B0),metallography,edge-aware,MAnet,tu-efficientnet_b0,edge4,8.671727,5.66304612159729
4130-steel,4130 Steel,Steel,4130 x 20 (1).jpg,0.565941527372449,0.7206670513449236,0.7304958767361112,metal_manet_edge4_effb0,Metal-MAnet RGB+Sobel (EfficientNet-B0),metallography,edge-aware,MAnet,tu-efficientnet_b0,edge4,8.671727,5.66304612159729
4130-steel,4130 Steel,Steel,4130 x 20 (2).jpg,0.5391393543777554,0.6989383601638,0.7060004340277778,metal_manet_edge4_effb0,Metal-MAnet RGB+Sobel (EfficientNet-B0),metallography,edge-aware,MAnet,tu-efficientnet_b0,edge4,8.671727,5.66304612159729
4130-steel,4130 Steel,Steel,4130 x 20 (3).jpg,0.5732243770464731,0.727726487832239,0.7323947482638888,metal_manet_edge4_effb0,Metal-MAnet RGB+Sobel (EfficientNet-B0),metallography,edge-aware,MAnet,tu-efficientnet_b0,edge4,8.671727,5.66304612159729
4130-steel,4130 Steel,Steel,4130 x 20 (4).jpg,0.47297464902854736,0.636576000118674,0.6576877170138888,metal_manet_edge4_effb0,Metal-MAnet RGB+Sobel (EfficientNet-B0),metallography,edge-aware,MAnet,tu-efficientnet_b0,edge4,8.671727,5.66304612159729
4130-steel,4130 Steel,Steel,4130 x 20 (5).jpg,0.7723301256150672,0.8714637016930316,0.8721516927083334,metal_manet_edge4_effb0,Metal-MAnet RGB+Sobel (EfficientNet-B0),metallography,edge-aware,MAnet,tu-efficientnet_b0,edge4,8.671727,5.66304612159729
4130-steel,4130 Steel,Steel,4130 x 20 (6).jpg,0.8121409796919825,0.896289288440733,0.8967556423611112,metal_manet_edge4_effb0,Metal-MAnet RGB+Sobel (EfficientNet-B0),metallography,edge-aware,MAnet,tu-efficientnet_b0,edge4,8.671727,5.66304612159729
4130-steel,4130 Steel,Steel,4130 x 20 (7).jpg,0.8070084881480922,0.8931805553168581,0.8933648003472222,metal_manet_edge4_effb0,Metal-MAnet RGB+Sobel (EfficientNet-B0),metallography,edge-aware,MAnet,tu-efficientnet_b0,edge4,8.671727,5.66304612159729
4130-steel,4130 Steel,Steel,4130 x 20 (8).jpg,0.801004599657631,0.8894392282585143,0.89013671875,metal_manet_edge4_effb0,Metal-MAnet RGB+Sobel (EfficientNet-B0),metallography,edge-aware,MAnet,tu-efficientnet_b0,edge4,8.671727,5.66304612159729
4130-steel,4130 Steel,Steel,4130 x 20 (9).jpg,0.810624121914322,0.8953782524326098,0.8956976996527778,metal_manet_edge4_effb0,Metal-MAnet RGB+Sobel (EfficientNet-B0),metallography,edge-aware,MAnet,tu-efficientnet_b0,edge4,8.671727,5.66304612159729
4130-steel,4130 Steel,Steel,4130 x 20 (10).jpg,0.8142580140284299,0.8976206844437106,0.8976236979166666,metal_manet_edge4_effb0,Metal-MAnet RGB+Sobel (EfficientNet-B0),metallography,edge-aware,MAnet,tu-efficientnet_b0,edge4,8.671727,5.66304612159729
4130-steel,4130 Steel,Steel,4130 x 20 (11).jpg,0.8063975283895104,0.8927950985473483,0.8930935329861112,metal_manet_edge4_effb0,Metal-MAnet RGB+Sobel (EfficientNet-B0),metallography,edge-aware,MAnet,tu-efficientnet_b0,edge4,8.671727,5.66304612159729
4130-steel,4130 Steel,Steel,4130 x 20 (12).jpg,0.814641658947939,0.8978470720448227,0.8979220920138888,metal_manet_edge4_effb0,Metal-MAnet RGB+Sobel (EfficientNet-B0),metallography,edge-aware,MAnet,tu-efficientnet_b0,edge4,8.671727,5.66304612159729
4130-steel,4130 Steel,Steel,4130 x 20 (13).jpg,0.8128504150911001,0.8967379715241921,0.8970269097222222,metal_manet_edge4_effb0,Metal-MAnet RGB+Sobel (EfficientNet-B0),metallography,edge-aware,MAnet,tu-efficientnet_b0,edge4,8.671727,5.66304612159729
4130-steel,4130 Steel,Steel,4130 x 20 (14).jpg,0.8053477601948926,0.8921489826727032,0.8924696180555556,metal_manet_edge4_effb0,Metal-MAnet RGB+Sobel (EfficientNet-B0),metallography,edge-aware,MAnet,tu-efficientnet_b0,edge4,8.671727,5.66304612159729
4130-steel,4130 Steel,Steel,4130 x 20 (15).jpg,0.7980201742692139,0.8876559762160353,0.8877495659722222,metal_manet_edge4_effb0,Metal-MAnet RGB+Sobel (EfficientNet-B0),metallography,edge-aware,MAnet,tu-efficientnet_b0,edge4,8.671727,5.66304612159729
4130-steel,4130 Steel,Steel,4130 x 20 (16).jpg,0.7873962314552693,0.8809511376131702,0.8819173177083334,metal_manet_edge4_effb0,Metal-MAnet RGB+Sobel (EfficientNet-B0),metallography,edge-aware,MAnet,tu-efficientnet_b0,edge4,8.671727,5.66304612159729
4130-steel,4130 Steel,Steel,4130 x 20 (17).jpg,0.7806942719337437,0.8767386648574766,0.877685546875,metal_manet_edge4_effb0,Metal-MAnet RGB+Sobel (EfficientNet-B0),metallography,edge-aware,MAnet,tu-efficientnet_b0,edge4,8.671727,5.66304612159729
4130-steel,4130 Steel,Steel,4130 x 20 (18).jpg,0.8030678717687,0.8905052392598218,0.8932834201388888,metal_manet_edge4_effb0,Metal-MAnet RGB+Sobel (EfficientNet-B0),metallography,edge-aware,MAnet,tu-efficientnet_b0,edge4,8.671727,5.66304612159729
4130-steel,4130 Steel,Steel,4130 x 20 (19).jpg,0.8077841692052213,0.8934865030083547,0.8954264322916666,metal_manet_edge4_effb0,Metal-MAnet RGB+Sobel (EfficientNet-B0),metallography,edge-aware,MAnet,tu-efficientnet_b0,edge4,8.671727,5.66304612159729
4130-steel,4130 Steel,Steel,4130 x 20 (20).jpg,0.787109430019615,0.8806430198296427,0.8828125,metal_manet_edge4_effb0,Metal-MAnet RGB+Sobel (EfficientNet-B0),metallography,edge-aware,MAnet,tu-efficientnet_b0,edge4,8.671727,5.66304612159729
418-17-4ph-x20,418 Printed 17-4 PH Steel,Steel,x20 (1).jpg,0.430512848145728,0.5627907749744652,0.6913519965277778,metal_manet_edge4_effb0,Metal-MAnet RGB+Sobel (EfficientNet-B0),metallography,edge-aware,MAnet,tu-efficientnet_b0,edge4,8.671727,5.66304612159729
418-17-4ph-x20,418 Printed 17-4 PH Steel,Steel,x20 (2).jpg,0.493323957775996,0.6108026019375624,0.7889268663194444,metal_manet_edge4_effb0,Metal-MAnet RGB+Sobel (EfficientNet-B0),metallography,edge-aware,MAnet,tu-efficientnet_b0,edge4,8.671727,5.66304612159729
418-17-4ph-x20,418 Printed 17-4 PH Steel,Steel,x20 (3).jpg,0.5151727445116894,0.6255920438945507,0.8253851996527778,metal_manet_edge4_effb0,Metal-MAnet RGB+Sobel (EfficientNet-B0),metallography,edge-aware,MAnet,tu-efficientnet_b0,edge4,8.671727,5.66304612159729
418-17-4ph-x20,418 Printed 17-4 PH Steel,Steel,x20 (4).jpg,0.5211244172382725,0.6313823403027268,0.8311360677083334,metal_manet_edge4_effb0,Metal-MAnet RGB+Sobel (EfficientNet-B0),metallography,edge-aware,MAnet,tu-efficientnet_b0,edge4,8.671727,5.66304612159729
418-17-4ph-x20,418 Printed 17-4 PH Steel,Steel,x20 (5).jpg,0.5146981440643708,0.6266103468327086,0.821533203125,metal_manet_edge4_effb0,Metal-MAnet RGB+Sobel (EfficientNet-B0),metallography,edge-aware,MAnet,tu-efficientnet_b0,edge4,8.671727,5.66304612159729
418-17-4ph-x20,418 Printed 17-4 PH Steel,Steel,x20 (6).jpg,0.43022320752565935,0.5526926907826009,0.7109917534722222,metal_manet_edge4_effb0,Metal-MAnet RGB+Sobel (EfficientNet-B0),metallography,edge-aware,MAnet,tu-efficientnet_b0,edge4,8.671727,5.66304612159729
418-17-4ph-x20,418 Printed 17-4 PH Steel,Steel,x20 (7).jpg,0.40035797835268827,0.5355953611126136,0.6497395833333334,metal_manet_edge4_effb0,Metal-MAnet RGB+Sobel (EfficientNet-B0),metallography,edge-aware,MAnet,tu-efficientnet_b0,edge4,8.671727,5.66304612159729
418-17-4ph-x20,418 Printed 17-4 PH Steel,Steel,x20 (8).jpg,0.5153888415155479,0.6291661830348851,0.8178439670138888,metal_manet_edge4_effb0,Metal-MAnet RGB+Sobel (EfficientNet-B0),metallography,edge-aware,MAnet,tu-efficientnet_b0,edge4,8.671727,5.66304612159729
418-17-4ph-x20,418 Printed 17-4 PH Steel,Steel,x20 (9).jpg,0.3718309180389262,0.510884723406561,0.6059027777777778,metal_manet_edge4_effb0,Metal-MAnet RGB+Sobel (EfficientNet-B0),metallography,edge-aware,MAnet,tu-efficientnet_b0,edge4,8.671727,5.66304612159729
418-17-4ph-x20,418 Printed 17-4 PH Steel,Steel,x20 (10).jpg,0.4785291718075422,0.6021882126944678,0.7607150607638888,metal_manet_edge4_effb0,Metal-MAnet RGB+Sobel (EfficientNet-B0),metallography,edge-aware,MAnet,tu-efficientnet_b0,edge4,8.671727,5.66304612159729
418-17-4ph-x20,418 Printed 17-4 PH Steel,Steel,x20 (11).jpg,0.490188235035835,0.5033104458171289,0.9691026475694444,metal_manet_edge4_effb0,Metal-MAnet RGB+Sobel (EfficientNet-B0),metallography,edge-aware,MAnet,tu-efficientnet_b0,edge4,8.671727,5.66304612159729
418-17-4ph-x20,418 Printed 17-4 PH Steel,Steel,x20 (12).jpg,0.4995945774658556,0.5184220403418731,0.973388671875,metal_manet_edge4_effb0,Metal-MAnet RGB+Sobel (EfficientNet-B0),metallography,edge-aware,MAnet,tu-efficientnet_b0,edge4,8.671727,5.66304612159729
418-17-4ph-x20,418 Printed 17-4 PH Steel,Steel,x20 (13).jpg,0.5085457096095394,0.5264077470337677,0.986328125,metal_manet_edge4_effb0,Metal-MAnet RGB+Sobel (EfficientNet-B0),metallography,edge-aware,MAnet,tu-efficientnet_b0,edge4,8.671727,5.66304612159729
418-17-4ph-x20,418 Printed 17-4 PH Steel,Steel,x20 (14).jpg,0.4997072382420225,0.5127041615531166,0.9818250868055556,metal_manet_edge4_effb0,Metal-MAnet RGB+Sobel (EfficientNet-B0),metallography,edge-aware,MAnet,tu-efficientnet_b0,edge4,8.671727,5.66304612159729
418-17-4ph-x20,418 Printed 17-4 PH Steel,Steel,x20 (15).jpg,0.49872734179963096,0.5115438618240029,0.9807942708333334,metal_manet_edge4_effb0,Metal-MAnet RGB+Sobel (EfficientNet-B0),metallography,edge-aware,MAnet,tu-efficientnet_b0,edge4,8.671727,5.66304612159729
418-17-4ph-x20,418 Printed 17-4 PH Steel,Steel,x20 (16).jpg,0.49722180899175616,0.5130475824946157,0.9745822482638888,metal_manet_edge4_effb0,Metal-MAnet RGB+Sobel (EfficientNet-B0),metallography,edge-aware,MAnet,tu-efficientnet_b0,edge4,8.671727,5.66304612159729
418-17-4ph-x20,418 Printed 17-4 PH Steel,Steel,x20 (17).jpg,0.5063570452873805,0.5263157894736843,0.98046875,metal_manet_edge4_effb0,Metal-MAnet RGB+Sobel (EfficientNet-B0),metallography,edge-aware,MAnet,tu-efficientnet_b0,edge4,8.671727,5.66304612159729
418-17-4ph-x20,418 Printed 17-4 PH Steel,Steel,x20 (18).jpg,0.49491376524339076,0.507362754341119,0.9762912326388888,metal_manet_edge4_effb0,Metal-MAnet RGB+Sobel (EfficientNet-B0),metallography,edge-aware,MAnet,tu-efficientnet_b0,edge4,8.671727,5.66304612159729
418-17-4ph-x20,418 Printed 17-4 PH Steel,Steel,x20 (19).jpg,0.49766018365667164,0.5097851811563511,0.9803602430555556,metal_manet_edge4_effb0,Metal-MAnet RGB+Sobel (EfficientNet-B0),metallography,edge-aware,MAnet,tu-efficientnet_b0,edge4,8.671727,5.66304612159729
418-17-4ph-x20,418 Printed 17-4 PH Steel,Steel,x20 (20).jpg,0.24727690256145543,0.33117013852065,0.4941948784722222,metal_manet_edge4_effb0,Metal-MAnet RGB+Sobel (EfficientNet-B0),metallography,edge-aware,MAnet,tu-efficientnet_b0,edge4,8.671727,5.66304612159729
418-17-4ph-x20,418 Printed 17-4 PH Steel,Steel,x20 (21).jpg,0.28053689724431813,0.3601756627009826,0.5600314670138888,metal_manet_edge4_effb0,Metal-MAnet RGB+Sobel (EfficientNet-B0),metallography,edge-aware,MAnet,tu-efficientnet_b0,edge4,8.671727,5.66304612159729
418-17-4ph-x5,418 Printed 17-4 PH Steel,Steel,x5 (1).jpg,0.7984747504253946,0.8764260963252557,0.9811740451388888,metal_manet_edge4_effb0,Metal-MAnet RGB+Sobel (EfficientNet-B0),metallography,edge-aware,MAnet,tu-efficientnet_b0,edge4,8.671727,5.66304612159729
418-17-4ph-x5,418 Printed 17-4 PH Steel,Steel,x5 (2).jpg,0.8423761578163426,0.9082348598975225,0.9821234809027778,metal_manet_edge4_effb0,Metal-MAnet RGB+Sobel (EfficientNet-B0),metallography,edge-aware,MAnet,tu-efficientnet_b0,edge4,8.671727,5.66304612159729
418-17-4ph-x5,418 Printed 17-4 PH Steel,Steel,x5 (3).jpg,0.8214798451778884,0.8927613941018766,0.9880642361111112,metal_manet_edge4_effb0,Metal-MAnet RGB+Sobel (EfficientNet-B0),metallography,edge-aware,MAnet,tu-efficientnet_b0,edge4,8.671727,5.66304612159729
418-17-4ph-x5,418 Printed 17-4 PH Steel,Steel,x5 (4).jpg,0.7972987038966884,0.8760211259270433,0.9775390625,metal_manet_edge4_effb0,Metal-MAnet RGB+Sobel (EfficientNet-B0),metallography,edge-aware,MAnet,tu-efficientnet_b0,edge4,8.671727,5.66304612159729
418-17-4ph-x5,418 Printed 17-4 PH Steel,Steel,x5 (5).jpg,0.8881722468076647,0.9386867769812424,0.9748263888888888,metal_manet_edge4_effb0,Metal-MAnet RGB+Sobel (EfficientNet-B0),metallography,edge-aware,MAnet,tu-efficientnet_b0,edge4,8.671727,5.66304612159729
418-17-4ph-x5,418 Printed 17-4 PH Steel,Steel,x5 (6).jpg,0.7849242722755143,0.8674441069539993,0.9704861111111112,metal_manet_edge4_effb0,Metal-MAnet RGB+Sobel (EfficientNet-B0),metallography,edge-aware,MAnet,tu-efficientnet_b0,edge4,8.671727,5.66304612159729
418-17-4ph-x5,418 Printed 17-4 PH Steel,Steel,x5 (7).jpg,0.7971013299404257,0.8753869575011002,0.9810655381944444,metal_manet_edge4_effb0,Metal-MAnet RGB+Sobel (EfficientNet-B0),metallography,edge-aware,MAnet,tu-efficientnet_b0,edge4,8.671727,5.66304612159729
418-17-4ph-x5,418 Printed 17-4 PH Steel,Steel,x5 (8).jpg,0.7962546379377562,0.8740525128137757,0.9859754774305556,metal_manet_edge4_effb0,Metal-MAnet RGB+Sobel (EfficientNet-B0),metallography,edge-aware,MAnet,tu-efficientnet_b0,edge4,8.671727,5.66304612159729
418-17-4ph-x5,418 Printed 17-4 PH Steel,Steel,x5 (9).jpg,0.8254070958349973,0.8958687684034274,0.98583984375,metal_manet_edge4_effb0,Metal-MAnet RGB+Sobel (EfficientNet-B0),metallography,edge-aware,MAnet,tu-efficientnet_b0,edge4,8.671727,5.66304612159729
418-17-4ph-x5,418 Printed 17-4 PH Steel,Steel,x5 (10).jpg,0.8271036194297752,0.8970295922583456,0.9863823784722222,metal_manet_edge4_effb0,Metal-MAnet RGB+Sobel (EfficientNet-B0),metallography,edge-aware,MAnet,tu-efficientnet_b0,edge4,8.671727,5.66304612159729
418-17-4ph-x5,418 Printed 17-4 PH Steel,Steel,x5 (11).jpg,0.7922385195985702,0.8716995729836181,0.9805501302083334,metal_manet_edge4_effb0,Metal-MAnet RGB+Sobel (EfficientNet-B0),metallography,edge-aware,MAnet,tu-efficientnet_b0,edge4,8.671727,5.66304612159729
418-17-4ph-x5,418 Printed 17-4 PH Steel,Steel,x5 (12).jpg,0.825408842183808,0.8960266326456743,0.9844563802083334,metal_manet_edge4_effb0,Metal-MAnet RGB+Sobel (EfficientNet-B0),metallography,edge-aware,MAnet,tu-efficientnet_b0,edge4,8.671727,5.66304612159729
418-17-4ph-x5,418 Printed 17-4 PH Steel,Steel,x5 (13).jpg,0.8079910920336011,0.8827681532721883,0.9879014756944444,metal_manet_edge4_effb0,Metal-MAnet RGB+Sobel (EfficientNet-B0),metallography,edge-aware,MAnet,tu-efficientnet_b0,edge4,8.671727,5.66304612159729
418-17-4ph-x5,418 Printed 17-4 PH Steel,Steel,x5 (14).jpg,0.8285842072971439,0.8980983274846204,0.986328125,metal_manet_edge4_effb0,Metal-MAnet RGB+Sobel (EfficientNet-B0),metallography,edge-aware,MAnet,tu-efficientnet_b0,edge4,8.671727,5.66304612159729
418-17-4ph-x5,418 Printed 17-4 PH Steel,Steel,x5 (15).jpg,0.8667549470405731,0.9252345409531273,0.9739312065972222,metal_manet_edge4_effb0,Metal-MAnet RGB+Sobel (EfficientNet-B0),metallography,edge-aware,MAnet,tu-efficientnet_b0,edge4,8.671727,5.66304612159729
418-17-4ph-x5,418 Printed 17-4 PH Steel,Steel,x5 (16).jpg,0.8511594408408234,0.9148834743410881,0.9749620225694444,metal_manet_edge4_effb0,Metal-MAnet RGB+Sobel (EfficientNet-B0),metallography,edge-aware,MAnet,tu-efficientnet_b0,edge4,8.671727,5.66304612159729
418-17-4ph-x5,418 Printed 17-4 PH Steel,Steel,x5 (17).jpg,0.8971988381017639,0.9441671462505725,0.9753146701388888,metal_manet_edge4_effb0,Metal-MAnet RGB+Sobel (EfficientNet-B0),metallography,edge-aware,MAnet,tu-efficientnet_b0,edge4,8.671727,5.66304612159729
418-17-4ph-x5,418 Printed 17-4 PH Steel,Steel,x5 (18).jpg,0.7610349480277185,0.8470888777670238,0.9768880208333334,metal_manet_edge4_effb0,Metal-MAnet RGB+Sobel (EfficientNet-B0),metallography,edge-aware,MAnet,tu-efficientnet_b0,edge4,8.671727,5.66304612159729
418-17-4ph-x5,418 Printed 17-4 PH Steel,Steel,x5 (19).jpg,0.7935160881282322,0.8725154420593154,0.9817979600694444,metal_manet_edge4_effb0,Metal-MAnet RGB+Sobel (EfficientNet-B0),metallography,edge-aware,MAnet,tu-efficientnet_b0,edge4,8.671727,5.66304612159729
418-17-4ph-x5,418 Printed 17-4 PH Steel,Steel,x5 (20).jpg,0.7923231211774233,0.8716728855797928,0.981201171875,metal_manet_edge4_effb0,Metal-MAnet RGB+Sobel (EfficientNet-B0),metallography,edge-aware,MAnet,tu-efficientnet_b0,edge4,8.671727,5.66304612159729
418-17-4ph-x5,418 Printed 17-4 PH Steel,Steel,x5 (21).jpg,0.7862699110787306,0.8664805325930455,0.9842122395833334,metal_manet_edge4_effb0,Metal-MAnet RGB+Sobel (EfficientNet-B0),metallography,edge-aware,MAnet,tu-efficientnet_b0,edge4,8.671727,5.66304612159729
418-17-4ph-x5,418 Printed 17-4 PH Steel,Steel,x5 (22).jpg,0.7783278402132412,0.8612352107579617,0.97705078125,metal_manet_edge4_effb0,Metal-MAnet RGB+Sobel (EfficientNet-B0),metallography,edge-aware,MAnet,tu-efficientnet_b0,edge4,8.671727,5.66304612159729
418-17-4ph-x5,418 Printed 17-4 PH Steel,Steel,x5 (23).jpg,0.8000204725372853,0.8773956105549563,0.9827473958333334,metal_manet_edge4_effb0,Metal-MAnet RGB+Sobel (EfficientNet-B0),metallography,edge-aware,MAnet,tu-efficientnet_b0,edge4,8.671727,5.66304612159729
418-17-4ph-x5,418 Printed 17-4 PH Steel,Steel,x5 (24).jpg,0.8046645495346105,0.8808805142129061,0.9831000434027778,metal_manet_edge4_effb0,Metal-MAnet RGB+Sobel (EfficientNet-B0),metallography,edge-aware,MAnet,tu-efficientnet_b0,edge4,8.671727,5.66304612159729
418-17-4ph-x5,418 Printed 17-4 PH Steel,Steel,x5 (25).jpg,0.7882589177072381,0.8684433017874609,0.9815538194444444,metal_manet_edge4_effb0,Metal-MAnet RGB+Sobel (EfficientNet-B0),metallography,edge-aware,MAnet,tu-efficientnet_b0,edge4,8.671727,5.66304612159729
5884-armor-steel,5884 Armor Steel,Steel,5884 x 5 (1).jpg,0.5948809839794929,0.7454361783937031,0.7481553819444444,metal_manet_edge4_effb0,Metal-MAnet RGB+Sobel (EfficientNet-B0),metallography,edge-aware,MAnet,tu-efficientnet_b0,edge4,8.671727,5.66304612159729
5884-armor-steel,5884 Armor Steel,Steel,5884 x 5 (2).jpg,0.6946211689061015,0.819794885322405,0.8197970920138888,metal_manet_edge4_effb0,Metal-MAnet RGB+Sobel (EfficientNet-B0),metallography,edge-aware,MAnet,tu-efficientnet_b0,edge4,8.671727,5.66304612159729
5884-armor-steel,5884 Armor Steel,Steel,5884 x 5 (3).jpg,0.693354621573632,0.8189094890886214,0.8189290364583334,metal_manet_edge4_effb0,Metal-MAnet RGB+Sobel (EfficientNet-B0),metallography,edge-aware,MAnet,tu-efficientnet_b0,edge4,8.671727,5.66304612159729
5884-armor-steel,5884 Armor Steel,Steel,5884 x 5 (4).jpg,0.6034468797478536,0.7509580110678067,0.7596299913194444,metal_manet_edge4_effb0,Metal-MAnet RGB+Sobel (EfficientNet-B0),metallography,edge-aware,MAnet,tu-efficientnet_b0,edge4,8.671727,5.66304612159729
5884-armor-steel,5884 Armor Steel,Steel,5884 x 5 (5).jpg,0.7054130504617513,0.8262466437257947,0.8331163194444444,metal_manet_edge4_effb0,Metal-MAnet RGB+Sobel (EfficientNet-B0),metallography,edge-aware,MAnet,tu-efficientnet_b0,edge4,8.671727,5.66304612159729
5884-armor-steel,5884 Armor Steel,Steel,5884 x 10 (1).jpg,0.7923107911666885,0.8840380396882785,0.8848470052083334,metal_manet_edge4_effb0,Metal-MAnet RGB+Sobel (EfficientNet-B0),metallography,edge-aware,MAnet,tu-efficientnet_b0,edge4,8.671727,5.66304612159729
5884-armor-steel,5884 Armor Steel,Steel,5884 x 10 (2).jpg,0.7998410325643814,0.8887888886656652,0.8888075086805556,metal_manet_edge4_effb0,Metal-MAnet RGB+Sobel (EfficientNet-B0),metallography,edge-aware,MAnet,tu-efficientnet_b0,edge4,8.671727,5.66304612159729
5884-armor-steel,5884 Armor Steel,Steel,5884 x 10 (3).jpg,0.7001897474350817,0.8210216161747266,0.8384060329861112,metal_manet_edge4_effb0,Metal-MAnet RGB+Sobel (EfficientNet-B0),metallography,edge-aware,MAnet,tu-efficientnet_b0,edge4,8.671727,5.66304612159729
5884-armor-steel,5884 Armor Steel,Steel,5884 x 10 (4).jpg,0.7971547922201191,0.8867554995810456,0.8904351128472222,metal_manet_edge4_effb0,Metal-MAnet RGB+Sobel (EfficientNet-B0),metallography,edge-aware,MAnet,tu-efficientnet_b0,edge4,8.671727,5.66304612159729
5884-armor-steel,5884 Armor Steel,Steel,5884 x 10 (5).jpg,0.6788329998017826,0.8072678294129074,0.8161078559027778,metal_manet_edge4_effb0,Metal-MAnet RGB+Sobel (EfficientNet-B0),metallography,edge-aware,MAnet,tu-efficientnet_b0,edge4,8.671727,5.66304612159729
5884-armor-steel,5884 Armor Steel,Steel,5884 x 10 (6).jpg,0.7384775146074144,0.848373137125846,0.8574490017361112,metal_manet_edge4_effb0,Metal-MAnet RGB+Sobel (EfficientNet-B0),metallography,edge-aware,MAnet,tu-efficientnet_b0,edge4,8.671727,5.66304612159729
5884-armor-steel,5884 Armor Steel,Steel,5884 x 20 (1).jpg,0.778243986682962,0.8687617741213642,0.9250759548611112,metal_manet_edge4_effb0,Metal-MAnet RGB+Sobel (EfficientNet-B0),metallography,edge-aware,MAnet,tu-efficientnet_b0,edge4,8.671727,5.66304612159729
5884-armor-steel,5884 Armor Steel,Steel,5884 x 20 (2).jpg,0.7933872833614581,0.8799390909656959,0.9252115885416666,metal_manet_edge4_effb0,Metal-MAnet RGB+Sobel (EfficientNet-B0),metallography,edge-aware,MAnet,tu-efficientnet_b0,edge4,8.671727,5.66304612159729
5884-armor-steel,5884 Armor Steel,Steel,5884 x 20 (3).jpg,0.8947147234487864,0.9444314372852074,0.9444444444444444,metal_manet_edge4_effb0,Metal-MAnet RGB+Sobel (EfficientNet-B0),metallography,edge-aware,MAnet,tu-efficientnet_b0,edge4,8.671727,5.66304612159729
5884-armor-steel,5884 Armor Steel,Steel,5884 x 20 (4).jpg,0.7953647797624823,0.8830841999638777,0.9111328125,metal_manet_edge4_effb0,Metal-MAnet RGB+Sobel (EfficientNet-B0),metallography,edge-aware,MAnet,tu-efficientnet_b0,edge4,8.671727,5.66304612159729
5884-armor-steel,5884 Armor Steel,Steel,5884 x 20 (5).jpg,0.8137062596172533,0.8959063205763486,0.9105360243055556,metal_manet_edge4_effb0,Metal-MAnet RGB+Sobel (EfficientNet-B0),metallography,edge-aware,MAnet,tu-efficientnet_b0,edge4,8.671727,5.66304612159729
5884-armor-steel,5884 Armor Steel,Steel,5884 x 20 (6).jpg,0.7031036396073944,0.8200278425113039,0.8570421006944444,metal_manet_edge4_effb0,Metal-MAnet RGB+Sobel (EfficientNet-B0),metallography,edge-aware,MAnet,tu-efficientnet_b0,edge4,8.671727,5.66304612159729
5884-armor-steel,5884 Armor Steel,Steel,5884 x 50 (1).jpg,0.4716705594334277,0.6235890599720224,0.687255859375,metal_manet_edge4_effb0,Metal-MAnet RGB+Sobel (EfficientNet-B0),metallography,edge-aware,MAnet,tu-efficientnet_b0,edge4,8.671727,5.66304612159729
5884-armor-steel,5884 Armor Steel,Steel,5884 x 50 (2).jpg,0.46947659684488724,0.6004877058971112,0.7352973090277778,metal_manet_edge4_effb0,Metal-MAnet RGB+Sobel (EfficientNet-B0),metallography,edge-aware,MAnet,tu-efficientnet_b0,edge4,8.671727,5.66304612159729
5884-armor-steel,5884 Armor Steel,Steel,5884 x 50 (3).jpg,0.3861397075843365,0.5350672080259846,0.6046278211805556,metal_manet_edge4_effb0,Metal-MAnet RGB+Sobel (EfficientNet-B0),metallography,edge-aware,MAnet,tu-efficientnet_b0,edge4,8.671727,5.66304612159729
5884-armor-steel,5884 Armor Steel,Steel,5884 x 50 (4).jpg,0.3766719444296362,0.5050598176078922,0.6324055989583334,metal_manet_edge4_effb0,Metal-MAnet RGB+Sobel (EfficientNet-B0),metallography,edge-aware,MAnet,tu-efficientnet_b0,edge4,8.671727,5.66304612159729
6280-cast-iron-high,6280 Gray Cast Iron,Cast Iron,6280 x 20 (1).jpg,0.5768388882471913,0.692818262269276,0.8580186631944444,metal_manet_edge4_effb0,Metal-MAnet RGB+Sobel (EfficientNet-B0),metallography,edge-aware,MAnet,tu-efficientnet_b0,edge4,8.671727,5.66304612159729
6280-cast-iron-high,6280 Gray Cast Iron,Cast Iron,6280 x 20 (2).jpg,0.5397757438558788,0.6494192758928059,0.8485514322916666,metal_manet_edge4_effb0,Metal-MAnet RGB+Sobel (EfficientNet-B0),metallography,edge-aware,MAnet,tu-efficientnet_b0,edge4,8.671727,5.66304612159729
6280-cast-iron-high,6280 Gray Cast Iron,Cast Iron,6280 x 20 (3).jpg,0.5583122056158435,0.676872871847104,0.8393825954861112,metal_manet_edge4_effb0,Metal-MAnet RGB+Sobel (EfficientNet-B0),metallography,edge-aware,MAnet,tu-efficientnet_b0,edge4,8.671727,5.66304612159729
6280-cast-iron-high,6280 Gray Cast Iron,Cast Iron,6280 x 20 (4).jpg,0.5800363336411127,0.694052181913958,0.8654513888888888,metal_manet_edge4_effb0,Metal-MAnet RGB+Sobel (EfficientNet-B0),metallography,edge-aware,MAnet,tu-efficientnet_b0,edge4,8.671727,5.66304612159729
6280-cast-iron-high,6280 Gray Cast Iron,Cast Iron,6280 x 20 (5).jpg,0.5384704637291062,0.6444885639441174,0.8561740451388888,metal_manet_edge4_effb0,Metal-MAnet RGB+Sobel (EfficientNet-B0),metallography,edge-aware,MAnet,tu-efficientnet_b0,edge4,8.671727,5.66304612159729
6280-cast-iron-high,6280 Gray Cast Iron,Cast Iron,6280 x 20 (6).jpg,0.5692745033842025,0.6820847086966595,0.8621690538194444,metal_manet_edge4_effb0,Metal-MAnet RGB+Sobel (EfficientNet-B0),metallography,edge-aware,MAnet,tu-efficientnet_b0,edge4,8.671727,5.66304612159729
6280-cast-iron-high,6280 Gray Cast Iron,Cast Iron,6280 x 20 (7).jpg,0.5597911045750877,0.6619940432073768,0.8828125,metal_manet_edge4_effb0,Metal-MAnet RGB+Sobel (EfficientNet-B0),metallography,edge-aware,MAnet,tu-efficientnet_b0,edge4,8.671727,5.66304612159729
6280-cast-iron-high,6280 Gray Cast Iron,Cast Iron,6280 x 20 (8).jpg,0.5966504570489252,0.7140048336604399,0.8640679253472222,metal_manet_edge4_effb0,Metal-MAnet RGB+Sobel (EfficientNet-B0),metallography,edge-aware,MAnet,tu-efficientnet_b0,edge4,8.671727,5.66304612159729
6280-cast-iron-high,6280 Gray Cast Iron,Cast Iron,6280 x 20 (9).jpg,0.5149184413827981,0.6104691452470443,0.8577745225694444,metal_manet_edge4_effb0,Metal-MAnet RGB+Sobel (EfficientNet-B0),metallography,edge-aware,MAnet,tu-efficientnet_b0,edge4,8.671727,5.66304612159729
6280-cast-iron-high,6280 Gray Cast Iron,Cast Iron,6280 x 20 (10).jpg,0.5672836893369662,0.6748909057955116,0.8746744791666666,metal_manet_edge4_effb0,Metal-MAnet RGB+Sobel (EfficientNet-B0),metallography,edge-aware,MAnet,tu-efficientnet_b0,edge4,8.671727,5.66304612159729
6280-cast-iron-low,6280 Gray Cast Iron,Cast Iron,6280 x 10 (1).jpg,0.4458740750473737,0.6128316866045289,0.6396484375,metal_manet_edge4_effb0,Metal-MAnet RGB+Sobel (EfficientNet-B0),metallography,edge-aware,MAnet,tu-efficientnet_b0,edge4,8.671727,5.66304612159729
6280-cast-iron-low,6280 Gray Cast Iron,Cast Iron,6280 x 10 (2).jpg,0.45728868251331006,0.6238522886559893,0.6443413628472222,metal_manet_edge4_effb0,Metal-MAnet RGB+Sobel (EfficientNet-B0),metallography,edge-aware,MAnet,tu-efficientnet_b0,edge4,8.671727,5.66304612159729
6280-cast-iron-low,6280 Gray Cast Iron,Cast Iron,6280 x 10 (3).jpg,0.443750575615759,0.60831481028134,0.6488444010416666,metal_manet_edge4_effb0,Metal-MAnet RGB+Sobel (EfficientNet-B0),metallography,edge-aware,MAnet,tu-efficientnet_b0,edge4,8.671727,5.66304612159729
6280-cast-iron-low,6280 Gray Cast Iron,Cast Iron,6280 x 10 (4).jpg,0.46040047550835417,0.6267038785264184,0.6528049045138888,metal_manet_edge4_effb0,Metal-MAnet RGB+Sobel (EfficientNet-B0),metallography,edge-aware,MAnet,tu-efficientnet_b0,edge4,8.671727,5.66304612159729
6280-cast-iron-low,6280 Gray Cast Iron,Cast Iron,6280 x 10 (5).jpg,0.406546878861391,0.5717895341448161,0.6252170138888888,metal_manet_edge4_effb0,Metal-MAnet RGB+Sobel (EfficientNet-B0),metallography,edge-aware,MAnet,tu-efficientnet_b0,edge4,8.671727,5.66304612159729
6280-cast-iron-low,6280 Gray Cast Iron,Cast Iron,6280 x 10 (6).jpg,0.4430872349052443,0.6100755327224405,0.6358235677083334,metal_manet_edge4_effb0,Metal-MAnet RGB+Sobel (EfficientNet-B0),metallography,edge-aware,MAnet,tu-efficientnet_b0,edge4,8.671727,5.66304612159729
6280-cast-iron-low,6280 Gray Cast Iron,Cast Iron,6280 x 10 (7).jpg,0.4678430966796412,0.6354610564527085,0.6410047743055556,metal_manet_edge4_effb0,Metal-MAnet RGB+Sobel (EfficientNet-B0),metallography,edge-aware,MAnet,tu-efficientnet_b0,edge4,8.671727,5.66304612159729
6280-cast-iron-low,6280 Gray Cast Iron,Cast Iron,6280 x 10 (8).jpg,0.46501847850033623,0.6320811938687867,0.6577419704861112,metal_manet_edge4_effb0,Metal-MAnet RGB+Sobel (EfficientNet-B0),metallography,edge-aware,MAnet,tu-efficientnet_b0,edge4,8.671727,5.66304612159729
6280-cast-iron-low,6280 Gray Cast Iron,Cast Iron,6280 x 10 (9).jpg,0.4279869129010323,0.5961914620990761,0.6264919704861112,metal_manet_edge4_effb0,Metal-MAnet RGB+Sobel (EfficientNet-B0),metallography,edge-aware,MAnet,tu-efficientnet_b0,edge4,8.671727,5.66304612159729
6280-cast-iron-low,6280 Gray Cast Iron,Cast Iron,6280 x 10 (10).jpg,0.43031973717013705,0.5995065918912993,0.62158203125,metal_manet_edge4_effb0,Metal-MAnet RGB+Sobel (EfficientNet-B0),metallography,edge-aware,MAnet,tu-efficientnet_b0,edge4,8.671727,5.66304612159729
6280-cast-iron-low,6280 Gray Cast Iron,Cast Iron,6280 x 10 (11).jpg,0.4331548712335181,0.6021435484120548,0.6259494357638888,metal_manet_edge4_effb0,Metal-MAnet RGB+Sobel (EfficientNet-B0),metallography,edge-aware,MAnet,tu-efficientnet_b0,edge4,8.671727,5.66304612159729
4130-steel,4130 Steel,Steel,4130 x 10 (1).jpg,0.7064651958351462,0.8277712637118896,0.8292371961805556,metal_unetpp_clahe_effb0,Metal-U-Net++ CLAHE (EfficientNet-B0),metallography,micrograph-contrast,UnetPlusPlus,tu-efficientnet_b0,clahe_rgb,6.067961,5.358087539672852
4130-steel,4130 Steel,Steel,4130 x 10 (2).jpg,0.5256225917581525,0.6887769689583398,0.6899685329861112,metal_unetpp_clahe_effb0,Metal-U-Net++ CLAHE (EfficientNet-B0),metallography,micrograph-contrast,UnetPlusPlus,tu-efficientnet_b0,clahe_rgb,6.067961,5.358087539672852
4130-steel,4130 Steel,Steel,4130 x 10 (3).jpg,0.5351071288923326,0.6969873859177298,0.6977267795138888,metal_unetpp_clahe_effb0,Metal-U-Net++ CLAHE (EfficientNet-B0),metallography,micrograph-contrast,UnetPlusPlus,tu-efficientnet_b0,clahe_rgb,6.067961,5.358087539672852
4130-steel,4130 Steel,Steel,4130 x 10 (4).jpg,0.5227897848368526,0.6865241374961513,0.6869303385416666,metal_unetpp_clahe_effb0,Metal-U-Net++ CLAHE (EfficientNet-B0),metallography,micrograph-contrast,UnetPlusPlus,tu-efficientnet_b0,clahe_rgb,6.067961,5.358087539672852
4130-steel,4130 Steel,Steel,4130 x 10 (5).jpg,0.5525080799602984,0.7097969593891464,0.7185329861111112,metal_unetpp_clahe_effb0,Metal-U-Net++ CLAHE (EfficientNet-B0),metallography,micrograph-contrast,UnetPlusPlus,tu-efficientnet_b0,clahe_rgb,6.067961,5.358087539672852
4130-steel,4130 Steel,Steel,4130 x 10 (6).jpg,0.7369837782881932,0.8482040878047987,0.8510470920138888,metal_unetpp_clahe_effb0,Metal-U-Net++ CLAHE (EfficientNet-B0),metallography,micrograph-contrast,UnetPlusPlus,tu-efficientnet_b0,clahe_rgb,6.067961,5.358087539672852
4130-steel,4130 Steel,Steel,4130 x 10 (7).jpg,0.7404718684825673,0.8506881723797239,0.8522135416666666,metal_unetpp_clahe_effb0,Metal-U-Net++ CLAHE (EfficientNet-B0),metallography,micrograph-contrast,UnetPlusPlus,tu-efficientnet_b0,clahe_rgb,6.067961,5.358087539672852
4130-steel,4130 Steel,Steel,4130 x 10 (8).jpg,0.7477491952447767,0.8556610962811997,0.8557400173611112,metal_unetpp_clahe_effb0,Metal-U-Net++ CLAHE (EfficientNet-B0),metallography,micrograph-contrast,UnetPlusPlus,tu-efficientnet_b0,clahe_rgb,6.067961,5.358087539672852
4130-steel,4130 Steel,Steel,4130 x 10 (9).jpg,0.7469801680024227,0.8550174213891307,0.856201171875,metal_unetpp_clahe_effb0,Metal-U-Net++ CLAHE (EfficientNet-B0),metallography,micrograph-contrast,UnetPlusPlus,tu-efficientnet_b0,clahe_rgb,6.067961,5.358087539672852
4130-steel,4130 Steel,Steel,4130 x 10 (10).jpg,0.7486794662205712,0.8562794233328471,0.8562825520833334,metal_unetpp_clahe_effb0,Metal-U-Net++ CLAHE (EfficientNet-B0),metallography,micrograph-contrast,UnetPlusPlus,tu-efficientnet_b0,clahe_rgb,6.067961,5.358087539672852
4130-steel,4130 Steel,Steel,4130 x 10 (11).jpg,0.7296565030458735,0.8436509832157153,0.8440212673611112,metal_unetpp_clahe_effb0,Metal-U-Net++ CLAHE (EfficientNet-B0),metallography,micrograph-contrast,UnetPlusPlus,tu-efficientnet_b0,clahe_rgb,6.067961,5.358087539672852
4130-steel,4130 Steel,Steel,4130 x 10 (12).jpg,0.7517713258824523,0.858272770027432,0.8584798177083334,metal_unetpp_clahe_effb0,Metal-U-Net++ CLAHE (EfficientNet-B0),metallography,micrograph-contrast,UnetPlusPlus,tu-efficientnet_b0,clahe_rgb,6.067961,5.358087539672852
4130-steel,4130 Steel,Steel,4130 x 10 (13).jpg,0.7222589412277074,0.8387261516522763,0.8387858072916666,metal_unetpp_clahe_effb0,Metal-U-Net++ CLAHE (EfficientNet-B0),metallography,micrograph-contrast,UnetPlusPlus,tu-efficientnet_b0,clahe_rgb,6.067961,5.358087539672852
4130-steel,4130 Steel,Steel,4130 x 10 (14).jpg,0.7457213345916798,0.8541615979190726,0.8555772569444444,metal_unetpp_clahe_effb0,Metal-U-Net++ CLAHE (EfficientNet-B0),metallography,micrograph-contrast,UnetPlusPlus,tu-efficientnet_b0,clahe_rgb,6.067961,5.358087539672852
4130-steel,4130 Steel,Steel,4130 x 10 (15).jpg,0.7081636357709373,0.829114247293463,0.8293728298611112,metal_unetpp_clahe_effb0,Metal-U-Net++ CLAHE (EfficientNet-B0),metallography,micrograph-contrast,UnetPlusPlus,tu-efficientnet_b0,clahe_rgb,6.067961,5.358087539672852
4130-steel,4130 Steel,Steel,4130 x 10 (16).jpg,0.6982096328991969,0.8222691625805074,0.8224012586805556,metal_unetpp_clahe_effb0,Metal-U-Net++ CLAHE (EfficientNet-B0),metallography,micrograph-contrast,UnetPlusPlus,tu-efficientnet_b0,clahe_rgb,6.067961,5.358087539672852
4130-steel,4130 Steel,Steel,4130 x 10 (17).jpg,0.7487414718372853,0.8561267672714107,0.857666015625,metal_unetpp_clahe_effb0,Metal-U-Net++ CLAHE (EfficientNet-B0),metallography,micrograph-contrast,UnetPlusPlus,tu-efficientnet_b0,clahe_rgb,6.067961,5.358087539672852
4130-steel,4130 Steel,Steel,4130 x 10 (18).jpg,0.7404093066107582,0.8508270305251757,0.8509657118055556,metal_unetpp_clahe_effb0,Metal-U-Net++ CLAHE (EfficientNet-B0),metallography,micrograph-contrast,UnetPlusPlus,tu-efficientnet_b0,clahe_rgb,6.067961,5.358087539672852
4130-steel,4130 Steel,Steel,4130 x 10 (19).jpg,0.7373587970119937,0.8487664700597899,0.8492296006944444,metal_unetpp_clahe_effb0,Metal-U-Net++ CLAHE (EfficientNet-B0),metallography,micrograph-contrast,UnetPlusPlus,tu-efficientnet_b0,clahe_rgb,6.067961,5.358087539672852
4130-steel,4130 Steel,Steel,4130 x 10 (20).jpg,0.7439783261553139,0.852938430954713,0.8549533420138888,metal_unetpp_clahe_effb0,Metal-U-Net++ CLAHE (EfficientNet-B0),metallography,micrograph-contrast,UnetPlusPlus,tu-efficientnet_b0,clahe_rgb,6.067961,5.358087539672852
4130-steel,4130 Steel,Steel,4130 x 20 (1).jpg,0.5754759628374173,0.7278530283659159,0.7404242621527778,metal_unetpp_clahe_effb0,Metal-U-Net++ CLAHE (EfficientNet-B0),metallography,micrograph-contrast,UnetPlusPlus,tu-efficientnet_b0,clahe_rgb,6.067961,5.358087539672852
4130-steel,4130 Steel,Steel,4130 x 20 (2).jpg,0.5489643207172119,0.706800392458325,0.7156846788194444,metal_unetpp_clahe_effb0,Metal-U-Net++ CLAHE (EfficientNet-B0),metallography,micrograph-contrast,UnetPlusPlus,tu-efficientnet_b0,clahe_rgb,6.067961,5.358087539672852
4130-steel,4130 Steel,Steel,4130 x 20 (3).jpg,0.5823631760204251,0.7346669840161043,0.7413465711805556,metal_unetpp_clahe_effb0,Metal-U-Net++ CLAHE (EfficientNet-B0),metallography,micrograph-contrast,UnetPlusPlus,tu-efficientnet_b0,clahe_rgb,6.067961,5.358087539672852
4130-steel,4130 Steel,Steel,4130 x 20 (4).jpg,0.47917993826512456,0.6418483157074021,0.664794921875,metal_unetpp_clahe_effb0,Metal-U-Net++ CLAHE (EfficientNet-B0),metallography,micrograph-contrast,UnetPlusPlus,tu-efficientnet_b0,clahe_rgb,6.067961,5.358087539672852
4130-steel,4130 Steel,Steel,4130 x 20 (5).jpg,0.8030112205769944,0.8907368787926115,0.8908148871527778,metal_unetpp_clahe_effb0,Metal-U-Net++ CLAHE (EfficientNet-B0),metallography,micrograph-contrast,UnetPlusPlus,tu-efficientnet_b0,clahe_rgb,6.067961,5.358087539672852
4130-steel,4130 Steel,Steel,4130 x 20 (6).jpg,0.8416261851697004,0.9140028508644604,0.9140082465277778,metal_unetpp_clahe_effb0,Metal-U-Net++ CLAHE (EfficientNet-B0),metallography,micrograph-contrast,UnetPlusPlus,tu-efficientnet_b0,clahe_rgb,6.067961,5.358087539672852
4130-steel,4130 Steel,Steel,4130 x 20 (7).jpg,0.841520584642176,0.913939884550218,0.9139539930555556,metal_unetpp_clahe_effb0,Metal-U-Net++ CLAHE (EfficientNet-B0),metallography,micrograph-contrast,UnetPlusPlus,tu-efficientnet_b0,clahe_rgb,6.067961,5.358087539672852
4130-steel,4130 Steel,Steel,4130 x 20 (8).jpg,0.8334623859790369,0.9091641419444418,0.9092068142361112,metal_unetpp_clahe_effb0,Metal-U-Net++ CLAHE (EfficientNet-B0),metallography,micrograph-contrast,UnetPlusPlus,tu-efficientnet_b0,clahe_rgb,6.067961,5.358087539672852
4130-steel,4130 Steel,Steel,4130 x 20 (9).jpg,0.8276643874771875,0.9057071630310145,0.9057074652777778,metal_unetpp_clahe_effb0,Metal-U-Net++ CLAHE (EfficientNet-B0),metallography,micrograph-contrast,UnetPlusPlus,tu-efficientnet_b0,clahe_rgb,6.067961,5.358087539672852
4130-steel,4130 Steel,Steel,4130 x 20 (10).jpg,0.8503665048651877,0.9191153233174088,0.9193522135416666,metal_unetpp_clahe_effb0,Metal-U-Net++ CLAHE (EfficientNet-B0),metallography,micrograph-contrast,UnetPlusPlus,tu-efficientnet_b0,clahe_rgb,6.067961,5.358087539672852
4130-steel,4130 Steel,Steel,4130 x 20 (11).jpg,0.8412605511841355,0.9137006937929943,0.914794921875,metal_unetpp_clahe_effb0,Metal-U-Net++ CLAHE (EfficientNet-B0),metallography,micrograph-contrast,UnetPlusPlus,tu-efficientnet_b0,clahe_rgb,6.067961,5.358087539672852
4130-steel,4130 Steel,Steel,4130 x 20 (12).jpg,0.8439693575588512,0.9153389291775602,0.9159071180555556,metal_unetpp_clahe_effb0,Metal-U-Net++ CLAHE (EfficientNet-B0),metallography,micrograph-contrast,UnetPlusPlus,tu-efficientnet_b0,clahe_rgb,6.067961,5.358087539672852
4130-steel,4130 Steel,Steel,4130 x 20 (13).jpg,0.8504648624015698,0.9191137899941682,0.9201388888888888,metal_unetpp_clahe_effb0,Metal-U-Net++ CLAHE (EfficientNet-B0),metallography,micrograph-contrast,UnetPlusPlus,tu-efficientnet_b0,clahe_rgb,6.067961,5.358087539672852
4130-steel,4130 Steel,Steel,4130 x 20 (14).jpg,0.8429762867252155,0.9147135755739159,0.9157986111111112,metal_unetpp_clahe_effb0,Metal-U-Net++ CLAHE (EfficientNet-B0),metallography,micrograph-contrast,UnetPlusPlus,tu-efficientnet_b0,clahe_rgb,6.067961,5.358087539672852
4130-steel,4130 Steel,Steel,4130 x 20 (15).jpg,0.8199671637109948,0.9010720407646855,0.9011501736111112,metal_unetpp_clahe_effb0,Metal-U-Net++ CLAHE (EfficientNet-B0),metallography,micrograph-contrast,UnetPlusPlus,tu-efficientnet_b0,clahe_rgb,6.067961,5.358087539672852
4130-steel,4130 Steel,Steel,4130 x 20 (16).jpg,0.7951998145124568,0.885910080176818,0.885986328125,metal_unetpp_clahe_effb0,Metal-U-Net++ CLAHE (EfficientNet-B0),metallography,micrograph-contrast,UnetPlusPlus,tu-efficientnet_b0,clahe_rgb,6.067961,5.358087539672852
4130-steel,4130 Steel,Steel,4130 x 20 (17).jpg,0.8134479051158703,0.8971138404066485,0.8972710503472222,metal_unetpp_clahe_effb0,Metal-U-Net++ CLAHE (EfficientNet-B0),metallography,micrograph-contrast,UnetPlusPlus,tu-efficientnet_b0,clahe_rgb,6.067961,5.358087539672852
4130-steel,4130 Steel,Steel,4130 x 20 (18).jpg,0.8287911667812784,0.9063149489912867,0.9070909288194444,metal_unetpp_clahe_effb0,Metal-U-Net++ CLAHE (EfficientNet-B0),metallography,micrograph-contrast,UnetPlusPlus,tu-efficientnet_b0,clahe_rgb,6.067961,5.358087539672852
4130-steel,4130 Steel,Steel,4130 x 20 (19).jpg,0.8309548248429044,0.9076273665891985,0.9081759982638888,metal_unetpp_clahe_effb0,Metal-U-Net++ CLAHE (EfficientNet-B0),metallography,micrograph-contrast,UnetPlusPlus,tu-efficientnet_b0,clahe_rgb,6.067961,5.358087539672852
4130-steel,4130 Steel,Steel,4130 x 20 (20).jpg,0.8069266745356376,0.8930873660437174,0.8937174479166666,metal_unetpp_clahe_effb0,Metal-U-Net++ CLAHE (EfficientNet-B0),metallography,micrograph-contrast,UnetPlusPlus,tu-efficientnet_b0,clahe_rgb,6.067961,5.358087539672852
418-17-4ph-x20,418 Printed 17-4 PH Steel,Steel,x20 (1).jpg,0.24494479438085393,0.38418323537887367,0.4086371527777778,metal_unetpp_clahe_effb0,Metal-U-Net++ CLAHE (EfficientNet-B0),metallography,micrograph-contrast,UnetPlusPlus,tu-efficientnet_b0,clahe_rgb,6.067961,5.358087539672852
418-17-4ph-x20,418 Printed 17-4 PH Steel,Steel,x20 (2).jpg,0.18088174364455786,0.3051307027096401,0.30810546875,metal_unetpp_clahe_effb0,Metal-U-Net++ CLAHE (EfficientNet-B0),metallography,micrograph-contrast,UnetPlusPlus,tu-efficientnet_b0,clahe_rgb,6.067961,5.358087539672852
418-17-4ph-x20,418 Printed 17-4 PH Steel,Steel,x20 (3).jpg,0.15245597743390435,0.2641430716194185,0.2651638454861111,metal_unetpp_clahe_effb0,Metal-U-Net++ CLAHE (EfficientNet-B0),metallography,micrograph-contrast,UnetPlusPlus,tu-efficientnet_b0,clahe_rgb,6.067961,5.358087539672852
418-17-4ph-x20,418 Printed 17-4 PH Steel,Steel,x20 (4).jpg,0.12764339010232523,0.2252679686445136,0.2278374565972222,metal_unetpp_clahe_effb0,Metal-U-Net++ CLAHE (EfficientNet-B0),metallography,micrograph-contrast,UnetPlusPlus,tu-efficientnet_b0,clahe_rgb,6.067961,5.358087539672852
418-17-4ph-x20,418 Printed 17-4 PH Steel,Steel,x20 (5).jpg,0.15748280218898053,0.2718984017314447,0.2724066840277778,metal_unetpp_clahe_effb0,Metal-U-Net++ CLAHE (EfficientNet-B0),metallography,micrograph-contrast,UnetPlusPlus,tu-efficientnet_b0,clahe_rgb,6.067961,5.358087539672852
418-17-4ph-x20,418 Printed 17-4 PH Steel,Steel,x20 (6).jpg,0.26132509997762127,0.40711553905145265,0.4265950520833333,metal_unetpp_clahe_effb0,Metal-U-Net++ CLAHE (EfficientNet-B0),metallography,micrograph-contrast,UnetPlusPlus,tu-efficientnet_b0,clahe_rgb,6.067961,5.358087539672852
418-17-4ph-x20,418 Printed 17-4 PH Steel,Steel,x20 (7).jpg,0.2949800052666151,0.44795679712042047,0.4693739149305556,metal_unetpp_clahe_effb0,Metal-U-Net++ CLAHE (EfficientNet-B0),metallography,micrograph-contrast,UnetPlusPlus,tu-efficientnet_b0,clahe_rgb,6.067961,5.358087539672852
418-17-4ph-x20,418 Printed 17-4 PH Steel,Steel,x20 (8).jpg,0.16906228466038278,0.2883404889912449,0.2904730902777778,metal_unetpp_clahe_effb0,Metal-U-Net++ CLAHE (EfficientNet-B0),metallography,micrograph-contrast,UnetPlusPlus,tu-efficientnet_b0,clahe_rgb,6.067961,5.358087539672852
418-17-4ph-x20,418 Printed 17-4 PH Steel,Steel,x20 (9).jpg,0.3350370696353552,0.48637290199608196,0.5321723090277778,metal_unetpp_clahe_effb0,Metal-U-Net++ CLAHE (EfficientNet-B0),metallography,micrograph-contrast,UnetPlusPlus,tu-efficientnet_b0,clahe_rgb,6.067961,5.358087539672852
418-17-4ph-x20,418 Printed 17-4 PH Steel,Steel,x20 (10).jpg,0.21023552235420112,0.344184657713433,0.3523763020833333,metal_unetpp_clahe_effb0,Metal-U-Net++ CLAHE (EfficientNet-B0),metallography,micrograph-contrast,UnetPlusPlus,tu-efficientnet_b0,clahe_rgb,6.067961,5.358087539672852
418-17-4ph-x20,418 Printed 17-4 PH Steel,Steel,x20 (11).jpg,0.5054943636260878,0.5377575467444798,0.9609375,metal_unetpp_clahe_effb0,Metal-U-Net++ CLAHE (EfficientNet-B0),metallography,micrograph-contrast,UnetPlusPlus,tu-efficientnet_b0,clahe_rgb,6.067961,5.358087539672852
418-17-4ph-x20,418 Printed 17-4 PH Steel,Steel,x20 (12).jpg,0.5091130982139779,0.5400356547302454,0.967529296875,metal_unetpp_clahe_effb0,Metal-U-Net++ CLAHE (EfficientNet-B0),metallography,micrograph-contrast,UnetPlusPlus,tu-efficientnet_b0,clahe_rgb,6.067961,5.358087539672852
418-17-4ph-x20,418 Printed 17-4 PH Steel,Steel,x20 (13).jpg,0.5315081932425196,0.5706409353045703,0.9816351996527778,metal_unetpp_clahe_effb0,Metal-U-Net++ CLAHE (EfficientNet-B0),metallography,micrograph-contrast,UnetPlusPlus,tu-efficientnet_b0,clahe_rgb,6.067961,5.358087539672852
418-17-4ph-x20,418 Printed 17-4 PH Steel,Steel,x20 (14).jpg,0.5105226363622027,0.5371072870660534,0.9759114583333334,metal_unetpp_clahe_effb0,Metal-U-Net++ CLAHE (EfficientNet-B0),metallography,micrograph-contrast,UnetPlusPlus,tu-efficientnet_b0,clahe_rgb,6.067961,5.358087539672852
418-17-4ph-x20,418 Printed 17-4 PH Steel,Steel,x20 (15).jpg,0.5076068047023552,0.533460033735762,0.9733344184027778,metal_unetpp_clahe_effb0,Metal-U-Net++ CLAHE (EfficientNet-B0),metallography,micrograph-contrast,UnetPlusPlus,tu-efficientnet_b0,clahe_rgb,6.067961,5.358087539672852
418-17-4ph-x20,418 Printed 17-4 PH Steel,Steel,x20 (16).jpg,0.5045404078022335,0.5312205091027268,0.9682074652777778,metal_unetpp_clahe_effb0,Metal-U-Net++ CLAHE (EfficientNet-B0),metallography,micrograph-contrast,UnetPlusPlus,tu-efficientnet_b0,clahe_rgb,6.067961,5.358087539672852
418-17-4ph-x20,418 Printed 17-4 PH Steel,Steel,x20 (17).jpg,0.5360912035539139,0.5810959507042254,0.97705078125,metal_unetpp_clahe_effb0,Metal-U-Net++ CLAHE (EfficientNet-B0),metallography,micrograph-contrast,UnetPlusPlus,tu-efficientnet_b0,clahe_rgb,6.067961,5.358087539672852
418-17-4ph-x20,418 Printed 17-4 PH Steel,Steel,x20 (18).jpg,0.5033250203322881,0.5274714957137027,0.9704318576388888,metal_unetpp_clahe_effb0,Metal-U-Net++ CLAHE (EfficientNet-B0),metallography,micrograph-contrast,UnetPlusPlus,tu-efficientnet_b0,clahe_rgb,6.067961,5.358087539672852
418-17-4ph-x20,418 Printed 17-4 PH Steel,Steel,x20 (19).jpg,0.49728620217245934,0.5139170896899409,0.9735243055555556,metal_unetpp_clahe_effb0,Metal-U-Net++ CLAHE (EfficientNet-B0),metallography,micrograph-contrast,UnetPlusPlus,tu-efficientnet_b0,clahe_rgb,6.067961,5.358087539672852
418-17-4ph-x20,418 Printed 17-4 PH Steel,Steel,x20 (20).jpg,0.2986923275734413,0.4599021563125715,0.4601508246527778,metal_unetpp_clahe_effb0,Metal-U-Net++ CLAHE (EfficientNet-B0),metallography,micrograph-contrast,UnetPlusPlus,tu-efficientnet_b0,clahe_rgb,6.067961,5.358087539672852
418-17-4ph-x20,418 Printed 17-4 PH Steel,Steel,x20 (21).jpg,0.2958254086144231,0.45595418496402573,0.4577365451388889,metal_unetpp_clahe_effb0,Metal-U-Net++ CLAHE (EfficientNet-B0),metallography,micrograph-contrast,UnetPlusPlus,tu-efficientnet_b0,clahe_rgb,6.067961,5.358087539672852
418-17-4ph-x5,418 Printed 17-4 PH Steel,Steel,x5 (1).jpg,0.7732411730961979,0.8572691342470764,0.9761827256944444,metal_unetpp_clahe_effb0,Metal-U-Net++ CLAHE (EfficientNet-B0),metallography,micrograph-contrast,UnetPlusPlus,tu-efficientnet_b0,clahe_rgb,6.067961,5.358087539672852
418-17-4ph-x5,418 Printed 17-4 PH Steel,Steel,x5 (2).jpg,0.7943596249975906,0.8744211894978602,0.9727918836805556,metal_unetpp_clahe_effb0,Metal-U-Net++ CLAHE (EfficientNet-B0),metallography,micrograph-contrast,UnetPlusPlus,tu-efficientnet_b0,clahe_rgb,6.067961,5.358087539672852
418-17-4ph-x5,418 Printed 17-4 PH Steel,Steel,x5 (3).jpg,0.7735998121911909,0.8567098293294744,0.9814995659722222,metal_unetpp_clahe_effb0,Metal-U-Net++ CLAHE (EfficientNet-B0),metallography,micrograph-contrast,UnetPlusPlus,tu-efficientnet_b0,clahe_rgb,6.067961,5.358087539672852
418-17-4ph-x5,418 Printed 17-4 PH Steel,Steel,x5 (4).jpg,0.7596222115946534,0.8473742019461716,0.9683430989583334,metal_unetpp_clahe_effb0,Metal-U-Net++ CLAHE (EfficientNet-B0),metallography,micrograph-contrast,UnetPlusPlus,tu-efficientnet_b0,clahe_rgb,6.067961,5.358087539672852
418-17-4ph-x5,418 Printed 17-4 PH Steel,Steel,x5 (5).jpg,0.8451513483188127,0.9120341427510035,0.9620496961805556,metal_unetpp_clahe_effb0,Metal-U-Net++ CLAHE (EfficientNet-B0),metallography,micrograph-contrast,UnetPlusPlus,tu-efficientnet_b0,clahe_rgb,6.067961,5.358087539672852
418-17-4ph-x5,418 Printed 17-4 PH Steel,Steel,x5 (6).jpg,0.7633592358236617,0.8515893148043783,0.9615614149305556,metal_unetpp_clahe_effb0,Metal-U-Net++ CLAHE (EfficientNet-B0),metallography,micrograph-contrast,UnetPlusPlus,tu-efficientnet_b0,clahe_rgb,6.067961,5.358087539672852
418-17-4ph-x5,418 Printed 17-4 PH Steel,Steel,x5 (7).jpg,0.7649718483295723,0.8506483529934944,0.9752332899305556,metal_unetpp_clahe_effb0,Metal-U-Net++ CLAHE (EfficientNet-B0),metallography,micrograph-contrast,UnetPlusPlus,tu-efficientnet_b0,clahe_rgb,6.067961,5.358087539672852
418-17-4ph-x5,418 Printed 17-4 PH Steel,Steel,x5 (8).jpg,0.7552908331661552,0.8417543936962351,0.9796006944444444,metal_unetpp_clahe_effb0,Metal-U-Net++ CLAHE (EfficientNet-B0),metallography,micrograph-contrast,UnetPlusPlus,tu-efficientnet_b0,clahe_rgb,6.067961,5.358087539672852
418-17-4ph-x5,418 Printed 17-4 PH Steel,Steel,x5 (9).jpg,0.7778379309883549,0.8605641985669098,0.9788411458333334,metal_unetpp_clahe_effb0,Metal-U-Net++ CLAHE (EfficientNet-B0),metallography,micrograph-contrast,UnetPlusPlus,tu-efficientnet_b0,clahe_rgb,6.067961,5.358087539672852
418-17-4ph-x5,418 Printed 17-4 PH Steel,Steel,x5 (10).jpg,0.7754923464863244,0.858692939476805,0.9787055121527778,metal_unetpp_clahe_effb0,Metal-U-Net++ CLAHE (EfficientNet-B0),metallography,micrograph-contrast,UnetPlusPlus,tu-efficientnet_b0,clahe_rgb,6.067961,5.358087539672852
418-17-4ph-x5,418 Printed 17-4 PH Steel,Steel,x5 (11).jpg,0.7577992593306448,0.8448466258814802,0.9741482204861112,metal_unetpp_clahe_effb0,Metal-U-Net++ CLAHE (EfficientNet-B0),metallography,micrograph-contrast,UnetPlusPlus,tu-efficientnet_b0,clahe_rgb,6.067961,5.358087539672852
418-17-4ph-x5,418 Printed 17-4 PH Steel,Steel,x5 (12).jpg,0.7864480345842458,0.8674840611047847,0.9783799913194444,metal_unetpp_clahe_effb0,Metal-U-Net++ CLAHE (EfficientNet-B0),metallography,micrograph-contrast,UnetPlusPlus,tu-efficientnet_b0,clahe_rgb,6.067961,5.358087539672852
418-17-4ph-x5,418 Printed 17-4 PH Steel,Steel,x5 (13).jpg,0.7472891070977475,0.8347561622975522,0.9801161024305556,metal_unetpp_clahe_effb0,Metal-U-Net++ CLAHE (EfficientNet-B0),metallography,micrograph-contrast,UnetPlusPlus,tu-efficientnet_b0,clahe_rgb,6.067961,5.358087539672852
418-17-4ph-x5,418 Printed 17-4 PH Steel,Steel,x5 (14).jpg,0.7894262091199677,0.8695522855021723,0.980224609375,metal_unetpp_clahe_effb0,Metal-U-Net++ CLAHE (EfficientNet-B0),metallography,micrograph-contrast,UnetPlusPlus,tu-efficientnet_b0,clahe_rgb,6.067961,5.358087539672852
418-17-4ph-x5,418 Printed 17-4 PH Steel,Steel,x5 (15).jpg,0.8237407052849551,0.8973469611515916,0.9618598090277778,metal_unetpp_clahe_effb0,Metal-U-Net++ CLAHE (EfficientNet-B0),metallography,micrograph-contrast,UnetPlusPlus,tu-efficientnet_b0,clahe_rgb,6.067961,5.358087539672852
418-17-4ph-x5,418 Printed 17-4 PH Steel,Steel,x5 (16).jpg,0.7861916208681065,0.8703282321616665,0.9571940104166666,metal_unetpp_clahe_effb0,Metal-U-Net++ CLAHE (EfficientNet-B0),metallography,micrograph-contrast,UnetPlusPlus,tu-efficientnet_b0,clahe_rgb,6.067961,5.358087539672852
418-17-4ph-x5,418 Printed 17-4 PH Steel,Steel,x5 (17).jpg,0.8521684805853914,0.9167466450142665,0.9614800347222222,metal_unetpp_clahe_effb0,Metal-U-Net++ CLAHE (EfficientNet-B0),metallography,micrograph-contrast,UnetPlusPlus,tu-efficientnet_b0,clahe_rgb,6.067961,5.358087539672852
418-17-4ph-x5,418 Printed 17-4 PH Steel,Steel,x5 (18).jpg,0.7188401260222134,0.8119722634156776,0.9664713541666666,metal_unetpp_clahe_effb0,Metal-U-Net++ CLAHE (EfficientNet-B0),metallography,micrograph-contrast,UnetPlusPlus,tu-efficientnet_b0,clahe_rgb,6.067961,5.358087539672852
418-17-4ph-x5,418 Printed 17-4 PH Steel,Steel,x5 (19).jpg,0.7591178559168683,0.845809054561115,0.9749891493055556,metal_unetpp_clahe_effb0,Metal-U-Net++ CLAHE (EfficientNet-B0),metallography,micrograph-contrast,UnetPlusPlus,tu-efficientnet_b0,clahe_rgb,6.067961,5.358087539672852
418-17-4ph-x5,418 Printed 17-4 PH Steel,Steel,x5 (20).jpg,0.7586723174396804,0.8455808649561382,0.9741482204861112,metal_unetpp_clahe_effb0,Metal-U-Net++ CLAHE (EfficientNet-B0),metallography,micrograph-contrast,UnetPlusPlus,tu-efficientnet_b0,clahe_rgb,6.067961,5.358087539672852
418-17-4ph-x5,418 Printed 17-4 PH Steel,Steel,x5 (21).jpg,0.7341482638846681,0.8239199396188353,0.9760470920138888,metal_unetpp_clahe_effb0,Metal-U-Net++ CLAHE (EfficientNet-B0),metallography,micrograph-contrast,UnetPlusPlus,tu-efficientnet_b0,clahe_rgb,6.067961,5.358087539672852
418-17-4ph-x5,418 Printed 17-4 PH Steel,Steel,x5 (22).jpg,0.7351894423518592,0.8263353874328365,0.9686143663194444,metal_unetpp_clahe_effb0,Metal-U-Net++ CLAHE (EfficientNet-B0),metallography,micrograph-contrast,UnetPlusPlus,tu-efficientnet_b0,clahe_rgb,6.067961,5.358087539672852
418-17-4ph-x5,418 Printed 17-4 PH Steel,Steel,x5 (23).jpg,0.7509605871481777,0.8389680399161576,0.9745279947916666,metal_unetpp_clahe_effb0,Metal-U-Net++ CLAHE (EfficientNet-B0),metallography,micrograph-contrast,UnetPlusPlus,tu-efficientnet_b0,clahe_rgb,6.067961,5.358087539672852
418-17-4ph-x5,418 Printed 17-4 PH Steel,Steel,x5 (24).jpg,0.7735414869491346,0.8573096628848429,0.9774576822916666,metal_unetpp_clahe_effb0,Metal-U-Net++ CLAHE (EfficientNet-B0),metallography,micrograph-contrast,UnetPlusPlus,tu-efficientnet_b0,clahe_rgb,6.067961,5.358087539672852
418-17-4ph-x5,418 Printed 17-4 PH Steel,Steel,x5 (25).jpg,0.7406426836241662,0.8302355202328007,0.9733072916666666,metal_unetpp_clahe_effb0,Metal-U-Net++ CLAHE (EfficientNet-B0),metallography,micrograph-contrast,UnetPlusPlus,tu-efficientnet_b0,clahe_rgb,6.067961,5.358087539672852
5884-armor-steel,5884 Armor Steel,Steel,5884 x 5 (1).jpg,0.4235448392414496,0.5918586952450438,0.6028917100694444,metal_unetpp_clahe_effb0,Metal-U-Net++ CLAHE (EfficientNet-B0),metallography,micrograph-contrast,UnetPlusPlus,tu-efficientnet_b0,clahe_rgb,6.067961,5.358087539672852
5884-armor-steel,5884 Armor Steel,Steel,5884 x 5 (2).jpg,0.5743701994508412,0.7283897004369525,0.7342936197916666,metal_unetpp_clahe_effb0,Metal-U-Net++ CLAHE (EfficientNet-B0),metallography,micrograph-contrast,UnetPlusPlus,tu-efficientnet_b0,clahe_rgb,6.067961,5.358087539672852
5884-armor-steel,5884 Armor Steel,Steel,5884 x 5 (3).jpg,0.5548305697309643,0.7126364158838963,0.7173394097222222,metal_unetpp_clahe_effb0,Metal-U-Net++ CLAHE (EfficientNet-B0),metallography,micrograph-contrast,UnetPlusPlus,tu-efficientnet_b0,clahe_rgb,6.067961,5.358087539672852
5884-armor-steel,5884 Armor Steel,Steel,5884 x 5 (4).jpg,0.48765604227108666,0.6479748279680488,0.6772732204861112,metal_unetpp_clahe_effb0,Metal-U-Net++ CLAHE (EfficientNet-B0),metallography,micrograph-contrast,UnetPlusPlus,tu-efficientnet_b0,clahe_rgb,6.067961,5.358087539672852
5884-armor-steel,5884 Armor Steel,Steel,5884 x 5 (5).jpg,0.47649411556167487,0.6452522300940278,0.6459689670138888,metal_unetpp_clahe_effb0,Metal-U-Net++ CLAHE (EfficientNet-B0),metallography,micrograph-contrast,UnetPlusPlus,tu-efficientnet_b0,clahe_rgb,6.067961,5.358087539672852
5884-armor-steel,5884 Armor Steel,Steel,5884 x 10 (1).jpg,0.6134307194114729,0.7598620247859695,0.7626681857638888,metal_unetpp_clahe_effb0,Metal-U-Net++ CLAHE (EfficientNet-B0),metallography,micrograph-contrast,UnetPlusPlus,tu-efficientnet_b0,clahe_rgb,6.067961,5.358087539672852
5884-armor-steel,5884 Armor Steel,Steel,5884 x 10 (2).jpg,0.6513200886854191,0.7878526686985707,0.7935384114583334,metal_unetpp_clahe_effb0,Metal-U-Net++ CLAHE (EfficientNet-B0),metallography,micrograph-contrast,UnetPlusPlus,tu-efficientnet_b0,clahe_rgb,6.067961,5.358087539672852
5884-armor-steel,5884 Armor Steel,Steel,5884 x 10 (3).jpg,0.6685770762499281,0.7958461271360062,0.8284505208333334,metal_unetpp_clahe_effb0,Metal-U-Net++ CLAHE (EfficientNet-B0),metallography,micrograph-contrast,UnetPlusPlus,tu-efficientnet_b0,clahe_rgb,6.067961,5.358087539672852
5884-armor-steel,5884 Armor Steel,Steel,5884 x 10 (4).jpg,0.7073528435346567,0.8264699732804177,0.8408474392361112,metal_unetpp_clahe_effb0,Metal-U-Net++ CLAHE (EfficientNet-B0),metallography,micrograph-contrast,UnetPlusPlus,tu-efficientnet_b0,clahe_rgb,6.067961,5.358087539672852
5884-armor-steel,5884 Armor Steel,Steel,5884 x 10 (5).jpg,0.6587701866320628,0.7910429969834561,0.809814453125,metal_unetpp_clahe_effb0,Metal-U-Net++ CLAHE (EfficientNet-B0),metallography,micrograph-contrast,UnetPlusPlus,tu-efficientnet_b0,clahe_rgb,6.067961,5.358087539672852
5884-armor-steel,5884 Armor Steel,Steel,5884 x 10 (6).jpg,0.6281691717249789,0.7641355989602422,0.8033854166666666,metal_unetpp_clahe_effb0,Metal-U-Net++ CLAHE (EfficientNet-B0),metallography,micrograph-contrast,UnetPlusPlus,tu-efficientnet_b0,clahe_rgb,6.067961,5.358087539672852
5884-armor-steel,5884 Armor Steel,Steel,5884 x 20 (1).jpg,0.5096038329366759,0.6629115009414793,0.7114529079861112,metal_unetpp_clahe_effb0,Metal-U-Net++ CLAHE (EfficientNet-B0),metallography,micrograph-contrast,UnetPlusPlus,tu-efficientnet_b0,clahe_rgb,6.067961,5.358087539672852
5884-armor-steel,5884 Armor Steel,Steel,5884 x 20 (2).jpg,0.5334133850521393,0.686116016242181,0.726318359375,metal_unetpp_clahe_effb0,Metal-U-Net++ CLAHE (EfficientNet-B0),metallography,micrograph-contrast,UnetPlusPlus,tu-efficientnet_b0,clahe_rgb,6.067961,5.358087539672852
5884-armor-steel,5884 Armor Steel,Steel,5884 x 20 (3).jpg,0.7591972494736916,0.862760335753912,0.86572265625,metal_unetpp_clahe_effb0,Metal-U-Net++ CLAHE (EfficientNet-B0),metallography,micrograph-contrast,UnetPlusPlus,tu-efficientnet_b0,clahe_rgb,6.067961,5.358087539672852
5884-armor-steel,5884 Armor Steel,Steel,5884 x 20 (4).jpg,0.5480516340828936,0.7044511195308796,0.7202419704861112,metal_unetpp_clahe_effb0,Metal-U-Net++ CLAHE (EfficientNet-B0),metallography,micrograph-contrast,UnetPlusPlus,tu-efficientnet_b0,clahe_rgb,6.067961,5.358087539672852
5884-armor-steel,5884 Armor Steel,Steel,5884 x 20 (5).jpg,0.5755577356864503,0.7299499853163562,0.7330457899305556,metal_unetpp_clahe_effb0,Metal-U-Net++ CLAHE (EfficientNet-B0),metallography,micrograph-contrast,UnetPlusPlus,tu-efficientnet_b0,clahe_rgb,6.067961,5.358087539672852
5884-armor-steel,5884 Armor Steel,Steel,5884 x 20 (6).jpg,0.484104123461777,0.6521171309050097,0.6531575520833334,metal_unetpp_clahe_effb0,Metal-U-Net++ CLAHE (EfficientNet-B0),metallography,micrograph-contrast,UnetPlusPlus,tu-efficientnet_b0,clahe_rgb,6.067961,5.358087539672852
5884-armor-steel,5884 Armor Steel,Steel,5884 x 50 (1).jpg,0.4353437845076395,0.5828285963712256,0.6636013454861112,metal_unetpp_clahe_effb0,Metal-U-Net++ CLAHE (EfficientNet-B0),metallography,micrograph-contrast,UnetPlusPlus,tu-efficientnet_b0,clahe_rgb,6.067961,5.358087539672852
5884-armor-steel,5884 Armor Steel,Steel,5884 x 50 (2).jpg,0.43453820597019543,0.5561319512570035,0.7177734375,metal_unetpp_clahe_effb0,Metal-U-Net++ CLAHE (EfficientNet-B0),metallography,micrograph-contrast,UnetPlusPlus,tu-efficientnet_b0,clahe_rgb,6.067961,5.358087539672852
5884-armor-steel,5884 Armor Steel,Steel,5884 x 50 (3).jpg,0.2990634193034519,0.415584545473382,0.5371636284722222,metal_unetpp_clahe_effb0,Metal-U-Net++ CLAHE (EfficientNet-B0),metallography,micrograph-contrast,UnetPlusPlus,tu-efficientnet_b0,clahe_rgb,6.067961,5.358087539672852
5884-armor-steel,5884 Armor Steel,Steel,5884 x 50 (4).jpg,0.3320040343343378,0.4393714612147233,0.6039767795138888,metal_unetpp_clahe_effb0,Metal-U-Net++ CLAHE (EfficientNet-B0),metallography,micrograph-contrast,UnetPlusPlus,tu-efficientnet_b0,clahe_rgb,6.067961,5.358087539672852
6280-cast-iron-high,6280 Gray Cast Iron,Cast Iron,6280 x 20 (1).jpg,0.5829147211432826,0.6962354640235129,0.8690863715277778,metal_unetpp_clahe_effb0,Metal-U-Net++ CLAHE (EfficientNet-B0),metallography,micrograph-contrast,UnetPlusPlus,tu-efficientnet_b0,clahe_rgb,6.067961,5.358087539672852
6280-cast-iron-high,6280 Gray Cast Iron,Cast Iron,6280 x 20 (2).jpg,0.5369796327124335,0.6466689116178916,0.8461371527777778,metal_unetpp_clahe_effb0,Metal-U-Net++ CLAHE (EfficientNet-B0),metallography,micrograph-contrast,UnetPlusPlus,tu-efficientnet_b0,clahe_rgb,6.067961,5.358087539672852
6280-cast-iron-high,6280 Gray Cast Iron,Cast Iron,6280 x 20 (3).jpg,0.5399831989573787,0.6532264547383834,0.8398708767361112,metal_unetpp_clahe_effb0,Metal-U-Net++ CLAHE (EfficientNet-B0),metallography,micrograph-contrast,UnetPlusPlus,tu-efficientnet_b0,clahe_rgb,6.067961,5.358087539672852
6280-cast-iron-high,6280 Gray Cast Iron,Cast Iron,6280 x 20 (4).jpg,0.5909562636038183,0.7042216174933816,0.8736436631944444,metal_unetpp_clahe_effb0,Metal-U-Net++ CLAHE (EfficientNet-B0),metallography,micrograph-contrast,UnetPlusPlus,tu-efficientnet_b0,clahe_rgb,6.067961,5.358087539672852
6280-cast-iron-high,6280 Gray Cast Iron,Cast Iron,6280 x 20 (5).jpg,0.5401362727450466,0.6466867840053787,0.8563096788194444,metal_unetpp_clahe_effb0,Metal-U-Net++ CLAHE (EfficientNet-B0),metallography,micrograph-contrast,UnetPlusPlus,tu-efficientnet_b0,clahe_rgb,6.067961,5.358087539672852
6280-cast-iron-high,6280 Gray Cast Iron,Cast Iron,6280 x 20 (6).jpg,0.5778763268528703,0.6899287818281339,0.8696831597222222,metal_unetpp_clahe_effb0,Metal-U-Net++ CLAHE (EfficientNet-B0),metallography,micrograph-contrast,UnetPlusPlus,tu-efficientnet_b0,clahe_rgb,6.067961,5.358087539672852
6280-cast-iron-high,6280 Gray Cast Iron,Cast Iron,6280 x 20 (7).jpg,0.5912796056244949,0.6980072137482204,0.8926323784722222,metal_unetpp_clahe_effb0,Metal-U-Net++ CLAHE (EfficientNet-B0),metallography,micrograph-contrast,UnetPlusPlus,tu-efficientnet_b0,clahe_rgb,6.067961,5.358087539672852
6280-cast-iron-high,6280 Gray Cast Iron,Cast Iron,6280 x 20 (8).jpg,0.5906079726865243,0.7047512636058706,0.8708767361111112,metal_unetpp_clahe_effb0,Metal-U-Net++ CLAHE (EfficientNet-B0),metallography,micrograph-contrast,UnetPlusPlus,tu-efficientnet_b0,clahe_rgb,6.067961,5.358087539672852
6280-cast-iron-high,6280 Gray Cast Iron,Cast Iron,6280 x 20 (9).jpg,0.540759609251459,0.6456291345696162,0.86083984375,metal_unetpp_clahe_effb0,Metal-U-Net++ CLAHE (EfficientNet-B0),metallography,micrograph-contrast,UnetPlusPlus,tu-efficientnet_b0,clahe_rgb,6.067961,5.358087539672852
6280-cast-iron-high,6280 Gray Cast Iron,Cast Iron,6280 x 20 (10).jpg,0.5920125870738109,0.7018760843936716,0.8841145833333334,metal_unetpp_clahe_effb0,Metal-U-Net++ CLAHE (EfficientNet-B0),metallography,micrograph-contrast,UnetPlusPlus,tu-efficientnet_b0,clahe_rgb,6.067961,5.358087539672852
6280-cast-iron-low,6280 Gray Cast Iron,Cast Iron,6280 x 10 (1).jpg,0.48470253417852405,0.6479078924251616,0.6893446180555556,metal_unetpp_clahe_effb0,Metal-U-Net++ CLAHE (EfficientNet-B0),metallography,micrograph-contrast,UnetPlusPlus,tu-efficientnet_b0,clahe_rgb,6.067961,5.358087539672852
6280-cast-iron-low,6280 Gray Cast Iron,Cast Iron,6280 x 10 (2).jpg,0.48659181423653336,0.6496375906256007,0.6892361111111112,metal_unetpp_clahe_effb0,Metal-U-Net++ CLAHE (EfficientNet-B0),metallography,micrograph-contrast,UnetPlusPlus,tu-efficientnet_b0,clahe_rgb,6.067961,5.358087539672852
6280-cast-iron-low,6280 Gray Cast Iron,Cast Iron,6280 x 10 (3).jpg,0.4829003308637312,0.6433735711888646,0.7054578993055556,metal_unetpp_clahe_effb0,Metal-U-Net++ CLAHE (EfficientNet-B0),metallography,micrograph-contrast,UnetPlusPlus,tu-efficientnet_b0,clahe_rgb,6.067961,5.358087539672852
6280-cast-iron-low,6280 Gray Cast Iron,Cast Iron,6280 x 10 (4).jpg,0.49635566192090796,0.6587677727327633,0.70166015625,metal_unetpp_clahe_effb0,Metal-U-Net++ CLAHE (EfficientNet-B0),metallography,micrograph-contrast,UnetPlusPlus,tu-efficientnet_b0,clahe_rgb,6.067961,5.358087539672852
6280-cast-iron-low,6280 Gray Cast Iron,Cast Iron,6280 x 10 (5).jpg,0.3989245185261532,0.5636799107774983,0.6155056423611112,metal_unetpp_clahe_effb0,Metal-U-Net++ CLAHE (EfficientNet-B0),metallography,micrograph-contrast,UnetPlusPlus,tu-efficientnet_b0,clahe_rgb,6.067961,5.358087539672852
6280-cast-iron-low,6280 Gray Cast Iron,Cast Iron,6280 x 10 (6).jpg,0.4848253098726793,0.648599768318077,0.6830240885416666,metal_unetpp_clahe_effb0,Metal-U-Net++ CLAHE (EfficientNet-B0),metallography,micrograph-contrast,UnetPlusPlus,tu-efficientnet_b0,clahe_rgb,6.067961,5.358087539672852
6280-cast-iron-low,6280 Gray Cast Iron,Cast Iron,6280 x 10 (7).jpg,0.4925645270012527,0.6565416721553813,0.6844075520833334,metal_unetpp_clahe_effb0,Metal-U-Net++ CLAHE (EfficientNet-B0),metallography,micrograph-contrast,UnetPlusPlus,tu-efficientnet_b0,clahe_rgb,6.067961,5.358087539672852
6280-cast-iron-low,6280 Gray Cast Iron,Cast Iron,6280 x 10 (8).jpg,0.4761824813565374,0.6396223587365991,0.6842447916666666,metal_unetpp_clahe_effb0,Metal-U-Net++ CLAHE (EfficientNet-B0),metallography,micrograph-contrast,UnetPlusPlus,tu-efficientnet_b0,clahe_rgb,6.067961,5.358087539672852
6280-cast-iron-low,6280 Gray Cast Iron,Cast Iron,6280 x 10 (9).jpg,0.41740937929975913,0.5840342118489662,0.6210123697916666,metal_unetpp_clahe_effb0,Metal-U-Net++ CLAHE (EfficientNet-B0),metallography,micrograph-contrast,UnetPlusPlus,tu-efficientnet_b0,clahe_rgb,6.067961,5.358087539672852
6280-cast-iron-low,6280 Gray Cast Iron,Cast Iron,6280 x 10 (10).jpg,0.4413080034536688,0.6081300643210706,0.6431749131944444,metal_unetpp_clahe_effb0,Metal-U-Net++ CLAHE (EfficientNet-B0),metallography,micrograph-contrast,UnetPlusPlus,tu-efficientnet_b0,clahe_rgb,6.067961,5.358087539672852
6280-cast-iron-low,6280 Gray Cast Iron,Cast Iron,6280 x 10 (11).jpg,0.43115543009795904,0.5984412225693828,0.6259223090277778,metal_unetpp_clahe_effb0,Metal-U-Net++ CLAHE (EfficientNet-B0),metallography,micrograph-contrast,UnetPlusPlus,tu-efficientnet_b0,clahe_rgb,6.067961,5.358087539672852
4130-steel,4130 Steel,Steel,4130 x 10 (1).jpg,0.29797297166532627,0.4185454772280023,0.5289442274305556,metal_mlography_unet_vgg16_gray,MLography U-Net (2022-style),metallography,metallography-original,Unet,vgg16,gray,23.748829,9.41649842262268
4130-steel,4130 Steel,Steel,4130 x 10 (2).jpg,0.2647935890627491,0.37390175921899116,0.4902886284722222,metal_mlography_unet_vgg16_gray,MLography U-Net (2022-style),metallography,metallography-original,Unet,vgg16,gray,23.748829,9.41649842262268
4130-steel,4130 Steel,Steel,4130 x 10 (3).jpg,0.27884140876503705,0.3971436746020464,0.5006781684027778,metal_mlography_unet_vgg16_gray,MLography U-Net (2022-style),metallography,metallography-original,Unet,vgg16,gray,23.748829,9.41649842262268
4130-steel,4130 Steel,Steel,4130 x 10 (4).jpg,0.27667350502991067,0.3975559751050316,0.4929741753472222,metal_mlography_unet_vgg16_gray,MLography U-Net (2022-style),metallography,metallography-original,Unet,vgg16,gray,23.748829,9.41649842262268
4130-steel,4130 Steel,Steel,4130 x 10 (5).jpg,0.22289760382662047,0.3277472016008122,0.4192708333333333,metal_mlography_unet_vgg16_gray,MLography U-Net (2022-style),metallography,metallography-original,Unet,vgg16,gray,23.748829,9.41649842262268
4130-steel,4130 Steel,Steel,4130 x 10 (6).jpg,0.23561317102315354,0.34130710556832144,0.4421929253472222,metal_mlography_unet_vgg16_gray,MLography U-Net (2022-style),metallography,metallography-original,Unet,vgg16,gray,23.748829,9.41649842262268
4130-steel,4130 Steel,Steel,4130 x 10 (7).jpg,0.24298556500230345,0.34872469941036593,0.4558376736111111,metal_mlography_unet_vgg16_gray,MLography U-Net (2022-style),metallography,metallography-original,Unet,vgg16,gray,23.748829,9.41649842262268
4130-steel,4130 Steel,Steel,4130 x 10 (8).jpg,0.26523720399700723,0.3704418242520021,0.496826171875,metal_mlography_unet_vgg16_gray,MLography U-Net (2022-style),metallography,metallography-original,Unet,vgg16,gray,23.748829,9.41649842262268
4130-steel,4130 Steel,Steel,4130 x 10 (9).jpg,0.2481666403937916,0.3538842792194735,0.4653862847222222,metal_mlography_unet_vgg16_gray,MLography U-Net (2022-style),metallography,metallography-original,Unet,vgg16,gray,23.748829,9.41649842262268
4130-steel,4130 Steel,Steel,4130 x 10 (10).jpg,0.27418445899702126,0.3801998838299241,0.5113118489583334,metal_mlography_unet_vgg16_gray,MLography U-Net (2022-style),metallography,metallography-original,Unet,vgg16,gray,23.748829,9.41649842262268
4130-steel,4130 Steel,Steel,4130 x 10 (11).jpg,0.2867270397970048,0.39053404391751034,0.5361328125,metal_mlography_unet_vgg16_gray,MLography U-Net (2022-style),metallography,metallography-original,Unet,vgg16,gray,23.748829,9.41649842262268
4130-steel,4130 Steel,Steel,4130 x 10 (12).jpg,0.2866050267451341,0.3912174740308183,0.5347222222222222,metal_mlography_unet_vgg16_gray,MLography U-Net (2022-style),metallography,metallography-original,Unet,vgg16,gray,23.748829,9.41649842262268
4130-steel,4130 Steel,Steel,4130 x 10 (13).jpg,0.27879355502675107,0.3830147555032621,0.5219455295138888,metal_mlography_unet_vgg16_gray,MLography U-Net (2022-style),metallography,metallography-original,Unet,vgg16,gray,23.748829,9.41649842262268
4130-steel,4130 Steel,Steel,4130 x 10 (14).jpg,0.3039605079947268,0.4075408249855486,0.5652398003472222,metal_mlography_unet_vgg16_gray,MLography U-Net (2022-style),metallography,metallography-original,Unet,vgg16,gray,23.748829,9.41649842262268
4130-steel,4130 Steel,Steel,4130 x 10 (15).jpg,0.2862050307458602,0.39090763976038806,0.5339084201388888,metal_mlography_unet_vgg16_gray,MLography U-Net (2022-style),metallography,metallography-original,Unet,vgg16,gray,23.748829,9.41649842262268
4130-steel,4130 Steel,Steel,4130 x 10 (16).jpg,0.2653762236739584,0.3710444398502073,0.4963921440972222,metal_mlography_unet_vgg16_gray,MLography U-Net (2022-style),metallography,metallography-original,Unet,vgg16,gray,23.748829,9.41649842262268
4130-steel,4130 Steel,Steel,4130 x 10 (17).jpg,0.30419074346247643,0.4073771098722584,0.5662163628472222,metal_mlography_unet_vgg16_gray,MLography U-Net (2022-style),metallography,metallography-original,Unet,vgg16,gray,23.748829,9.41649842262268
4130-steel,4130 Steel,Steel,4130 x 10 (18).jpg,0.2809379101144107,0.3850855107578784,0.5257432725694444,metal_mlography_unet_vgg16_gray,MLography U-Net (2022-style),metallography,metallography-original,Unet,vgg16,gray,23.748829,9.41649842262268
4130-steel,4130 Steel,Steel,4130 x 10 (19).jpg,0.26439951525895183,0.3736057798876826,0.4894476996527778,metal_mlography_unet_vgg16_gray,MLography U-Net (2022-style),metallography,metallography-original,Unet,vgg16,gray,23.748829,9.41649842262268
4130-steel,4130 Steel,Steel,4130 x 10 (20).jpg,0.23983988910028228,0.34582996807682204,0.4496527777777778,metal_mlography_unet_vgg16_gray,MLography U-Net (2022-style),metallography,metallography-original,Unet,vgg16,gray,23.748829,9.41649842262268
4130-steel,4130 Steel,Steel,4130 x 20 (1).jpg,0.3276402072506425,0.4923267097617602,0.4960123697916667,metal_mlography_unet_vgg16_gray,MLography U-Net (2022-style),metallography,metallography-original,Unet,vgg16,gray,23.748829,9.41649842262268
4130-steel,4130 Steel,Steel,4130 x 20 (2).jpg,0.31674732195878263,0.47887895754757903,0.4853786892361111,metal_mlography_unet_vgg16_gray,MLography U-Net (2022-style),metallography,metallography-original,Unet,vgg16,gray,23.748829,9.41649842262268
4130-steel,4130 Steel,Steel,4130 x 20 (3).jpg,0.31707534575819823,0.4774644138986629,0.4891764322916667,metal_mlography_unet_vgg16_gray,MLography U-Net (2022-style),metallography,metallography-original,Unet,vgg16,gray,23.748829,9.41649842262268
4130-steel,4130 Steel,Steel,4130 x 20 (4).jpg,0.28693687787151856,0.44576401396800786,0.4462076822916667,metal_mlography_unet_vgg16_gray,MLography U-Net (2022-style),metallography,metallography-original,Unet,vgg16,gray,23.748829,9.41649842262268
4130-steel,4130 Steel,Steel,4130 x 20 (5).jpg,0.26135197666698523,0.36617947953373825,0.490478515625,metal_mlography_unet_vgg16_gray,MLography U-Net (2022-style),metallography,metallography-original,Unet,vgg16,gray,23.748829,9.41649842262268
4130-steel,4130 Steel,Steel,4130 x 20 (6).jpg,0.27118424733807156,0.37927325538901696,0.5030110677083334,metal_mlography_unet_vgg16_gray,MLography U-Net (2022-style),metallography,metallography-original,Unet,vgg16,gray,23.748829,9.41649842262268
4130-steel,4130 Steel,Steel,4130 x 20 (7).jpg,0.27585245207492354,0.38175106481154203,0.5143771701388888,metal_mlography_unet_vgg16_gray,MLography U-Net (2022-style),metallography,metallography-original,Unet,vgg16,gray,23.748829,9.41649842262268
4130-steel,4130 Steel,Steel,4130 x 20 (8).jpg,0.26539627063331134,0.3719007873708642,0.4951985677083333,metal_mlography_unet_vgg16_gray,MLography U-Net (2022-style),metallography,metallography-original,Unet,vgg16,gray,23.748829,9.41649842262268
4130-steel,4130 Steel,Steel,4130 x 20 (9).jpg,0.2686910438133212,0.37377436578971546,0.5030924479166666,metal_mlography_unet_vgg16_gray,MLography U-Net (2022-style),metallography,metallography-original,Unet,vgg16,gray,23.748829,9.41649842262268
4130-steel,4130 Steel,Steel,4130 x 20 (10).jpg,0.2862308971428061,0.3915787285249791,0.5329861111111112,metal_mlography_unet_vgg16_gray,MLography U-Net (2022-style),metallography,metallography-original,Unet,vgg16,gray,23.748829,9.41649842262268
4130-steel,4130 Steel,Steel,4130 x 20 (11).jpg,0.3050282423669751,0.4101636520241171,0.5646158854166666,metal_mlography_unet_vgg16_gray,MLography U-Net (2022-style),metallography,metallography-original,Unet,vgg16,gray,23.748829,9.41649842262268
4130-steel,4130 Steel,Steel,4130 x 20 (12).jpg,0.2926292738359878,0.39662088842955645,0.5458170572916666,metal_mlography_unet_vgg16_gray,MLography U-Net (2022-style),metallography,metallography-original,Unet,vgg16,gray,23.748829,9.41649842262268
4130-steel,4130 Steel,Steel,4130 x 20 (13).jpg,0.2999220824953315,0.40231229866639456,0.5603841145833334,metal_mlography_unet_vgg16_gray,MLography U-Net (2022-style),metallography,metallography-original,Unet,vgg16,gray,23.748829,9.41649842262268
4130-steel,4130 Steel,Steel,4130 x 20 (14).jpg,0.300575048491288,0.40344748890607035,0.5607367621527778,metal_mlography_unet_vgg16_gray,MLography U-Net (2022-style),metallography,metallography-original,Unet,vgg16,gray,23.748829,9.41649842262268
4130-steel,4130 Steel,Steel,4130 x 20 (15).jpg,0.27540890437078686,0.379247875820156,0.5166558159722222,metal_mlography_unet_vgg16_gray,MLography U-Net (2022-style),metallography,metallography-original,Unet,vgg16,gray,23.748829,9.41649842262268
4130-steel,4130 Steel,Steel,4130 x 20 (16).jpg,0.25879320628900304,0.36359134304764346,0.4859483506944444,metal_mlography_unet_vgg16_gray,MLography U-Net (2022-style),metallography,metallography-original,Unet,vgg16,gray,23.748829,9.41649842262268
4130-steel,4130 Steel,Steel,4130 x 20 (17).jpg,0.2597601428703102,0.36496444554590335,0.4870876736111111,metal_mlography_unet_vgg16_gray,MLography U-Net (2022-style),metallography,metallography-original,Unet,vgg16,gray,23.748829,9.41649842262268
4130-steel,4130 Steel,Steel,4130 x 20 (18).jpg,0.24462709405738423,0.3528006925187628,0.4553493923611111,metal_mlography_unet_vgg16_gray,MLography U-Net (2022-style),metallography,metallography-original,Unet,vgg16,gray,23.748829,9.41649842262268
4130-steel,4130 Steel,Steel,4130 x 20 (19).jpg,0.24715265863767363,0.3531075369618574,0.4631890190972222,metal_mlography_unet_vgg16_gray,MLography U-Net (2022-style),metallography,metallography-original,Unet,vgg16,gray,23.748829,9.41649842262268
4130-steel,4130 Steel,Steel,4130 x 20 (20).jpg,0.2467776063078332,0.3527263634151227,0.4625108506944444,metal_mlography_unet_vgg16_gray,MLography U-Net (2022-style),metallography,metallography-original,Unet,vgg16,gray,23.748829,9.41649842262268
418-17-4ph-x20,418 Printed 17-4 PH Steel,Steel,x20 (1).jpg,0.3715034507236786,0.5413846979150362,0.5425347222222222,metal_mlography_unet_vgg16_gray,MLography U-Net (2022-style),metallography,metallography-original,Unet,vgg16,gray,23.748829,9.41649842262268
418-17-4ph-x20,418 Printed 17-4 PH Steel,Steel,x20 (2).jpg,0.27382891100131157,0.4254095862945547,0.4377983940972222,metal_mlography_unet_vgg16_gray,MLography U-Net (2022-style),metallography,metallography-original,Unet,vgg16,gray,23.748829,9.41649842262268
418-17-4ph-x20,418 Printed 17-4 PH Steel,Steel,x20 (3).jpg,0.25792440303737924,0.4020200510151644,0.4235568576388889,metal_mlography_unet_vgg16_gray,MLography U-Net (2022-style),metallography,metallography-original,Unet,vgg16,gray,23.748829,9.41649842262268
418-17-4ph-x20,418 Printed 17-4 PH Steel,Steel,x20 (4).jpg,0.23884935899332832,0.378137696698442,0.3975965711805556,metal_mlography_unet_vgg16_gray,MLography U-Net (2022-style),metallography,metallography-original,Unet,vgg16,gray,23.748829,9.41649842262268
418-17-4ph-x20,418 Printed 17-4 PH Steel,Steel,x20 (5).jpg,0.23208482318172474,0.3714660539760347,0.3851182725694444,metal_mlography_unet_vgg16_gray,MLography U-Net (2022-style),metallography,metallography-original,Unet,vgg16,gray,23.748829,9.41649842262268
418-17-4ph-x20,418 Printed 17-4 PH Steel,Steel,x20 (6).jpg,0.32589359449046096,0.4915657853315991,0.4916178385416667,metal_mlography_unet_vgg16_gray,MLography U-Net (2022-style),metallography,metallography-original,Unet,vgg16,gray,23.748829,9.41649842262268
418-17-4ph-x20,418 Printed 17-4 PH Steel,Steel,x20 (7).jpg,0.32133200734155376,0.48595420432756986,0.4871961805555556,metal_mlography_unet_vgg16_gray,MLography U-Net (2022-style),metallography,metallography-original,Unet,vgg16,gray,23.748829,9.41649842262268
418-17-4ph-x20,418 Printed 17-4 PH Steel,Steel,x20 (8).jpg,0.26636857319969753,0.4152718255446086,0.429931640625,metal_mlography_unet_vgg16_gray,MLography U-Net (2022-style),metallography,metallography-original,Unet,vgg16,gray,23.748829,9.41649842262268
418-17-4ph-x20,418 Printed 17-4 PH Steel,Steel,x20 (9).jpg,0.3322968320805866,0.496771473452127,0.5029296875,metal_mlography_unet_vgg16_gray,MLography U-Net (2022-style),metallography,metallography-original,Unet,vgg16,gray,23.748829,9.41649842262268
418-17-4ph-x20,418 Printed 17-4 PH Steel,Steel,x20 (10).jpg,0.30134798150459996,0.4615824090018531,0.4660101996527778,metal_mlography_unet_vgg16_gray,MLography U-Net (2022-style),metallography,metallography-original,Unet,vgg16,gray,23.748829,9.41649842262268
418-17-4ph-x20,418 Printed 17-4 PH Steel,Steel,x20 (11).jpg,0.4432463668337844,0.48484885489028573,0.8653971354166666,metal_mlography_unet_vgg16_gray,MLography U-Net (2022-style),metallography,metallography-original,Unet,vgg16,gray,23.748829,9.41649842262268
418-17-4ph-x20,418 Printed 17-4 PH Steel,Steel,x20 (12).jpg,0.43526513668354333,0.47304887807311025,0.8598361545138888,metal_mlography_unet_vgg16_gray,MLography U-Net (2022-style),metallography,metallography-original,Unet,vgg16,gray,23.748829,9.41649842262268
418-17-4ph-x20,418 Printed 17-4 PH Steel,Steel,x20 (13).jpg,0.35573465765268375,0.41993608500313023,0.7055392795138888,metal_mlography_unet_vgg16_gray,MLography U-Net (2022-style),metallography,metallography-original,Unet,vgg16,gray,23.748829,9.41649842262268
418-17-4ph-x20,418 Printed 17-4 PH Steel,Steel,x20 (14).jpg,0.4290132600567411,0.46792424705967034,0.8494737413194444,metal_mlography_unet_vgg16_gray,MLography U-Net (2022-style),metallography,metallography-original,Unet,vgg16,gray,23.748829,9.41649842262268
418-17-4ph-x20,418 Printed 17-4 PH Steel,Steel,x20 (15).jpg,0.4345284114104919,0.4733841138553941,0.8572862413194444,metal_mlography_unet_vgg16_gray,MLography U-Net (2022-style),metallography,metallography-original,Unet,vgg16,gray,23.748829,9.41649842262268
418-17-4ph-x20,418 Printed 17-4 PH Steel,Steel,x20 (16).jpg,0.44574654013115206,0.48077646147078545,0.8782823350694444,metal_mlography_unet_vgg16_gray,MLography U-Net (2022-style),metallography,metallography-original,Unet,vgg16,gray,23.748829,9.41649842262268
418-17-4ph-x20,418 Printed 17-4 PH Steel,Steel,x20 (17).jpg,0.45469288774196376,0.4824810220632638,0.9007975260416666,metal_mlography_unet_vgg16_gray,MLography U-Net (2022-style),metallography,metallography-original,Unet,vgg16,gray,23.748829,9.41649842262268
418-17-4ph-x20,418 Printed 17-4 PH Steel,Steel,x20 (18).jpg,0.4344569152513193,0.47238185553975026,0.8585069444444444,metal_mlography_unet_vgg16_gray,MLography U-Net (2022-style),metallography,metallography-original,Unet,vgg16,gray,23.748829,9.41649842262268
418-17-4ph-x20,418 Printed 17-4 PH Steel,Steel,x20 (19).jpg,0.41755653918110475,0.4622826737150328,0.8250054253472222,metal_mlography_unet_vgg16_gray,MLography U-Net (2022-style),metallography,metallography-original,Unet,vgg16,gray,23.748829,9.41649842262268
418-17-4ph-x20,418 Printed 17-4 PH Steel,Steel,x20 (20).jpg,0.24447498893482883,0.3301076228047373,0.4866265190972222,metal_mlography_unet_vgg16_gray,MLography U-Net (2022-style),metallography,metallography-original,Unet,vgg16,gray,23.748829,9.41649842262268
418-17-4ph-x20,418 Printed 17-4 PH Steel,Steel,x20 (21).jpg,0.27641793563072314,0.35824654968596176,0.5497775607638888,metal_mlography_unet_vgg16_gray,MLography U-Net (2022-style),metallography,metallography-original,Unet,vgg16,gray,23.748829,9.41649842262268
418-17-4ph-x5,418 Printed 17-4 PH Steel,Steel,x5 (1).jpg,0.7532292934092567,0.8401283264815281,0.9788411458333334,metal_mlography_unet_vgg16_gray,MLography U-Net (2022-style),metallography,metallography-original,Unet,vgg16,gray,23.748829,9.41649842262268
418-17-4ph-x5,418 Printed 17-4 PH Steel,Steel,x5 (2).jpg,0.7946082292313139,0.8738392111099822,0.9783799913194444,metal_mlography_unet_vgg16_gray,MLography U-Net (2022-style),metallography,metallography-original,Unet,vgg16,gray,23.748829,9.41649842262268
418-17-4ph-x5,418 Printed 17-4 PH Steel,Steel,x5 (3).jpg,0.7672860974115034,0.8509050569703405,0.9851345486111112,metal_mlography_unet_vgg16_gray,MLography U-Net (2022-style),metallography,metallography-original,Unet,vgg16,gray,23.748829,9.41649842262268
418-17-4ph-x5,418 Printed 17-4 PH Steel,Steel,x5 (4).jpg,0.6844722757074206,0.7777735785467782,0.9697808159722222,metal_mlography_unet_vgg16_gray,MLography U-Net (2022-style),metallography,metallography-original,Unet,vgg16,gray,23.748829,9.41649842262268
418-17-4ph-x5,418 Printed 17-4 PH Steel,Steel,x5 (5).jpg,0.8615007984866075,0.9219750689682455,0.9720323350694444,metal_mlography_unet_vgg16_gray,MLography U-Net (2022-style),metallography,metallography-original,Unet,vgg16,gray,23.748829,9.41649842262268
418-17-4ph-x5,418 Printed 17-4 PH Steel,Steel,x5 (6).jpg,0.7059076834095346,0.799815276585336,0.9664171006944444,metal_mlography_unet_vgg16_gray,MLography U-Net (2022-style),metallography,metallography-original,Unet,vgg16,gray,23.748829,9.41649842262268
418-17-4ph-x5,418 Printed 17-4 PH Steel,Steel,x5 (7).jpg,0.7558161775483327,0.8422509799517044,0.9793294270833334,metal_mlography_unet_vgg16_gray,MLography U-Net (2022-style),metallography,metallography-original,Unet,vgg16,gray,23.748829,9.41649842262268
418-17-4ph-x5,418 Printed 17-4 PH Steel,Steel,x5 (8).jpg,0.7695982944787698,0.8528166891617418,0.9851888020833334,metal_mlography_unet_vgg16_gray,MLography U-Net (2022-style),metallography,metallography-original,Unet,vgg16,gray,23.748829,9.41649842262268
418-17-4ph-x5,418 Printed 17-4 PH Steel,Steel,x5 (9).jpg,0.784704292908903,0.8653061706252644,0.9837510850694444,metal_mlography_unet_vgg16_gray,MLography U-Net (2022-style),metallography,metallography-original,Unet,vgg16,gray,23.748829,9.41649842262268
418-17-4ph-x5,418 Printed 17-4 PH Steel,Steel,x5 (10).jpg,0.7882431226743732,0.8679852452424255,0.9845920138888888,metal_mlography_unet_vgg16_gray,MLography U-Net (2022-style),metallography,metallography-original,Unet,vgg16,gray,23.748829,9.41649842262268
418-17-4ph-x5,418 Printed 17-4 PH Steel,Steel,x5 (11).jpg,0.7490957042399953,0.8364950092509035,0.9792209201388888,metal_mlography_unet_vgg16_gray,MLography U-Net (2022-style),metallography,metallography-original,Unet,vgg16,gray,23.748829,9.41649842262268
418-17-4ph-x5,418 Printed 17-4 PH Steel,Steel,x5 (12).jpg,0.7614033658371726,0.8466993605676529,0.9809299045138888,metal_mlography_unet_vgg16_gray,MLography U-Net (2022-style),metallography,metallography-original,Unet,vgg16,gray,23.748829,9.41649842262268
418-17-4ph-x5,418 Printed 17-4 PH Steel,Steel,x5 (13).jpg,0.7756801283703163,0.8575930952105263,0.986572265625,metal_mlography_unet_vgg16_gray,MLography U-Net (2022-style),metallography,metallography-original,Unet,vgg16,gray,23.748829,9.41649842262268
418-17-4ph-x5,418 Printed 17-4 PH Steel,Steel,x5 (14).jpg,0.7798888201740597,0.8615066386153493,0.9833984375,metal_mlography_unet_vgg16_gray,MLography U-Net (2022-style),metallography,metallography-original,Unet,vgg16,gray,23.748829,9.41649842262268
418-17-4ph-x5,418 Printed 17-4 PH Steel,Steel,x5 (15).jpg,0.8652060340915557,0.9242212318555009,0.9740668402777778,metal_mlography_unet_vgg16_gray,MLography U-Net (2022-style),metallography,metallography-original,Unet,vgg16,gray,23.748829,9.41649842262268
418-17-4ph-x5,418 Printed 17-4 PH Steel,Steel,x5 (16).jpg,0.7648073601722003,0.852518152504916,0.9631076388888888,metal_mlography_unet_vgg16_gray,MLography U-Net (2022-style),metallography,metallography-original,Unet,vgg16,gray,23.748829,9.41649842262268
418-17-4ph-x5,418 Printed 17-4 PH Steel,Steel,x5 (17).jpg,0.848900480942371,0.9141965478625669,0.9658203125,metal_mlography_unet_vgg16_gray,MLography U-Net (2022-style),metallography,metallography-original,Unet,vgg16,gray,23.748829,9.41649842262268
418-17-4ph-x5,418 Printed 17-4 PH Steel,Steel,x5 (18).jpg,0.7260477719679581,0.8165858786234336,0.9759385850694444,metal_mlography_unet_vgg16_gray,MLography U-Net (2022-style),metallography,metallography-original,Unet,vgg16,gray,23.748829,9.41649842262268
418-17-4ph-x5,418 Printed 17-4 PH Steel,Steel,x5 (19).jpg,0.7489189928845101,0.8363468296645149,0.9791937934027778,metal_mlography_unet_vgg16_gray,MLography U-Net (2022-style),metallography,metallography-original,Unet,vgg16,gray,23.748829,9.41649842262268
418-17-4ph-x5,418 Printed 17-4 PH Steel,Steel,x5 (20).jpg,0.7491723812432327,0.8366321934674741,0.9788411458333334,metal_mlography_unet_vgg16_gray,MLography U-Net (2022-style),metallography,metallography-original,Unet,vgg16,gray,23.748829,9.41649842262268
418-17-4ph-x5,418 Printed 17-4 PH Steel,Steel,x5 (21).jpg,0.7416240613464944,0.8293959070469523,0.9820692274305556,metal_mlography_unet_vgg16_gray,MLography U-Net (2022-style),metallography,metallography-original,Unet,vgg16,gray,23.748829,9.41649842262268
418-17-4ph-x5,418 Printed 17-4 PH Steel,Steel,x5 (22).jpg,0.7220617695623567,0.8133350999704201,0.9739583333333334,metal_mlography_unet_vgg16_gray,MLography U-Net (2022-style),metallography,metallography-original,Unet,vgg16,gray,23.748829,9.41649842262268
418-17-4ph-x5,418 Printed 17-4 PH Steel,Steel,x5 (23).jpg,0.7605622582815772,0.8460192750562714,0.9807671440972222,metal_mlography_unet_vgg16_gray,MLography U-Net (2022-style),metallography,metallography-original,Unet,vgg16,gray,23.748829,9.41649842262268
418-17-4ph-x5,418 Printed 17-4 PH Steel,Steel,x5 (24).jpg,0.7541340914122794,0.8407411726722795,0.979736328125,metal_mlography_unet_vgg16_gray,MLography U-Net (2022-style),metallography,metallography-original,Unet,vgg16,gray,23.748829,9.41649842262268
418-17-4ph-x5,418 Printed 17-4 PH Steel,Steel,x5 (25).jpg,0.747402718296643,0.8349319644327209,0.9797092013888888,metal_mlography_unet_vgg16_gray,MLography U-Net (2022-style),metallography,metallography-original,Unet,vgg16,gray,23.748829,9.41649842262268
5884-armor-steel,5884 Armor Steel,Steel,5884 x 5 (1).jpg,0.31959268773552246,0.41620870539574834,0.6011555989583334,metal_mlography_unet_vgg16_gray,MLography U-Net (2022-style),metallography,metallography-original,Unet,vgg16,gray,23.748829,9.41649842262268
5884-armor-steel,5884 Armor Steel,Steel,5884 x 5 (2).jpg,0.2949282446689444,0.3926790581132827,0.5589735243055556,metal_mlography_unet_vgg16_gray,MLography U-Net (2022-style),metallography,metallography-original,Unet,vgg16,gray,23.748829,9.41649842262268
5884-armor-steel,5884 Armor Steel,Steel,5884 x 5 (3).jpg,0.40000757799168596,0.5368947083318578,0.6460232204861112,metal_mlography_unet_vgg16_gray,MLography U-Net (2022-style),metallography,metallography-original,Unet,vgg16,gray,23.748829,9.41649842262268
5884-armor-steel,5884 Armor Steel,Steel,5884 x 5 (4).jpg,0.6106821502061661,0.7557966806502618,0.7685004340277778,metal_mlography_unet_vgg16_gray,MLography U-Net (2022-style),metallography,metallography-original,Unet,vgg16,gray,23.748829,9.41649842262268
5884-armor-steel,5884 Armor Steel,Steel,5884 x 5 (5).jpg,0.5229272986094463,0.6628506861303842,0.7575954861111112,metal_mlography_unet_vgg16_gray,MLography U-Net (2022-style),metallography,metallography-original,Unet,vgg16,gray,23.748829,9.41649842262268
5884-armor-steel,5884 Armor Steel,Steel,5884 x 10 (1).jpg,0.32307638577028885,0.43276725541692196,0.5863986545138888,metal_mlography_unet_vgg16_gray,MLography U-Net (2022-style),metallography,metallography-original,Unet,vgg16,gray,23.748829,9.41649842262268
5884-armor-steel,5884 Armor Steel,Steel,5884 x 10 (2).jpg,0.3206790483828742,0.4434642180178499,0.5613878038194444,metal_mlography_unet_vgg16_gray,MLography U-Net (2022-style),metallography,metallography-original,Unet,vgg16,gray,23.748829,9.41649842262268
5884-armor-steel,5884 Armor Steel,Steel,5884 x 10 (3).jpg,0.2282770580612557,0.34985966522214834,0.4053005642361111,metal_mlography_unet_vgg16_gray,MLography U-Net (2022-style),metallography,metallography-original,Unet,vgg16,gray,23.748829,9.41649842262268
5884-armor-steel,5884 Armor Steel,Steel,5884 x 10 (4).jpg,0.23628034029715056,0.34098471973271594,0.4448513454861111,metal_mlography_unet_vgg16_gray,MLography U-Net (2022-style),metallography,metallography-original,Unet,vgg16,gray,23.748829,9.41649842262268
5884-armor-steel,5884 Armor Steel,Steel,5884 x 10 (5).jpg,0.25017954756467875,0.37109214614922464,0.4465603298611111,metal_mlography_unet_vgg16_gray,MLography U-Net (2022-style),metallography,metallography-original,Unet,vgg16,gray,23.748829,9.41649842262268
5884-armor-steel,5884 Armor Steel,Steel,5884 x 10 (6).jpg,0.2137426601401063,0.31746380271900126,0.4031032986111111,metal_mlography_unet_vgg16_gray,MLography U-Net (2022-style),metallography,metallography-original,Unet,vgg16,gray,23.748829,9.41649842262268
5884-armor-steel,5884 Armor Steel,Steel,5884 x 20 (1).jpg,0.4795343757862463,0.5606353634153756,0.8475748697916666,metal_mlography_unet_vgg16_gray,MLography U-Net (2022-style),metallography,metallography-original,Unet,vgg16,gray,23.748829,9.41649842262268
5884-armor-steel,5884 Armor Steel,Steel,5884 x 20 (2).jpg,0.4642241771787436,0.5466518585501713,0.8269585503472222,metal_mlography_unet_vgg16_gray,MLography U-Net (2022-style),metallography,metallography-original,Unet,vgg16,gray,23.748829,9.41649842262268
5884-armor-steel,5884 Armor Steel,Steel,5884 x 20 (3).jpg,0.7032452333788874,0.8252933550096699,0.8285047743055556,metal_mlography_unet_vgg16_gray,MLography U-Net (2022-style),metallography,metallography-original,Unet,vgg16,gray,23.748829,9.41649842262268
5884-armor-steel,5884 Armor Steel,Steel,5884 x 20 (4).jpg,0.5121753074790784,0.6309361425534683,0.8033040364583334,metal_mlography_unet_vgg16_gray,MLography U-Net (2022-style),metallography,metallography-original,Unet,vgg16,gray,23.748829,9.41649842262268
5884-armor-steel,5884 Armor Steel,Steel,5884 x 20 (5).jpg,0.6271669884991705,0.7576028866186564,0.8256022135416666,metal_mlography_unet_vgg16_gray,MLography U-Net (2022-style),metallography,metallography-original,Unet,vgg16,gray,23.748829,9.41649842262268
5884-armor-steel,5884 Armor Steel,Steel,5884 x 20 (6).jpg,0.4041930506527049,0.5037783395166896,0.7206217447916666,metal_mlography_unet_vgg16_gray,MLography U-Net (2022-style),metallography,metallography-original,Unet,vgg16,gray,23.748829,9.41649842262268
5884-armor-steel,5884 Armor Steel,Steel,5884 x 50 (1).jpg,0.2883419244236651,0.41684843026610185,0.5003797743055556,metal_mlography_unet_vgg16_gray,MLography U-Net (2022-style),metallography,metallography-original,Unet,vgg16,gray,23.748829,9.41649842262268
5884-armor-steel,5884 Armor Steel,Steel,5884 x 50 (2).jpg,0.22985756450069983,0.35602235460663795,0.4013943142361111,metal_mlography_unet_vgg16_gray,MLography U-Net (2022-style),metallography,metallography-original,Unet,vgg16,gray,23.748829,9.41649842262268
5884-armor-steel,5884 Armor Steel,Steel,5884 x 50 (3).jpg,0.5984518055572441,0.745889815145126,0.7601996527777778,metal_mlography_unet_vgg16_gray,MLography U-Net (2022-style),metallography,metallography-original,Unet,vgg16,gray,23.748829,9.41649842262268
5884-armor-steel,5884 Armor Steel,Steel,5884 x 50 (4).jpg,0.5034662351303014,0.667552115581503,0.6763237847222222,metal_mlography_unet_vgg16_gray,MLography U-Net (2022-style),metallography,metallography-original,Unet,vgg16,gray,23.748829,9.41649842262268
6280-cast-iron-high,6280 Gray Cast Iron,Cast Iron,6280 x 20 (1).jpg,0.4484935999726959,0.5173761047561848,0.8303493923611112,metal_mlography_unet_vgg16_gray,MLography U-Net (2022-style),metallography,metallography-original,Unet,vgg16,gray,23.748829,9.41649842262268
6280-cast-iron-high,6280 Gray Cast Iron,Cast Iron,6280 x 20 (2).jpg,0.4494144177122185,0.5173817410166408,0.8330349392361112,metal_mlography_unet_vgg16_gray,MLography U-Net (2022-style),metallography,metallography-original,Unet,vgg16,gray,23.748829,9.41649842262268
6280-cast-iron-high,6280 Gray Cast Iron,Cast Iron,6280 x 20 (3).jpg,0.4535625567052448,0.5295697531982072,0.824951171875,metal_mlography_unet_vgg16_gray,MLography U-Net (2022-style),metallography,metallography-original,Unet,vgg16,gray,23.748829,9.41649842262268
6280-cast-iron-high,6280 Gray Cast Iron,Cast Iron,6280 x 20 (4).jpg,0.45094975966714784,0.5184206632706981,0.8358289930555556,metal_mlography_unet_vgg16_gray,MLography U-Net (2022-style),metallography,metallography-original,Unet,vgg16,gray,23.748829,9.41649842262268
6280-cast-iron-high,6280 Gray Cast Iron,Cast Iron,6280 x 20 (5).jpg,0.45736055913167983,0.5243396424682534,0.8448621961805556,metal_mlography_unet_vgg16_gray,MLography U-Net (2022-style),metallography,metallography-original,Unet,vgg16,gray,23.748829,9.41649842262268
6280-cast-iron-high,6280 Gray Cast Iron,Cast Iron,6280 x 20 (6).jpg,0.44694459735378483,0.512105405749962,0.8343641493055556,metal_mlography_unet_vgg16_gray,MLography U-Net (2022-style),metallography,metallography-original,Unet,vgg16,gray,23.748829,9.41649842262268
6280-cast-iron-high,6280 Gray Cast Iron,Cast Iron,6280 x 20 (7).jpg,0.4706126985576937,0.5343590320274411,0.866943359375,metal_mlography_unet_vgg16_gray,MLography U-Net (2022-style),metallography,metallography-original,Unet,vgg16,gray,23.748829,9.41649842262268
6280-cast-iron-high,6280 Gray Cast Iron,Cast Iron,6280 x 20 (8).jpg,0.4456779905061821,0.51191766936691,0.8309733072916666,metal_mlography_unet_vgg16_gray,MLography U-Net (2022-style),metallography,metallography-original,Unet,vgg16,gray,23.748829,9.41649842262268
6280-cast-iron-high,6280 Gray Cast Iron,Cast Iron,6280 x 20 (9).jpg,0.4670953367359384,0.5382237118024228,0.8501519097222222,metal_mlography_unet_vgg16_gray,MLography U-Net (2022-style),metallography,metallography-original,Unet,vgg16,gray,23.748829,9.41649842262268
6280-cast-iron-high,6280 Gray Cast Iron,Cast Iron,6280 x 20 (10).jpg,0.46492862151213993,0.5319100795860815,0.8544379340277778,metal_mlography_unet_vgg16_gray,MLography U-Net (2022-style),metallography,metallography-original,Unet,vgg16,gray,23.748829,9.41649842262268
6280-cast-iron-low,6280 Gray Cast Iron,Cast Iron,6280 x 10 (1).jpg,0.2441889664917276,0.35387797669293736,0.4789767795138889,metal_mlography_unet_vgg16_gray,MLography U-Net (2022-style),metallography,metallography-original,Unet,vgg16,gray,23.748829,9.41649842262268
6280-cast-iron-low,6280 Gray Cast Iron,Cast Iron,6280 x 10 (2).jpg,0.24954692787985558,0.3607291594048428,0.4820149739583333,metal_mlography_unet_vgg16_gray,MLography U-Net (2022-style),metallography,metallography-original,Unet,vgg16,gray,23.748829,9.41649842262268
6280-cast-iron-low,6280 Gray Cast Iron,Cast Iron,6280 x 10 (3).jpg,0.25976952202100273,0.370024683342661,0.5157877604166666,metal_mlography_unet_vgg16_gray,MLography U-Net (2022-style),metallography,metallography-original,Unet,vgg16,gray,23.748829,9.41649842262268
6280-cast-iron-low,6280 Gray Cast Iron,Cast Iron,6280 x 10 (4).jpg,0.2626055838518105,0.3771612771298096,0.4816623263888889,metal_mlography_unet_vgg16_gray,MLography U-Net (2022-style),metallography,metallography-original,Unet,vgg16,gray,23.748829,9.41649842262268
6280-cast-iron-low,6280 Gray Cast Iron,Cast Iron,6280 x 10 (5).jpg,0.21465335173501268,0.317731655000868,0.4608561197916667,metal_mlography_unet_vgg16_gray,MLography U-Net (2022-style),metallography,metallography-original,Unet,vgg16,gray,23.748829,9.41649842262268
6280-cast-iron-low,6280 Gray Cast Iron,Cast Iron,6280 x 10 (6).jpg,0.2423474583461358,0.35243429593598713,0.4746636284722222,metal_mlography_unet_vgg16_gray,MLography U-Net (2022-style),metallography,metallography-original,Unet,vgg16,gray,23.748829,9.41649842262268
6280-cast-iron-low,6280 Gray Cast Iron,Cast Iron,6280 x 10 (7).jpg,0.24240425718084227,0.3559348808307557,0.4567599826388889,metal_mlography_unet_vgg16_gray,MLography U-Net (2022-style),metallography,metallography-original,Unet,vgg16,gray,23.748829,9.41649842262268
6280-cast-iron-low,6280 Gray Cast Iron,Cast Iron,6280 x 10 (8).jpg,0.24704540494096408,0.3581490341451934,0.4830729166666667,metal_mlography_unet_vgg16_gray,MLography U-Net (2022-style),metallography,metallography-original,Unet,vgg16,gray,23.748829,9.41649842262268
6280-cast-iron-low,6280 Gray Cast Iron,Cast Iron,6280 x 10 (9).jpg,0.2519931437379768,0.3673047007498081,0.4632432725694444,metal_mlography_unet_vgg16_gray,MLography U-Net (2022-style),metallography,metallography-original,Unet,vgg16,gray,23.748829,9.41649842262268
6280-cast-iron-low,6280 Gray Cast Iron,Cast Iron,6280 x 10 (10).jpg,0.21079195242592755,0.31867460878251724,0.418212890625,metal_mlography_unet_vgg16_gray,MLography U-Net (2022-style),metallography,metallography-original,Unet,vgg16,gray,23.748829,9.41649842262268
6280-cast-iron-low,6280 Gray Cast Iron,Cast Iron,6280 x 10 (11).jpg,0.20713064831904734,0.31490917624837966,0.4198404947916667,metal_mlography_unet_vgg16_gray,MLography U-Net (2022-style),metallography,metallography-original,Unet,vgg16,gray,23.748829,9.41649842262268
