model_id,category,subset,subset_name,family,image,miou,dice,pixel_acc
sam_vit_base,foundation_sam,4130-steel,4130 Steel,Steel,4130 x 10 (1).jpg,0.284144708973617,0.3656970423444205,0.5636935763888888
sam_vit_base,foundation_sam,4130-steel,4130 Steel,Steel,4130 x 10 (10).jpg,0.2680842538025994,0.3651757604403169,0.5136176215277778
sam_vit_base,foundation_sam,4130-steel,4130 Steel,Steel,4130 x 10 (11).jpg,0.2804505968921047,0.3768818708051271,0.5362141927083334
sam_vit_base,foundation_sam,4130-steel,4130 Steel,Steel,4130 x 10 (12).jpg,0.278208245714167,0.37463332230833696,0.5323350694444444
sam_vit_base,foundation_sam,4130-steel,4130 Steel,Steel,4130 x 10 (13).jpg,0.27175209549883717,0.3683447537889163,0.5208062065972222
sam_vit_base,foundation_sam,4130-steel,4130 Steel,Steel,4130 x 10 (14).jpg,0.29597539000982126,0.39136399637786135,0.564208984375
sam_vit_base,foundation_sam,4130-steel,4130 Steel,Steel,4130 x 10 (15).jpg,0.28080660861009843,0.37747572792697576,0.5364854600694444
sam_vit_base,foundation_sam,4130-steel,4130 Steel,Steel,4130 x 10 (16).jpg,0.2607990073965703,0.35800707007973626,0.5004611545138888
sam_vit_base,foundation_sam,4130-steel,4130 Steel,Steel,4130 x 10 (17).jpg,0.29624091326380103,0.39102695515222763,0.5655381944444444
sam_vit_base,foundation_sam,4130-steel,4130 Steel,Steel,4130 x 10 (18).jpg,0.27502160676435755,0.3718468898741055,0.5262044270833334
sam_vit_base,foundation_sam,4130-steel,4130 Steel,Steel,4130 x 10 (19).jpg,0.2578416291979369,0.3417918083386884,0.5135633680555556
sam_vit_base,foundation_sam,4130-steel,4130 Steel,Steel,4130 x 10 (2).jpg,0.30175027735333565,0.3817160695612321,0.5960557725694444
sam_vit_base,foundation_sam,4130-steel,4130 Steel,Steel,4130 x 10 (20).jpg,0.2735051763700197,0.3558488841371722,0.5439181857638888
sam_vit_base,foundation_sam,4130-steel,4130 Steel,Steel,4130 x 10 (3).jpg,0.29309993187478645,0.37386526776662615,0.5802408854166666
sam_vit_base,foundation_sam,4130-steel,4130 Steel,Steel,4130 x 10 (4).jpg,0.2951978962154075,0.3761407471167112,0.5835774739583334
sam_vit_base,foundation_sam,4130-steel,4130 Steel,Steel,4130 x 10 (5).jpg,0.28812033717890567,0.3710540186234297,0.5686577690972222
sam_vit_base,foundation_sam,4130-steel,4130 Steel,Steel,4130 x 10 (6).jpg,0.275004866724806,0.3571883798322946,0.5467936197916666
sam_vit_base,foundation_sam,4130-steel,4130 Steel,Steel,4130 x 10 (7).jpg,0.26549088414427907,0.3489729888498102,0.5280490451388888
sam_vit_base,foundation_sam,4130-steel,4130 Steel,Steel,4130 x 10 (8).jpg,0.26439674437890065,0.3617816061390997,0.5066460503472222
sam_vit_base,foundation_sam,4130-steel,4130 Steel,Steel,4130 x 10 (9).jpg,0.26532721367946854,0.3489905811365123,0.5275065104166666
sam_vit_base,foundation_sam,4130-steel,4130 Steel,Steel,4130 x 20 (1).jpg,0.38340722274325534,0.43839815928778697,0.7606608072916666
sam_vit_base,foundation_sam,4130-steel,4130 Steel,Steel,4130 x 20 (10).jpg,0.2656025017010385,0.3601321304663243,0.5128580729166666
sam_vit_base,foundation_sam,4130-steel,4130 Steel,Steel,4130 x 20 (11).jpg,0.2807916887764022,0.37394090542052283,0.5415310329861112
sam_vit_base,foundation_sam,4130-steel,4130 Steel,Steel,4130 x 20 (12).jpg,0.27456559308985623,0.369115284979101,0.5286729600694444
sam_vit_base,foundation_sam,4130-steel,4130 Steel,Steel,4130 x 20 (13).jpg,0.28208640207254304,0.37502103834475337,0.5440809461805556
sam_vit_base,foundation_sam,4130-steel,4130 Steel,Steel,4130 x 20 (14).jpg,0.2824565698416131,0.3754970904487883,0.5445692274305556
sam_vit_base,foundation_sam,4130-steel,4130 Steel,Steel,4130 x 20 (15).jpg,0.2514971260684482,0.3362514417634308,0.5008409288194444
sam_vit_base,foundation_sam,4130-steel,4130 Steel,Steel,4130 x 20 (16).jpg,0.26753300061081003,0.3501851810413254,0.5328504774305556
sam_vit_base,foundation_sam,4130-steel,4130 Steel,Steel,4130 x 20 (17).jpg,0.26814513968177617,0.3511025629650142,0.5335286458333334
sam_vit_base,foundation_sam,4130-steel,4130 Steel,Steel,4130 x 20 (18).jpg,0.28479724816859064,0.3651698261228241,0.5664605034722222
sam_vit_base,foundation_sam,4130-steel,4130 Steel,Steel,4130 x 20 (19).jpg,0.28056133974795655,0.36133614101264405,0.5585123697916666
sam_vit_base,foundation_sam,4130-steel,4130 Steel,Steel,4130 x 20 (2).jpg,0.38488419231207066,0.4390339764963646,0.7640516493055556
sam_vit_base,foundation_sam,4130-steel,4130 Steel,Steel,4130 x 20 (20).jpg,0.27952452812820605,0.360436816398273,0.5565049913194444
sam_vit_base,foundation_sam,4130-steel,4130 Steel,Steel,4130 x 20 (3).jpg,0.36594389706952374,0.4264334762994733,0.7265082465277778
sam_vit_base,foundation_sam,4130-steel,4130 Steel,Steel,4130 x 20 (4).jpg,0.4100063712270364,0.4557094672560573,0.8127983940972222
sam_vit_base,foundation_sam,4130-steel,4130 Steel,Steel,4130 x 20 (5).jpg,0.26565976034212874,0.34950192720234236,0.5278591579861112
sam_vit_base,foundation_sam,4130-steel,4130 Steel,Steel,4130 x 20 (6).jpg,0.2584715866808784,0.34163057084041226,0.5157877604166666
sam_vit_base,foundation_sam,4130-steel,4130 Steel,Steel,4130 x 20 (7).jpg,0.25358036759319774,0.33832033269323725,0.5046929253472222
sam_vit_base,foundation_sam,4130-steel,4130 Steel,Steel,4130 x 20 (8).jpg,0.26458436045482653,0.34828196854028154,0.526123046875
sam_vit_base,foundation_sam,4130-steel,4130 Steel,Steel,4130 x 20 (9).jpg,0.2584675128388464,0.3417208001687026,0.5156521267361112
sam_vit_base,foundation_sam,418-17-4ph-x20,418 Printed 17-4 PH Steel,Steel,x20 (1).jpg,0.3638348228510067,0.4679936511243428,0.6567654079861112
sam_vit_base,foundation_sam,418-17-4ph-x20,418 Printed 17-4 PH Steel,Steel,x20 (10).jpg,0.42452391264294453,0.5277366720315152,0.7406141493055556
sam_vit_base,foundation_sam,418-17-4ph-x20,418 Printed 17-4 PH Steel,Steel,x20 (11).jpg,0.47089710113983835,0.4863350008844219,0.9399956597222222
sam_vit_base,foundation_sam,418-17-4ph-x20,418 Printed 17-4 PH Steel,Steel,x20 (12).jpg,0.47147027273124154,0.48666428346736273,0.9411078559027778
sam_vit_base,foundation_sam,418-17-4ph-x20,418 Printed 17-4 PH Steel,Steel,x20 (13).jpg,0.4765666842015296,0.49000647979449924,0.9504123263888888
sam_vit_base,foundation_sam,418-17-4ph-x20,418 Printed 17-4 PH Steel,Steel,x20 (14).jpg,0.4806606176137475,0.49377554807259794,0.9563802083333334
sam_vit_base,foundation_sam,418-17-4ph-x20,418 Printed 17-4 PH Steel,Steel,x20 (15).jpg,0.48381642512077294,0.4998778998778999,0.95654296875
sam_vit_base,foundation_sam,418-17-4ph-x20,418 Printed 17-4 PH Steel,Steel,x20 (16).jpg,0.4719081764110235,0.4865834862030468,0.9424099392361112
sam_vit_base,foundation_sam,418-17-4ph-x20,418 Printed 17-4 PH Steel,Steel,x20 (17).jpg,0.4792395220741991,0.49244245629298267,0.954345703125
sam_vit_base,foundation_sam,418-17-4ph-x20,418 Printed 17-4 PH Steel,Steel,x20 (18).jpg,0.4741083186596773,0.48709157687218907,0.9476996527777778
sam_vit_base,foundation_sam,418-17-4ph-x20,418 Printed 17-4 PH Steel,Steel,x20 (19).jpg,0.48087595987640225,0.49350857720895197,0.9573296440972222
sam_vit_base,foundation_sam,418-17-4ph-x20,418 Printed 17-4 PH Steel,Steel,x20 (2).jpg,0.4422023654407273,0.5390026136821922,0.7742513020833334
sam_vit_base,foundation_sam,418-17-4ph-x20,418 Printed 17-4 PH Steel,Steel,x20 (20).jpg,0.2533600112940188,0.3384804379770128,0.5037706163194444
sam_vit_base,foundation_sam,418-17-4ph-x20,418 Printed 17-4 PH Steel,Steel,x20 (21).jpg,0.27922319655644684,0.3598692399086281,0.5563422309027778
sam_vit_base,foundation_sam,418-17-4ph-x20,418 Printed 17-4 PH Steel,Steel,x20 (3).jpg,0.45943857048237063,0.5446362492380744,0.8162163628472222
sam_vit_base,foundation_sam,418-17-4ph-x20,418 Printed 17-4 PH Steel,Steel,x20 (4).jpg,0.49596297524484817,0.5901367618018295,0.8410101996527778
sam_vit_base,foundation_sam,418-17-4ph-x20,418 Printed 17-4 PH Steel,Steel,x20 (5).jpg,0.4811750407119857,0.5782549546285941,0.8191731770833334
sam_vit_base,foundation_sam,418-17-4ph-x20,418 Printed 17-4 PH Steel,Steel,x20 (6).jpg,0.37401671506749085,0.47909189267302416,0.6698133680555556
sam_vit_base,foundation_sam,418-17-4ph-x20,418 Printed 17-4 PH Steel,Steel,x20 (7).jpg,0.3260011579352708,0.4383036847722528,0.5867784288194444
sam_vit_base,foundation_sam,418-17-4ph-x20,418 Printed 17-4 PH Steel,Steel,x20 (8).jpg,0.4605202158242909,0.5563506775912311,0.7980414496527778
sam_vit_base,foundation_sam,418-17-4ph-x20,418 Printed 17-4 PH Steel,Steel,x20 (9).jpg,0.30568679299096,0.4155937834502457,0.5583224826388888
sam_vit_base,foundation_sam,418-17-4ph-x5,418 Printed 17-4 PH Steel,Steel,x5 (1).jpg,0.7196463036849617,0.8114594025013364,0.9722764756944444
sam_vit_base,foundation_sam,418-17-4ph-x5,418 Printed 17-4 PH Steel,Steel,x5 (10).jpg,0.7310104126352464,0.8216350326201682,0.973388671875
sam_vit_base,foundation_sam,418-17-4ph-x5,418 Printed 17-4 PH Steel,Steel,x5 (11).jpg,0.7261872897978504,0.8171838234174587,0.9737141927083334
sam_vit_base,foundation_sam,418-17-4ph-x5,418 Printed 17-4 PH Steel,Steel,x5 (12).jpg,0.7457334122721535,0.8342963817738709,0.9753689236111112
sam_vit_base,foundation_sam,418-17-4ph-x5,418 Printed 17-4 PH Steel,Steel,x5 (13).jpg,0.7266572842527428,0.8167142687410988,0.9779730902777778
sam_vit_base,foundation_sam,418-17-4ph-x5,418 Printed 17-4 PH Steel,Steel,x5 (14).jpg,0.7678355747651511,0.8523732715075047,0.9790852864583334
sam_vit_base,foundation_sam,418-17-4ph-x5,418 Printed 17-4 PH Steel,Steel,x5 (15).jpg,0.8308876480783542,0.9019610381594814,0.9654947916666666
sam_vit_base,foundation_sam,418-17-4ph-x5,418 Printed 17-4 PH Steel,Steel,x5 (16).jpg,0.8016272466698426,0.8808208032101712,0.9660101996527778
sam_vit_base,foundation_sam,418-17-4ph-x5,418 Printed 17-4 PH Steel,Steel,x5 (17).jpg,0.8643088982095432,0.9241633248795622,0.9674750434027778
sam_vit_base,foundation_sam,418-17-4ph-x5,418 Printed 17-4 PH Steel,Steel,x5 (18).jpg,0.7088331248313586,0.8018712162905889,0.9696180555555556
sam_vit_base,foundation_sam,418-17-4ph-x5,418 Printed 17-4 PH Steel,Steel,x5 (19).jpg,0.7434165591768374,0.8324602393430104,0.9743923611111112
sam_vit_base,foundation_sam,418-17-4ph-x5,418 Printed 17-4 PH Steel,Steel,x5 (2).jpg,0.8010217709717745,0.879179640548817,0.97509765625
sam_vit_base,foundation_sam,418-17-4ph-x5,418 Printed 17-4 PH Steel,Steel,x5 (20).jpg,0.7399830002830357,0.8297388827028007,0.9728732638888888
sam_vit_base,foundation_sam,418-17-4ph-x5,418 Printed 17-4 PH Steel,Steel,x5 (21).jpg,0.719318487800895,0.8101716634428093,0.9767523871527778
sam_vit_base,foundation_sam,418-17-4ph-x5,418 Printed 17-4 PH Steel,Steel,x5 (22).jpg,0.6845863015671345,0.7788862443489005,0.9659830729166666
sam_vit_base,foundation_sam,418-17-4ph-x5,418 Printed 17-4 PH Steel,Steel,x5 (23).jpg,0.6874768096782002,0.7805212424630072,0.9709743923611112
sam_vit_base,foundation_sam,418-17-4ph-x5,418 Printed 17-4 PH Steel,Steel,x5 (24).jpg,0.7400362319194096,0.8300693650266389,0.9714084201388888
sam_vit_base,foundation_sam,418-17-4ph-x5,418 Printed 17-4 PH Steel,Steel,x5 (25).jpg,0.6972685714010305,0.790256472575637,0.9712456597222222
sam_vit_base,foundation_sam,418-17-4ph-x5,418 Printed 17-4 PH Steel,Steel,x5 (3).jpg,0.7161848128141088,0.8067123101064215,0.9790310329861112
sam_vit_base,foundation_sam,418-17-4ph-x5,418 Printed 17-4 PH Steel,Steel,x5 (4).jpg,0.6776039170547423,0.7716817983703287,0.9661187065972222
sam_vit_base,foundation_sam,418-17-4ph-x5,418 Printed 17-4 PH Steel,Steel,x5 (5).jpg,0.8841283317509461,0.9361110781492887,0.9759114583333334
sam_vit_base,foundation_sam,418-17-4ph-x5,418 Printed 17-4 PH Steel,Steel,x5 (6).jpg,0.7819772301260609,0.8650135589725916,0.9712727864583334
sam_vit_base,foundation_sam,418-17-4ph-x5,418 Printed 17-4 PH Steel,Steel,x5 (7).jpg,0.7303476354505728,0.8218243400357392,0.9695366753472222
sam_vit_base,foundation_sam,418-17-4ph-x5,418 Printed 17-4 PH Steel,Steel,x5 (8).jpg,0.7311974725086124,0.8204905641262907,0.9797634548611112
sam_vit_base,foundation_sam,418-17-4ph-x5,418 Printed 17-4 PH Steel,Steel,x5 (9).jpg,0.7274964752064307,0.8187362715659567,0.9720052083333334
sam_vit_base,foundation_sam,5884-armor-steel,5884 Armor Steel,Steel,5884 x 10 (1).jpg,0.28637643087456194,0.3820769471379418,0.5474717881944444
sam_vit_base,foundation_sam,5884-armor-steel,5884 Armor Steel,Steel,5884 x 10 (2).jpg,0.2713119985909332,0.373275164474361,0.5122612847222222
sam_vit_base,foundation_sam,5884-armor-steel,5884 Armor Steel,Steel,5884 x 10 (3).jpg,0.3354003553373842,0.40702482969966436,0.6630316840277778
sam_vit_base,foundation_sam,5884-armor-steel,5884 Armor Steel,Steel,5884 x 10 (4).jpg,0.29624653981549565,0.37465671043975923,0.5888943142361112
sam_vit_base,foundation_sam,5884-armor-steel,5884 Armor Steel,Steel,5884 x 10 (5).jpg,0.3103548762992115,0.38916080521362095,0.6120876736111112
sam_vit_base,foundation_sam,5884-armor-steel,5884 Armor Steel,Steel,5884 x 10 (6).jpg,0.31677970835324987,0.3909495642901613,0.6292317708333334
sam_vit_base,foundation_sam,5884-armor-steel,5884 Armor Steel,Steel,5884 x 20 (1).jpg,0.4433266173023387,0.5122306281902634,0.8235948350694444
sam_vit_base,foundation_sam,5884-armor-steel,5884 Armor Steel,Steel,5884 x 20 (2).jpg,0.43009209045990127,0.500473223645043,0.8037109375
sam_vit_base,foundation_sam,5884-armor-steel,5884 Armor Steel,Steel,5884 x 20 (3).jpg,0.6384634533088878,0.778459180592373,0.7833387586805556
sam_vit_base,foundation_sam,5884-armor-steel,5884 Armor Steel,Steel,5884 x 20 (4).jpg,0.426646316888406,0.5249508867727762,0.7521158854166666
sam_vit_base,foundation_sam,5884-armor-steel,5884 Armor Steel,Steel,5884 x 20 (5).jpg,0.5906518110759347,0.7274311646356594,0.7985026041666666
sam_vit_base,foundation_sam,5884-armor-steel,5884 Armor Steel,Steel,5884 x 20 (6).jpg,0.3649528647282527,0.4584268464309602,0.6756727430555556
sam_vit_base,foundation_sam,5884-armor-steel,5884 Armor Steel,Steel,5884 x 5 (1).jpg,0.30361625209882287,0.3942902112619091,0.5838758680555556
sam_vit_base,foundation_sam,5884-armor-steel,5884 Armor Steel,Steel,5884 x 5 (2).jpg,0.28571519795044925,0.38061593488867074,0.5474989149305556
sam_vit_base,foundation_sam,5884-armor-steel,5884 Armor Steel,Steel,5884 x 5 (3).jpg,0.395238128200218,0.529922594139255,0.6444769965277778
sam_vit_base,foundation_sam,5884-armor-steel,5884 Armor Steel,Steel,5884 x 5 (4).jpg,0.6316796772790326,0.7716029831896689,0.7859429253472222
sam_vit_base,foundation_sam,5884-armor-steel,5884 Armor Steel,Steel,5884 x 5 (5).jpg,0.5101788641054608,0.6518676623032504,0.7439778645833334
sam_vit_base,foundation_sam,5884-armor-steel,5884 Armor Steel,Steel,5884 x 50 (1).jpg,0.28012384173780097,0.36432296347469784,0.5530056423611112
sam_vit_base,foundation_sam,5884-armor-steel,5884 Armor Steel,Steel,5884 x 50 (2).jpg,0.3326951704534385,0.40660421955993203,0.6554633246527778
sam_vit_base,foundation_sam,5884-armor-steel,5884 Armor Steel,Steel,5884 x 50 (3).jpg,0.5786476624958459,0.7302961358353351,0.7434624565972222
sam_vit_base,foundation_sam,5884-armor-steel,5884 Armor Steel,Steel,5884 x 50 (4).jpg,0.4714679579443458,0.6381721364231483,0.6481119791666666
sam_vit_base,foundation_sam,6280-cast-iron-high,6280 Gray Cast Iron,Cast Iron,6280 x 20 (1).jpg,0.4453873114319863,0.5134911291394523,0.8275824652777778
sam_vit_base,foundation_sam,6280-cast-iron-high,6280 Gray Cast Iron,Cast Iron,6280 x 20 (10).jpg,0.4402686941361358,0.5037866922182369,0.8281792534722222
sam_vit_base,foundation_sam,6280-cast-iron-high,6280 Gray Cast Iron,Cast Iron,6280 x 20 (2).jpg,0.42723915629696657,0.48860409376759345,0.81396484375
sam_vit_base,foundation_sam,6280-cast-iron-high,6280 Gray Cast Iron,Cast Iron,6280 x 20 (3).jpg,0.43094476541422966,0.49549170607667814,0.8140733506944444
sam_vit_base,foundation_sam,6280-cast-iron-high,6280 Gray Cast Iron,Cast Iron,6280 x 20 (4).jpg,0.44530702667399513,0.5141317387985962,0.8263075086805556
sam_vit_base,foundation_sam,6280-cast-iron-high,6280 Gray Cast Iron,Cast Iron,6280 x 20 (5).jpg,0.4352781504501003,0.49685507665759354,0.8245442708333334
sam_vit_base,foundation_sam,6280-cast-iron-high,6280 Gray Cast Iron,Cast Iron,6280 x 20 (6).jpg,0.4426227867120925,0.5093739870942603,0.8261447482638888
sam_vit_base,foundation_sam,6280-cast-iron-high,6280 Gray Cast Iron,Cast Iron,6280 x 20 (7).jpg,0.4436124453378808,0.5130138838201223,0.8231608072916666
sam_vit_base,foundation_sam,6280-cast-iron-high,6280 Gray Cast Iron,Cast Iron,6280 x 20 (8).jpg,0.43364737801075687,0.4945049434409418,0.8234592013888888
sam_vit_base,foundation_sam,6280-cast-iron-high,6280 Gray Cast Iron,Cast Iron,6280 x 20 (9).jpg,0.4449525192619884,0.5092269284187702,0.8331705729166666
sam_vit_base,foundation_sam,6280-cast-iron-low,6280 Gray Cast Iron,Cast Iron,6280 x 10 (1).jpg,0.20322046691372475,0.2953112976063392,0.4756944444444444
sam_vit_base,foundation_sam,6280-cast-iron-low,6280 Gray Cast Iron,Cast Iron,6280 x 10 (10).jpg,0.20924211249082095,0.2963527467309118,0.5125325520833334
sam_vit_base,foundation_sam,6280-cast-iron-low,6280 Gray Cast Iron,Cast Iron,6280 x 10 (11).jpg,0.19466240285315126,0.2742801936149532,0.5042588975694444
sam_vit_base,foundation_sam,6280-cast-iron-low,6280 Gray Cast Iron,Cast Iron,6280 x 10 (2).jpg,0.20684324891920744,0.3007698112058258,0.4771592881944444
sam_vit_base,foundation_sam,6280-cast-iron-low,6280 Gray Cast Iron,Cast Iron,6280 x 10 (3).jpg,0.2217254245375451,0.31572728269259076,0.5114203559027778
sam_vit_base,foundation_sam,6280-cast-iron-low,6280 Gray Cast Iron,Cast Iron,6280 x 10 (4).jpg,0.20497114197409508,0.29807495260376843,0.4739583333333333
sam_vit_base,foundation_sam,6280-cast-iron-low,6280 Gray Cast Iron,Cast Iron,6280 x 10 (5).jpg,0.18308187213307067,0.2669873476022967,0.4570855034722222
sam_vit_base,foundation_sam,6280-cast-iron-low,6280 Gray Cast Iron,Cast Iron,6280 x 10 (6).jpg,0.19134044708366504,0.27786938046783133,0.4678819444444444
sam_vit_base,foundation_sam,6280-cast-iron-low,6280 Gray Cast Iron,Cast Iron,6280 x 10 (7).jpg,0.1840734537300581,0.2686610139466346,0.4551595052083333
sam_vit_base,foundation_sam,6280-cast-iron-low,6280 Gray Cast Iron,Cast Iron,6280 x 10 (8).jpg,0.20073816975857675,0.29114003867262445,0.4766167534722222
sam_vit_base,foundation_sam,6280-cast-iron-low,6280 Gray Cast Iron,Cast Iron,6280 x 10 (9).jpg,0.18037735759960402,0.2636491160028059,0.4519585503472222
slimsam_50,foundation_sam,4130-steel,4130 Steel,Steel,4130 x 10 (1).jpg,0.2842478323009391,0.3663793305326658,0.5630696614583334
slimsam_50,foundation_sam,4130-steel,4130 Steel,Steel,4130 x 10 (10).jpg,0.2681085425362459,0.36524901409465893,0.5135904947916666
slimsam_50,foundation_sam,4130-steel,4130 Steel,Steel,4130 x 10 (11).jpg,0.28050711578027104,0.3769872027807857,0.5362413194444444
slimsam_50,foundation_sam,4130-steel,4130 Steel,Steel,4130 x 10 (12).jpg,0.2788680346244017,0.3758228012998989,0.53271484375
slimsam_50,foundation_sam,4130-steel,4130 Steel,Steel,4130 x 10 (13).jpg,0.271733613730799,0.36837921933180356,0.5206976996527778
slimsam_50,foundation_sam,4130-steel,4130 Steel,Steel,4130 x 10 (14).jpg,0.2950242567492782,0.3897643032898973,0.5635579427083334
slimsam_50,foundation_sam,4130-steel,4130 Steel,Steel,4130 x 10 (15).jpg,0.2808546123763515,0.37759970861409575,0.5364583333333334
slimsam_50,foundation_sam,4130-steel,4130 Steel,Steel,4130 x 10 (16).jpg,0.2608176480873608,0.3580492365796091,0.5004611545138888
slimsam_50,foundation_sam,4130-steel,4130 Steel,Steel,4130 x 10 (17).jpg,0.2962279095271537,0.39107313249857384,0.5654296875
slimsam_50,foundation_sam,4130-steel,4130 Steel,Steel,4130 x 10 (18).jpg,0.27494281812809834,0.37174783205452605,0.5260959201388888
slimsam_50,foundation_sam,4130-steel,4130 Steel,Steel,4130 x 10 (19).jpg,0.25842122693238395,0.3429467097409205,0.5138346354166666
slimsam_50,foundation_sam,4130-steel,4130 Steel,Steel,4130 x 10 (2).jpg,0.30175062708115213,0.3816781719532867,0.5961100260416666
slimsam_50,foundation_sam,4130-steel,4130 Steel,Steel,4130 x 10 (20).jpg,0.2737039059749689,0.35618537437510955,0.5440809461805556
slimsam_50,foundation_sam,4130-steel,4130 Steel,Steel,4130 x 10 (3).jpg,0.2931153184426696,0.37384118110079706,0.580322265625
slimsam_50,foundation_sam,4130-steel,4130 Steel,Steel,4130 x 10 (4).jpg,0.29522565176375015,0.3761635473210606,0.5836317274305556
slimsam_50,foundation_sam,4130-steel,4130 Steel,Steel,4130 x 10 (5).jpg,0.28831469810385835,0.37139113819864433,0.5687934027777778
slimsam_50,foundation_sam,4130-steel,4130 Steel,Steel,4130 x 10 (6).jpg,0.2750283804771478,0.3572421020923907,0.5467936197916666
slimsam_50,foundation_sam,4130-steel,4130 Steel,Steel,4130 x 10 (7).jpg,0.2656393730958623,0.3491975067292734,0.5282118055555556
slimsam_50,foundation_sam,4130-steel,4130 Steel,Steel,4130 x 10 (8).jpg,0.26431950973269897,0.3616839231222814,0.5065375434027778
slimsam_50,foundation_sam,4130-steel,4130 Steel,Steel,4130 x 10 (9).jpg,0.2653849960104874,0.3491043865996644,0.5275336371527778
slimsam_50,foundation_sam,4130-steel,4130 Steel,Steel,4130 x 20 (1).jpg,0.38340531452386745,0.43810614803150705,0.7610677083333334
slimsam_50,foundation_sam,4130-steel,4130 Steel,Steel,4130 x 20 (10).jpg,0.26574055309817873,0.36044374058012335,0.5128580729166666
slimsam_50,foundation_sam,4130-steel,4130 Steel,Steel,4130 x 20 (11).jpg,0.2808640554075445,0.3740629738642281,0.5415852864583334
slimsam_50,foundation_sam,4130-steel,4130 Steel,Steel,4130 x 20 (12).jpg,0.2746214859232927,0.3692206987946871,0.5287000868055556
slimsam_50,foundation_sam,4130-steel,4130 Steel,Steel,4130 x 20 (13).jpg,0.2816060008953493,0.37418734052745745,0.5437554253472222
slimsam_50,foundation_sam,4130-steel,4130 Steel,Steel,4130 x 20 (14).jpg,0.2823841600584082,0.3754319699923586,0.54443359375
slimsam_50,foundation_sam,4130-steel,4130 Steel,Steel,4130 x 20 (15).jpg,0.25143537612666017,0.3362257385764904,0.5006781684027778
slimsam_50,foundation_sam,4130-steel,4130 Steel,Steel,4130 x 20 (16).jpg,0.26738270196362696,0.3500560919490931,0.5325520833333334
slimsam_50,foundation_sam,4130-steel,4130 Steel,Steel,4130 x 20 (17).jpg,0.26839863111741163,0.3515483172926926,0.5337185329861112
slimsam_50,foundation_sam,4130-steel,4130 Steel,Steel,4130 x 20 (18).jpg,0.2848543242879439,0.36539689115067336,0.5663248697916666
slimsam_50,foundation_sam,4130-steel,4130 Steel,Steel,4130 x 20 (19).jpg,0.280714142344816,0.36160445643649447,0.5586208767361112
slimsam_50,foundation_sam,4130-steel,4130 Steel,Steel,4130 x 20 (2).jpg,0.38488419231207066,0.4390339764963646,0.7640516493055556
slimsam_50,foundation_sam,4130-steel,4130 Steel,Steel,4130 x 20 (20).jpg,0.27946981148528255,0.3603911582168947,0.556396484375
slimsam_50,foundation_sam,4130-steel,4130 Steel,Steel,4130 x 20 (3).jpg,0.36584190747622014,0.42604769915493423,0.7267523871527778
slimsam_50,foundation_sam,4130-steel,4130 Steel,Steel,4130 x 20 (4).jpg,0.4100204916418534,0.45571879571347057,0.8128255208333334
slimsam_50,foundation_sam,4130-steel,4130 Steel,Steel,4130 x 20 (5).jpg,0.2657395916451968,0.349666556210784,0.5278862847222222
slimsam_50,foundation_sam,4130-steel,4130 Steel,Steel,4130 x 20 (6).jpg,0.25818194271314454,0.3423681791142267,0.5138617621527778
slimsam_50,foundation_sam,4130-steel,4130 Steel,Steel,4130 x 20 (7).jpg,0.25351208915344603,0.3381997497099169,0.504638671875
slimsam_50,foundation_sam,4130-steel,4130 Steel,Steel,4130 x 20 (8).jpg,0.2644774915451039,0.3482524888046619,0.5258246527777778
slimsam_50,foundation_sam,4130-steel,4130 Steel,Steel,4130 x 20 (9).jpg,0.25853322359162495,0.34193433231132414,0.5155707465277778
slimsam_50,foundation_sam,418-17-4ph-x20,418 Printed 17-4 PH Steel,Steel,x20 (1).jpg,0.3651490547562311,0.4700635956641841,0.6574164496527778
slimsam_50,foundation_sam,418-17-4ph-x20,418 Printed 17-4 PH Steel,Steel,x20 (10).jpg,0.4241134669231694,0.5270999175538434,0.7405056423611112
slimsam_50,foundation_sam,418-17-4ph-x20,418 Printed 17-4 PH Steel,Steel,x20 (11).jpg,0.470911073441207,0.48634302129114915,0.9400227864583334
slimsam_50,foundation_sam,418-17-4ph-x20,418 Printed 17-4 PH Steel,Steel,x20 (12).jpg,0.4713863540073684,0.4866160374466832,0.9409450954861112
slimsam_50,foundation_sam,418-17-4ph-x20,418 Printed 17-4 PH Steel,Steel,x20 (13).jpg,0.47623778283458584,0.4898087724542994,0.9497884114583334
slimsam_50,foundation_sam,418-17-4ph-x20,418 Printed 17-4 PH Steel,Steel,x20 (14).jpg,0.47999809090932866,0.49333349307231983,0.9551866319444444
slimsam_50,foundation_sam,418-17-4ph-x20,418 Printed 17-4 PH Steel,Steel,x20 (15).jpg,0.47959998083020927,0.49345505352837465,0.9539388020833334
slimsam_50,foundation_sam,418-17-4ph-x20,418 Printed 17-4 PH Steel,Steel,x20 (16).jpg,0.47047843298254477,0.48577678155691995,0.9396158854166666
slimsam_50,foundation_sam,418-17-4ph-x20,418 Printed 17-4 PH Steel,Steel,x20 (17).jpg,0.47887018388221886,0.49220491788285936,0.9536675347222222
slimsam_50,foundation_sam,418-17-4ph-x20,418 Printed 17-4 PH Steel,Steel,x20 (18).jpg,0.47261600834450623,0.4862832359416684,0.9447428385416666
slimsam_50,foundation_sam,418-17-4ph-x20,418 Printed 17-4 PH Steel,Steel,x20 (19).jpg,0.4803138574175463,0.49354365531248506,0.9557562934027778
slimsam_50,foundation_sam,418-17-4ph-x20,418 Printed 17-4 PH Steel,Steel,x20 (2).jpg,0.45186482484071117,0.5530412200254373,0.7777777777777778
slimsam_50,foundation_sam,418-17-4ph-x20,418 Printed 17-4 PH Steel,Steel,x20 (20).jpg,0.2531841324901297,0.337847666165387,0.5040690104166666
slimsam_50,foundation_sam,418-17-4ph-x20,418 Printed 17-4 PH Steel,Steel,x20 (21).jpg,0.2790261381850837,0.3606816040819336,0.5546061197916666
slimsam_50,foundation_sam,418-17-4ph-x20,418 Printed 17-4 PH Steel,Steel,x20 (3).jpg,0.4637233344307153,0.5510486283490684,0.8175455729166666
slimsam_50,foundation_sam,418-17-4ph-x20,418 Printed 17-4 PH Steel,Steel,x20 (4).jpg,0.5017323069556692,0.5980736618060487,0.8426920572916666
slimsam_50,foundation_sam,418-17-4ph-x20,418 Printed 17-4 PH Steel,Steel,x20 (5).jpg,0.4845298440652919,0.5830115083452359,0.820068359375
slimsam_50,foundation_sam,418-17-4ph-x20,418 Printed 17-4 PH Steel,Steel,x20 (6).jpg,0.37320497614841647,0.477804902600032,0.6694607204861112
slimsam_50,foundation_sam,418-17-4ph-x20,418 Printed 17-4 PH Steel,Steel,x20 (7).jpg,0.33022534584033203,0.444920476366958,0.5894097222222222
slimsam_50,foundation_sam,418-17-4ph-x20,418 Printed 17-4 PH Steel,Steel,x20 (8).jpg,0.45432579768659853,0.5471466500553956,0.7962510850694444
slimsam_50,foundation_sam,418-17-4ph-x20,418 Printed 17-4 PH Steel,Steel,x20 (9).jpg,0.2976603358545295,0.4028802166558419,0.5523546006944444
slimsam_50,foundation_sam,418-17-4ph-x5,418 Printed 17-4 PH Steel,Steel,x5 (1).jpg,0.7130265692806375,0.8053661553189525,0.9717610677083334
slimsam_50,foundation_sam,418-17-4ph-x5,418 Printed 17-4 PH Steel,Steel,x5 (10).jpg,0.7273098034770066,0.8187302983918929,0.9712185329861112
slimsam_50,foundation_sam,418-17-4ph-x5,418 Printed 17-4 PH Steel,Steel,x5 (11).jpg,0.7324766839144904,0.8230827126956396,0.9727647569444444
slimsam_50,foundation_sam,418-17-4ph-x5,418 Printed 17-4 PH Steel,Steel,x5 (12).jpg,0.7427143058729977,0.8314549399809619,0.9764268663194444
slimsam_50,foundation_sam,418-17-4ph-x5,418 Printed 17-4 PH Steel,Steel,x5 (13).jpg,0.7469742301304576,0.8341060112270053,0.9820963541666666
slimsam_50,foundation_sam,418-17-4ph-x5,418 Printed 17-4 PH Steel,Steel,x5 (14).jpg,0.7649201301839557,0.8499664626467807,0.9790310329861112
slimsam_50,foundation_sam,418-17-4ph-x5,418 Printed 17-4 PH Steel,Steel,x5 (15).jpg,0.8244099342438956,0.8977000399414192,0.9629448784722222
slimsam_50,foundation_sam,418-17-4ph-x5,418 Printed 17-4 PH Steel,Steel,x5 (16).jpg,0.8008623212184198,0.8802387590040806,0.9660915798611112
slimsam_50,foundation_sam,418-17-4ph-x5,418 Printed 17-4 PH Steel,Steel,x5 (17).jpg,0.8629607463401361,0.9232554742155924,0.9679361979166666
slimsam_50,foundation_sam,418-17-4ph-x5,418 Printed 17-4 PH Steel,Steel,x5 (18).jpg,0.7122182544787481,0.8052455637344006,0.9689127604166666
slimsam_50,foundation_sam,418-17-4ph-x5,418 Printed 17-4 PH Steel,Steel,x5 (19).jpg,0.7270378997619646,0.8179384825571182,0.9738226996527778
slimsam_50,foundation_sam,418-17-4ph-x5,418 Printed 17-4 PH Steel,Steel,x5 (2).jpg,0.8027978608541073,0.8805154659701427,0.9751247829861112
slimsam_50,foundation_sam,418-17-4ph-x5,418 Printed 17-4 PH Steel,Steel,x5 (20).jpg,0.7399741048433661,0.8293618715579607,0.9747721354166666
slimsam_50,foundation_sam,418-17-4ph-x5,418 Printed 17-4 PH Steel,Steel,x5 (21).jpg,0.7111724312407388,0.8030482377847741,0.9742024739583334
slimsam_50,foundation_sam,418-17-4ph-x5,418 Printed 17-4 PH Steel,Steel,x5 (22).jpg,0.6991129544347952,0.793206271976967,0.9665798611111112
slimsam_50,foundation_sam,418-17-4ph-x5,418 Printed 17-4 PH Steel,Steel,x5 (23).jpg,0.6875255014245591,0.7805494989466162,0.9710557725694444
slimsam_50,foundation_sam,418-17-4ph-x5,418 Printed 17-4 PH Steel,Steel,x5 (24).jpg,0.6758106809577452,0.7687799186140465,0.9698893229166666
slimsam_50,foundation_sam,418-17-4ph-x5,418 Printed 17-4 PH Steel,Steel,x5 (25).jpg,0.6955114085481955,0.7885099547708766,0.9712727864583334
slimsam_50,foundation_sam,418-17-4ph-x5,418 Printed 17-4 PH Steel,Steel,x5 (3).jpg,0.7413444617748378,0.8298960064559701,0.9782443576388888
slimsam_50,foundation_sam,418-17-4ph-x5,418 Printed 17-4 PH Steel,Steel,x5 (4).jpg,0.6827569307643349,0.7768431719844642,0.9666612413194444
slimsam_50,foundation_sam,418-17-4ph-x5,418 Printed 17-4 PH Steel,Steel,x5 (5).jpg,0.8892149759159098,0.9392417659275785,0.9762098524305556
slimsam_50,foundation_sam,418-17-4ph-x5,418 Printed 17-4 PH Steel,Steel,x5 (6).jpg,0.7639406464300478,0.8508112624313529,0.9691569010416666
slimsam_50,foundation_sam,418-17-4ph-x5,418 Printed 17-4 PH Steel,Steel,x5 (7).jpg,0.7521957964245765,0.8400157216555546,0.9745822482638888
slimsam_50,foundation_sam,418-17-4ph-x5,418 Printed 17-4 PH Steel,Steel,x5 (8).jpg,0.7412129426720517,0.8296262435834899,0.9790310329861112
slimsam_50,foundation_sam,418-17-4ph-x5,418 Printed 17-4 PH Steel,Steel,x5 (9).jpg,0.7356934773007058,0.8256795484565218,0.9741753472222222
slimsam_50,foundation_sam,5884-armor-steel,5884 Armor Steel,Steel,5884 x 10 (1).jpg,0.28606307303458833,0.38154351588199975,0.5472547743055556
slimsam_50,foundation_sam,5884-armor-steel,5884 Armor Steel,Steel,5884 x 10 (2).jpg,0.27212214724038813,0.37481444261194563,0.5126139322916666
slimsam_50,foundation_sam,5884-armor-steel,5884 Armor Steel,Steel,5884 x 10 (3).jpg,0.3355536042748891,0.407044362201816,0.6634657118055556
slimsam_50,foundation_sam,5884-armor-steel,5884 Armor Steel,Steel,5884 x 10 (4).jpg,0.2962200769166946,0.3745195623747733,0.5890028211805556
slimsam_50,foundation_sam,5884-armor-steel,5884 Armor Steel,Steel,5884 x 10 (5).jpg,0.3115185020350936,0.3914016267756072,0.6124945746527778
slimsam_50,foundation_sam,5884-armor-steel,5884 Armor Steel,Steel,5884 x 10 (6).jpg,0.3168216560088221,0.3916801255473889,0.6283365885416666
slimsam_50,foundation_sam,5884-armor-steel,5884 Armor Steel,Steel,5884 x 20 (1).jpg,0.44291087573888843,0.5115628599209792,0.8234592013888888
slimsam_50,foundation_sam,5884-armor-steel,5884 Armor Steel,Steel,5884 x 20 (2).jpg,0.4290039888382992,0.49867379380350857,0.8033854166666666
slimsam_50,foundation_sam,5884-armor-steel,5884 Armor Steel,Steel,5884 x 20 (3).jpg,0.6389150870511745,0.7787993147282971,0.7836642795138888
slimsam_50,foundation_sam,5884-armor-steel,5884 Armor Steel,Steel,5884 x 20 (4).jpg,0.4527756609698877,0.5617321955394543,0.7638617621527778
slimsam_50,foundation_sam,5884-armor-steel,5884 Armor Steel,Steel,5884 x 20 (5).jpg,0.5900359889455695,0.7268215816685208,0.79833984375
slimsam_50,foundation_sam,5884-armor-steel,5884 Armor Steel,Steel,5884 x 20 (6).jpg,0.3653892468718619,0.4591472468801522,0.6758626302083334
slimsam_50,foundation_sam,5884-armor-steel,5884 Armor Steel,Steel,5884 x 5 (1).jpg,0.3074210529370728,0.40070915041487526,0.5863444010416666
slimsam_50,foundation_sam,5884-armor-steel,5884 Armor Steel,Steel,5884 x 5 (2).jpg,0.28545242984681635,0.3801541519567709,0.5473361545138888
slimsam_50,foundation_sam,5884-armor-steel,5884 Armor Steel,Steel,5884 x 5 (3).jpg,0.39546084034058027,0.53020433649723,0.6446397569444444
slimsam_50,foundation_sam,5884-armor-steel,5884 Armor Steel,Steel,5884 x 5 (4).jpg,0.6295120272194967,0.7698956812970892,0.7845594618055556
slimsam_50,foundation_sam,5884-armor-steel,5884 Armor Steel,Steel,5884 x 5 (5).jpg,0.5092087804578087,0.6508382772414867,0.7434353298611112
slimsam_50,foundation_sam,5884-armor-steel,5884 Armor Steel,Steel,5884 x 50 (1).jpg,0.2806031098650928,0.36555889338771624,0.5527886284722222
slimsam_50,foundation_sam,5884-armor-steel,5884 Armor Steel,Steel,5884 x 50 (2).jpg,0.3324365557979665,0.40635945849058636,0.655029296875
slimsam_50,foundation_sam,5884-armor-steel,5884 Armor Steel,Steel,5884 x 50 (3).jpg,0.5787622027933172,0.7303918839649457,0.7435438368055556
slimsam_50,foundation_sam,5884-armor-steel,5884 Armor Steel,Steel,5884 x 50 (4).jpg,0.48068003572761786,0.6469869503100594,0.6557345920138888
slimsam_50,foundation_sam,6280-cast-iron-high,6280 Gray Cast Iron,Cast Iron,6280 x 20 (1).jpg,0.44791459308454834,0.5175495649122448,0.828369140625
slimsam_50,foundation_sam,6280-cast-iron-high,6280 Gray Cast Iron,Cast Iron,6280 x 20 (10).jpg,0.43372969514630505,0.4927225205823278,0.8264431423611112
slimsam_50,foundation_sam,6280-cast-iron-high,6280 Gray Cast Iron,Cast Iron,6280 x 20 (2).jpg,0.42562129755910105,0.48581997092560975,0.8135308159722222
slimsam_50,foundation_sam,6280-cast-iron-high,6280 Gray Cast Iron,Cast Iron,6280 x 20 (3).jpg,0.4346713466602691,0.5015184740673281,0.8154568142361112
slimsam_50,foundation_sam,6280-cast-iron-high,6280 Gray Cast Iron,Cast Iron,6280 x 20 (4).jpg,0.4402630624445845,0.5062900690174481,0.8241916232638888
slimsam_50,foundation_sam,6280-cast-iron-high,6280 Gray Cast Iron,Cast Iron,6280 x 20 (5).jpg,0.4281708830947228,0.48466891905500953,0.8226453993055556
slimsam_50,foundation_sam,6280-cast-iron-high,6280 Gray Cast Iron,Cast Iron,6280 x 20 (6).jpg,0.4304796295372573,0.48901087380663455,0.8227267795138888
slimsam_50,foundation_sam,6280-cast-iron-high,6280 Gray Cast Iron,Cast Iron,6280 x 20 (7).jpg,0.44296779970428896,0.5120843935800944,0.8227810329861112
slimsam_50,foundation_sam,6280-cast-iron-high,6280 Gray Cast Iron,Cast Iron,6280 x 20 (8).jpg,0.42634099841794504,0.4819002097252185,0.821533203125
slimsam_50,foundation_sam,6280-cast-iron-high,6280 Gray Cast Iron,Cast Iron,6280 x 20 (9).jpg,0.4474289586721904,0.5133033762312834,0.8338487413194444
slimsam_50,foundation_sam,6280-cast-iron-low,6280 Gray Cast Iron,Cast Iron,6280 x 10 (1).jpg,0.20429099783173088,0.2967650514576052,0.4757758246527778
slimsam_50,foundation_sam,6280-cast-iron-low,6280 Gray Cast Iron,Cast Iron,6280 x 10 (10).jpg,0.2051180890336651,0.2899213298551142,0.5116373697916666
slimsam_50,foundation_sam,6280-cast-iron-low,6280 Gray Cast Iron,Cast Iron,6280 x 10 (11).jpg,0.2014719385705107,0.2855931101197187,0.50634765625
slimsam_50,foundation_sam,6280-cast-iron-low,6280 Gray Cast Iron,Cast Iron,6280 x 10 (2).jpg,0.2084539119274816,0.30327399585849973,0.4771050347222222
slimsam_50,foundation_sam,6280-cast-iron-low,6280 Gray Cast Iron,Cast Iron,6280 x 10 (3).jpg,0.21080827635611663,0.29943003805710977,0.5083279079861112
slimsam_50,foundation_sam,6280-cast-iron-low,6280 Gray Cast Iron,Cast Iron,6280 x 10 (4).jpg,0.20099300772251907,0.2921755216189737,0.4726291232638889
slimsam_50,foundation_sam,6280-cast-iron-low,6280 Gray Cast Iron,Cast Iron,6280 x 10 (5).jpg,0.18430251816770346,0.26882507427867325,0.4573567708333333
slimsam_50,foundation_sam,6280-cast-iron-low,6280 Gray Cast Iron,Cast Iron,6280 x 10 (6).jpg,0.1839517283331391,0.2658468157276365,0.4653049045138889
slimsam_50,foundation_sam,6280-cast-iron-low,6280 Gray Cast Iron,Cast Iron,6280 x 10 (7).jpg,0.17675470059780105,0.2561768669604986,0.4546712239583333
slimsam_50,foundation_sam,6280-cast-iron-low,6280 Gray Cast Iron,Cast Iron,6280 x 10 (8).jpg,0.19918758293103453,0.2886705476352324,0.4758843315972222
slimsam_50,foundation_sam,6280-cast-iron-low,6280 Gray Cast Iron,Cast Iron,6280 x 10 (9).jpg,0.18347751708073204,0.2686550039619723,0.4527452256944444
slimsam_77,foundation_sam,4130-steel,4130 Steel,Steel,4130 x 10 (1).jpg,0.28424112121304496,0.36577742951129516,0.5638834635416666
slimsam_77,foundation_sam,4130-steel,4130 Steel,Steel,4130 x 10 (10).jpg,0.268084105170018,0.3653269160369058,0.5134006076388888
slimsam_77,foundation_sam,4130-steel,4130 Steel,Steel,4130 x 10 (11).jpg,0.28050489305587734,0.37703853642086727,0.5361599392361112
slimsam_77,foundation_sam,4130-steel,4130 Steel,Steel,4130 x 10 (12).jpg,0.27885650425108405,0.3760222908703515,0.5323893229166666
slimsam_77,foundation_sam,4130-steel,4130 Steel,Steel,4130 x 10 (13).jpg,0.2717124137117178,0.36853986877901646,0.5203993055555556
slimsam_77,foundation_sam,4130-steel,4130 Steel,Steel,4130 x 10 (14).jpg,0.2951448326650847,0.3902462564946354,0.563232421875
slimsam_77,foundation_sam,4130-steel,4130 Steel,Steel,4130 x 10 (15).jpg,0.28092106781988774,0.3778202240885454,0.5363498263888888
slimsam_77,foundation_sam,4130-steel,4130 Steel,Steel,4130 x 10 (16).jpg,0.26085268587229143,0.35820473441274064,0.5003526475694444
slimsam_77,foundation_sam,4130-steel,4130 Steel,Steel,4130 x 10 (17).jpg,0.2964188750105421,0.3914461265940351,0.5654839409722222
slimsam_77,foundation_sam,4130-steel,4130 Steel,Steel,4130 x 10 (18).jpg,0.2748480393978426,0.3717639729563517,0.5257703993055556
slimsam_77,foundation_sam,4130-steel,4130 Steel,Steel,4130 x 10 (19).jpg,0.2583010985610398,0.34262655906089506,0.5138888888888888
slimsam_77,foundation_sam,4130-steel,4130 Steel,Steel,4130 x 10 (2).jpg,0.30180519235129183,0.3818369551232339,0.5960557725694444
slimsam_77,foundation_sam,4130-steel,4130 Steel,Steel,4130 x 10 (20).jpg,0.273908043327316,0.3565931377762651,0.5441623263888888
slimsam_77,foundation_sam,4130-steel,4130 Steel,Steel,4130 x 10 (3).jpg,0.2930536611026768,0.37393725464202104,0.5799967447916666
slimsam_77,foundation_sam,4130-steel,4130 Steel,Steel,4130 x 10 (4).jpg,0.2953324580921403,0.37636176072595456,0.5836859809027778
slimsam_77,foundation_sam,4130-steel,4130 Steel,Steel,4130 x 10 (5).jpg,0.28870847499437063,0.37217290961676397,0.5689290364583334
slimsam_77,foundation_sam,4130-steel,4130 Steel,Steel,4130 x 10 (6).jpg,0.27530622885447903,0.357915854938967,0.5467393663194444
slimsam_77,foundation_sam,4130-steel,4130 Steel,Steel,4130 x 10 (7).jpg,0.26622089854194264,0.3504019404758287,0.5284016927083334
slimsam_77,foundation_sam,4130-steel,4130 Steel,Steel,4130 x 10 (8).jpg,0.2642788571813134,0.36174445582537723,0.5063205295138888
slimsam_77,foundation_sam,4130-steel,4130 Steel,Steel,4130 x 10 (9).jpg,0.2661604267516935,0.3505389417601945,0.5280219184027778
slimsam_77,foundation_sam,4130-steel,4130 Steel,Steel,4130 x 20 (1).jpg,0.3832205764288169,0.43732167411142364,0.7616373697916666
slimsam_77,foundation_sam,4130-steel,4130 Steel,Steel,4130 x 20 (10).jpg,0.2656382124059799,0.3602701597757185,0.5127766927083334
slimsam_77,foundation_sam,4130-steel,4130 Steel,Steel,4130 x 20 (11).jpg,0.28100134946086436,0.3744419353954122,0.5414767795138888
slimsam_77,foundation_sam,4130-steel,4130 Steel,Steel,4130 x 20 (12).jpg,0.27443522416030436,0.368995847823365,0.5284288194444444
slimsam_77,foundation_sam,4130-steel,4130 Steel,Steel,4130 x 20 (13).jpg,0.28192078899991485,0.3750150494463384,0.5435655381944444
slimsam_77,foundation_sam,4130-steel,4130 Steel,Steel,4130 x 20 (14).jpg,0.2822103854716313,0.3752756551506329,0.5441080729166666
slimsam_77,foundation_sam,4130-steel,4130 Steel,Steel,4130 x 20 (15).jpg,0.2514015012931652,0.33616584625081525,0.5006510416666666
slimsam_77,foundation_sam,4130-steel,4130 Steel,Steel,4130 x 20 (16).jpg,0.267510481970378,0.3501331729349374,0.5328504774305556
slimsam_77,foundation_sam,4130-steel,4130 Steel,Steel,4130 x 20 (17).jpg,0.26884075959155146,0.3524475128728296,0.5338812934027778
slimsam_77,foundation_sam,4130-steel,4130 Steel,Steel,4130 x 20 (18).jpg,0.28489745213153755,0.36561197558841935,0.566162109375
slimsam_77,foundation_sam,4130-steel,4130 Steel,Steel,4130 x 20 (19).jpg,0.2808013526312703,0.3617827820859367,0.5586480034722222
slimsam_77,foundation_sam,4130-steel,4130 Steel,Steel,4130 x 20 (2).jpg,0.3848981212913842,0.43904339329133557,0.7640787760416666
slimsam_77,foundation_sam,4130-steel,4130 Steel,Steel,4130 x 20 (20).jpg,0.27956717177713064,0.360612616862206,0.556396484375
slimsam_77,foundation_sam,4130-steel,4130 Steel,Steel,4130 x 20 (3).jpg,0.36624909400710004,0.4266465412896701,0.7271050347222222
slimsam_77,foundation_sam,4130-steel,4130 Steel,Steel,4130 x 20 (4).jpg,0.41004064857597644,0.4553559463075962,0.8133951822916666
slimsam_77,foundation_sam,4130-steel,4130 Steel,Steel,4130 x 20 (5).jpg,0.2658248371299648,0.3498040935415528,0.5279676649305556
slimsam_77,foundation_sam,4130-steel,4130 Steel,Steel,4130 x 20 (6).jpg,0.25873175557581063,0.3421393468274077,0.5159233940972222
slimsam_77,foundation_sam,4130-steel,4130 Steel,Steel,4130 x 20 (7).jpg,0.2533955007860515,0.33824486415123334,0.5042046440972222
slimsam_77,foundation_sam,4130-steel,4130 Steel,Steel,4130 x 20 (8).jpg,0.26453217264320367,0.3484582654420555,0.5257161458333334
slimsam_77,foundation_sam,4130-steel,4130 Steel,Steel,4130 x 20 (9).jpg,0.25899663435630504,0.34283784021337493,0.5158148871527778
slimsam_77,foundation_sam,418-17-4ph-x20,418 Printed 17-4 PH Steel,Steel,x20 (1).jpg,0.3659297061946961,0.471342383107089,0.65771484375
slimsam_77,foundation_sam,418-17-4ph-x20,418 Printed 17-4 PH Steel,Steel,x20 (10).jpg,0.4114512510111485,0.5081624122916389,0.7352159288194444
slimsam_77,foundation_sam,418-17-4ph-x20,418 Printed 17-4 PH Steel,Steel,x20 (11).jpg,0.47088312920604875,0.48632698100727184,0.9399685329861112
slimsam_77,foundation_sam,418-17-4ph-x20,418 Printed 17-4 PH Steel,Steel,x20 (12).jpg,0.4714982487435825,0.48668037003867975,0.941162109375
slimsam_77,foundation_sam,418-17-4ph-x20,418 Printed 17-4 PH Steel,Steel,x20 (13).jpg,0.47351736898681385,0.4888597655597234,0.9436848958333334
slimsam_77,foundation_sam,418-17-4ph-x20,418 Printed 17-4 PH Steel,Steel,x20 (14).jpg,0.4800882299135247,0.4933933905953237,0.9553493923611112
slimsam_77,foundation_sam,418-17-4ph-x20,418 Printed 17-4 PH Steel,Steel,x20 (15).jpg,0.4812812714261597,0.49419362205168077,0.9574924045138888
slimsam_77,foundation_sam,418-17-4ph-x20,418 Printed 17-4 PH Steel,Steel,x20 (16).jpg,0.46838750231108967,0.48460042689728766,0.9355197482638888
slimsam_77,foundation_sam,418-17-4ph-x20,418 Printed 17-4 PH Steel,Steel,x20 (17).jpg,0.478929218707708,0.49224281519560004,0.9537760416666666
slimsam_77,foundation_sam,418-17-4ph-x20,418 Printed 17-4 PH Steel,Steel,x20 (18).jpg,0.4739987382434375,0.48703222375892535,0.9474826388888888
slimsam_77,foundation_sam,418-17-4ph-x20,418 Printed 17-4 PH Steel,Steel,x20 (19).jpg,0.48023860337358204,0.4934934835397718,0.9556206597222222
slimsam_77,foundation_sam,418-17-4ph-x20,418 Printed 17-4 PH Steel,Steel,x20 (2).jpg,0.42887125883276067,0.5192449997581541,0.7688802083333334
slimsam_77,foundation_sam,418-17-4ph-x20,418 Printed 17-4 PH Steel,Steel,x20 (20).jpg,0.253525760315844,0.33821193469327865,0.5046657986111112
slimsam_77,foundation_sam,418-17-4ph-x20,418 Printed 17-4 PH Steel,Steel,x20 (21).jpg,0.2792660122533553,0.36004562232915455,0.5562337239583334
slimsam_77,foundation_sam,418-17-4ph-x20,418 Printed 17-4 PH Steel,Steel,x20 (3).jpg,0.4617603652117758,0.5481447228939477,0.81689453125
slimsam_77,foundation_sam,418-17-4ph-x20,418 Printed 17-4 PH Steel,Steel,x20 (4).jpg,0.47747859859095015,0.5638667606260709,0.83544921875
slimsam_77,foundation_sam,418-17-4ph-x20,418 Printed 17-4 PH Steel,Steel,x20 (5).jpg,0.46260973550553286,0.5513939954591807,0.8135579427083334
slimsam_77,foundation_sam,418-17-4ph-x20,418 Printed 17-4 PH Steel,Steel,x20 (6).jpg,0.37278626925506414,0.4769821932658559,0.6695421006944444
slimsam_77,foundation_sam,418-17-4ph-x20,418 Printed 17-4 PH Steel,Steel,x20 (7).jpg,0.31884397785538693,0.4271679043670303,0.5818956163194444
slimsam_77,foundation_sam,418-17-4ph-x20,418 Printed 17-4 PH Steel,Steel,x20 (8).jpg,0.4455852597194922,0.5341746818129344,0.7931586371527778
slimsam_77,foundation_sam,418-17-4ph-x20,418 Printed 17-4 PH Steel,Steel,x20 (9).jpg,0.295362280909006,0.3991840473002677,0.5506456163194444
slimsam_77,foundation_sam,418-17-4ph-x5,418 Printed 17-4 PH Steel,Steel,x5 (1).jpg,0.7290730844725836,0.8199376257153046,0.9731174045138888
slimsam_77,foundation_sam,418-17-4ph-x5,418 Printed 17-4 PH Steel,Steel,x5 (10).jpg,0.7515087400610652,0.8386252554559279,0.9789767795138888
slimsam_77,foundation_sam,418-17-4ph-x5,418 Printed 17-4 PH Steel,Steel,x5 (11).jpg,0.7372289005612938,0.8274110534389894,0.9723307291666666
slimsam_77,foundation_sam,418-17-4ph-x5,418 Printed 17-4 PH Steel,Steel,x5 (12).jpg,0.6936581964353291,0.7862073715104658,0.9730902777777778
slimsam_77,foundation_sam,418-17-4ph-x5,418 Printed 17-4 PH Steel,Steel,x5 (13).jpg,0.7361084918823492,0.8250285504918518,0.9792751736111112
slimsam_77,foundation_sam,418-17-4ph-x5,418 Printed 17-4 PH Steel,Steel,x5 (14).jpg,0.7790961967794774,0.8614407849463406,0.9797092013888888
slimsam_77,foundation_sam,418-17-4ph-x5,418 Printed 17-4 PH Steel,Steel,x5 (15).jpg,0.8241904415330581,0.8975070499541538,0.9632975260416666
slimsam_77,foundation_sam,418-17-4ph-x5,418 Printed 17-4 PH Steel,Steel,x5 (16).jpg,0.8065029728320139,0.8843844473160171,0.9664442274305556
slimsam_77,foundation_sam,418-17-4ph-x5,418 Printed 17-4 PH Steel,Steel,x5 (17).jpg,0.8728228076604914,0.9294358401137301,0.9697536892361112
slimsam_77,foundation_sam,418-17-4ph-x5,418 Printed 17-4 PH Steel,Steel,x5 (18).jpg,0.7235068909523856,0.8154738739071271,0.9701877170138888
slimsam_77,foundation_sam,418-17-4ph-x5,418 Printed 17-4 PH Steel,Steel,x5 (19).jpg,0.722658092071683,0.8139916029208686,0.9734700520833334
slimsam_77,foundation_sam,418-17-4ph-x5,418 Printed 17-4 PH Steel,Steel,x5 (2).jpg,0.7750496435751172,0.8590738145104492,0.9740125868055556
slimsam_77,foundation_sam,418-17-4ph-x5,418 Printed 17-4 PH Steel,Steel,x5 (20).jpg,0.7057545077945473,0.7982704115281127,0.9723849826388888
slimsam_77,foundation_sam,418-17-4ph-x5,418 Printed 17-4 PH Steel,Steel,x5 (21).jpg,0.7045661178466522,0.796279575502791,0.9759114583333334
slimsam_77,foundation_sam,418-17-4ph-x5,418 Printed 17-4 PH Steel,Steel,x5 (22).jpg,0.7062211451584306,0.7997685705278045,0.9679090711805556
slimsam_77,foundation_sam,418-17-4ph-x5,418 Printed 17-4 PH Steel,Steel,x5 (23).jpg,0.7188099072228453,0.8102998625205314,0.9740125868055556
slimsam_77,foundation_sam,418-17-4ph-x5,418 Printed 17-4 PH Steel,Steel,x5 (24).jpg,0.7564752489594853,0.843634338222135,0.9746907552083334
slimsam_77,foundation_sam,418-17-4ph-x5,418 Printed 17-4 PH Steel,Steel,x5 (25).jpg,0.6848904139915873,0.7780435916991129,0.9703776041666666
slimsam_77,foundation_sam,418-17-4ph-x5,418 Printed 17-4 PH Steel,Steel,x5 (3).jpg,0.7086738081196566,0.7996140791667959,0.9786512586805556
slimsam_77,foundation_sam,418-17-4ph-x5,418 Printed 17-4 PH Steel,Steel,x5 (4).jpg,0.642799460743289,0.7346875915060861,0.9630262586805556
slimsam_77,foundation_sam,418-17-4ph-x5,418 Printed 17-4 PH Steel,Steel,x5 (5).jpg,0.8831836893284891,0.9356057706336659,0.9746636284722222
slimsam_77,foundation_sam,418-17-4ph-x5,418 Printed 17-4 PH Steel,Steel,x5 (6).jpg,0.7536547012666367,0.8423717627853369,0.9683430989583334
slimsam_77,foundation_sam,418-17-4ph-x5,418 Printed 17-4 PH Steel,Steel,x5 (7).jpg,0.758913103169252,0.8457077259421011,0.9745822482638888
slimsam_77,foundation_sam,418-17-4ph-x5,418 Printed 17-4 PH Steel,Steel,x5 (8).jpg,0.7291997185500507,0.8193090391180746,0.9766981336805556
slimsam_77,foundation_sam,418-17-4ph-x5,418 Printed 17-4 PH Steel,Steel,x5 (9).jpg,0.7422647851172666,0.8314566158368479,0.974365234375
slimsam_77,foundation_sam,5884-armor-steel,5884 Armor Steel,Steel,5884 x 10 (1).jpg,0.2864199166720527,0.3821716563736073,0.5474717881944444
slimsam_77,foundation_sam,5884-armor-steel,5884 Armor Steel,Steel,5884 x 10 (2).jpg,0.2692612771647321,0.36988481517530425,0.5106065538194444
slimsam_77,foundation_sam,5884-armor-steel,5884 Armor Steel,Steel,5884 x 10 (3).jpg,0.33541430953146195,0.4070353675263832,0.6630588107638888
slimsam_77,foundation_sam,5884-armor-steel,5884 Armor Steel,Steel,5884 x 10 (4).jpg,0.296038476414281,0.3746814576589604,0.5882161458333334
slimsam_77,foundation_sam,5884-armor-steel,5884 Armor Steel,Steel,5884 x 10 (5).jpg,0.31060634103471335,0.38936218793117633,0.6125759548611112
slimsam_77,foundation_sam,5884-armor-steel,5884 Armor Steel,Steel,5884 x 10 (6).jpg,0.316655764781204,0.39085406738794054,0.6289876302083334
slimsam_77,foundation_sam,5884-armor-steel,5884 Armor Steel,Steel,5884 x 20 (1).jpg,0.44272623647849385,0.5112790825632537,0.8233778211805556
slimsam_77,foundation_sam,5884-armor-steel,5884 Armor Steel,Steel,5884 x 20 (2).jpg,0.4327355968345264,0.5049553562387366,0.8042805989583334
slimsam_77,foundation_sam,5884-armor-steel,5884 Armor Steel,Steel,5884 x 20 (3).jpg,0.5558905039578462,0.7117604207009183,0.7242838541666666
slimsam_77,foundation_sam,5884-armor-steel,5884 Armor Steel,Steel,5884 x 20 (4).jpg,0.4198240990136889,0.5148993490088749,0.7490234375
slimsam_77,foundation_sam,5884-armor-steel,5884 Armor Steel,Steel,5884 x 20 (5).jpg,0.5933314525827202,0.7299342802898017,0.7996961805555556
slimsam_77,foundation_sam,5884-armor-steel,5884 Armor Steel,Steel,5884 x 20 (6).jpg,0.3631414462694905,0.45551080236596225,0.6747504340277778
slimsam_77,foundation_sam,5884-armor-steel,5884 Armor Steel,Steel,5884 x 5 (1).jpg,0.30680175531604315,0.39967300869956124,0.5859375
slimsam_77,foundation_sam,5884-armor-steel,5884 Armor Steel,Steel,5884 x 5 (2).jpg,0.28521151527528016,0.3797397907329863,0.5471733940972222
slimsam_77,foundation_sam,5884-armor-steel,5884 Armor Steel,Steel,5884 x 5 (3).jpg,0.39446866458779634,0.528923996054828,0.6439615885416666
slimsam_77,foundation_sam,5884-armor-steel,5884 Armor Steel,Steel,5884 x 5 (4).jpg,0.6311815625327815,0.7712318057576047,0.7855360243055556
slimsam_77,foundation_sam,5884-armor-steel,5884 Armor Steel,Steel,5884 x 5 (5).jpg,0.5042569380890822,0.6450293903860725,0.7420247395833334
slimsam_77,foundation_sam,5884-armor-steel,5884 Armor Steel,Steel,5884 x 50 (1).jpg,0.28024887274868915,0.36442966037119806,0.5532497829861112
slimsam_77,foundation_sam,5884-armor-steel,5884 Armor Steel,Steel,5884 x 50 (2).jpg,0.3328001206096486,0.40585335233693687,0.6568467881944444
slimsam_77,foundation_sam,5884-armor-steel,5884 Armor Steel,Steel,5884 x 50 (3).jpg,0.5788465217732319,0.7304712847778868,0.7435709635416666
slimsam_77,foundation_sam,5884-armor-steel,5884 Armor Steel,Steel,5884 x 50 (4).jpg,0.4830497583774369,0.6492221486203265,0.65771484375
slimsam_77,foundation_sam,6280-cast-iron-high,6280 Gray Cast Iron,Cast Iron,6280 x 20 (1).jpg,0.441124259403328,0.5068614735901188,0.8257921006944444
slimsam_77,foundation_sam,6280-cast-iron-high,6280 Gray Cast Iron,Cast Iron,6280 x 20 (10).jpg,0.4463591265409026,0.5146077086530928,0.82861328125
slimsam_77,foundation_sam,6280-cast-iron-high,6280 Gray Cast Iron,Cast Iron,6280 x 20 (2).jpg,0.43473122759012656,0.5019363850732959,0.8149685329861112
slimsam_77,foundation_sam,6280-cast-iron-high,6280 Gray Cast Iron,Cast Iron,6280 x 20 (3).jpg,0.4375353226073066,0.5061906886521433,0.8163791232638888
slimsam_77,foundation_sam,6280-cast-iron-high,6280 Gray Cast Iron,Cast Iron,6280 x 20 (4).jpg,0.4441446241291578,0.5126704550313892,0.8252766927083334
slimsam_77,foundation_sam,6280-cast-iron-high,6280 Gray Cast Iron,Cast Iron,6280 x 20 (5).jpg,0.4233570595502504,0.4753936323687416,0.8226182725694444
slimsam_77,foundation_sam,6280-cast-iron-high,6280 Gray Cast Iron,Cast Iron,6280 x 20 (6).jpg,0.41987798849928887,0.4706765122400337,0.8195529513888888
slimsam_77,foundation_sam,6280-cast-iron-high,6280 Gray Cast Iron,Cast Iron,6280 x 20 (7).jpg,0.4418536590816705,0.5102020430539502,0.8225640190972222
slimsam_77,foundation_sam,6280-cast-iron-high,6280 Gray Cast Iron,Cast Iron,6280 x 20 (8).jpg,0.42701114740618085,0.4832049191989965,0.8215060763888888
slimsam_77,foundation_sam,6280-cast-iron-high,6280 Gray Cast Iron,Cast Iron,6280 x 20 (9).jpg,0.44388144553444064,0.5074226069276857,0.8329264322916666
slimsam_77,foundation_sam,6280-cast-iron-low,6280 Gray Cast Iron,Cast Iron,6280 x 10 (1).jpg,0.2057575587587754,0.2997666301610218,0.4768337673611111
slimsam_77,foundation_sam,6280-cast-iron-low,6280 Gray Cast Iron,Cast Iron,6280 x 10 (10).jpg,0.21023774606415124,0.2979663728844677,0.5127224392361112
slimsam_77,foundation_sam,6280-cast-iron-low,6280 Gray Cast Iron,Cast Iron,6280 x 10 (11).jpg,0.20111211625178363,0.2848237666232432,0.5062120225694444
slimsam_77,foundation_sam,6280-cast-iron-low,6280 Gray Cast Iron,Cast Iron,6280 x 10 (2).jpg,0.20152162603738064,0.2926207272740745,0.4757215711805556
slimsam_77,foundation_sam,6280-cast-iron-low,6280 Gray Cast Iron,Cast Iron,6280 x 10 (3).jpg,0.22571925089133613,0.3224661689066117,0.51416015625
slimsam_77,foundation_sam,6280-cast-iron-low,6280 Gray Cast Iron,Cast Iron,6280 x 10 (4).jpg,0.20363247457287378,0.2961266831480755,0.4739040798611111
slimsam_77,foundation_sam,6280-cast-iron-low,6280 Gray Cast Iron,Cast Iron,6280 x 10 (5).jpg,0.18390140700546417,0.2680763401533749,0.4571940104166667
slimsam_77,foundation_sam,6280-cast-iron-low,6280 Gray Cast Iron,Cast Iron,6280 x 10 (6).jpg,0.19775320230499627,0.28779514669695405,0.4698893229166667
slimsam_77,foundation_sam,6280-cast-iron-low,6280 Gray Cast Iron,Cast Iron,6280 x 10 (7).jpg,0.18506283126554576,0.2702919844487851,0.4555121527777778
slimsam_77,foundation_sam,6280-cast-iron-low,6280 Gray Cast Iron,Cast Iron,6280 x 10 (8).jpg,0.201325187895015,0.29235939570532077,0.4769965277777778
slimsam_77,foundation_sam,6280-cast-iron-low,6280 Gray Cast Iron,Cast Iron,6280 x 10 (9).jpg,0.17926234572546276,0.26175966000220025,0.45166015625
texturesam_03,foundation_texture,4130-steel,4130 Steel,Steel,4130 x 10 (1).jpg,0.2842072539373284,0.36617064361813373,0.563232421875
texturesam_03,foundation_texture,4130-steel,4130 Steel,Steel,4130 x 10 (10).jpg,0.26849653386191924,0.36611585758207904,0.5135904947916666
texturesam_03,foundation_texture,4130-steel,4130 Steel,Steel,4130 x 10 (11).jpg,0.2812596295755688,0.37844958498110687,0.5365125868055556
texturesam_03,foundation_texture,4130-steel,4130 Steel,Steel,4130 x 10 (12).jpg,0.2782654372591187,0.37500339256785886,0.531982421875
texturesam_03,foundation_texture,4130-steel,4130 Steel,Steel,4130 x 10 (13).jpg,0.2716142427123298,0.36839700449593477,0.5202907986111112
texturesam_03,foundation_texture,4130-steel,4130 Steel,Steel,4130 x 10 (14).jpg,0.2950923780594649,0.39017051539240505,0.5631781684027778
texturesam_03,foundation_texture,4130-steel,4130 Steel,Steel,4130 x 10 (15).jpg,0.2815233929570316,0.37887731742745856,0.5367296006944444
texturesam_03,foundation_texture,4130-steel,4130 Steel,Steel,4130 x 10 (16).jpg,0.2617743407264115,0.3598099661823265,0.5010308159722222
texturesam_03,foundation_texture,4130-steel,4130 Steel,Steel,4130 x 10 (17).jpg,0.2961146199235181,0.39114468680531683,0.5649685329861112
texturesam_03,foundation_texture,4130-steel,4130 Steel,Steel,4130 x 10 (18).jpg,0.27500956547577227,0.3721213075412499,0.5257703993055556
texturesam_03,foundation_texture,4130-steel,4130 Steel,Steel,4130 x 10 (19).jpg,0.2596043396540323,0.34361908910266503,0.5166829427083334
texturesam_03,foundation_texture,4130-steel,4130 Steel,Steel,4130 x 10 (2).jpg,0.3022862222086454,0.382798226244282,0.59619140625
texturesam_03,foundation_texture,4130-steel,4130 Steel,Steel,4130 x 10 (20).jpg,0.274242043547448,0.35727751554762843,0.5442708333333334
texturesam_03,foundation_texture,4130-steel,4130 Steel,Steel,4130 x 10 (3).jpg,0.2928341657316563,0.37401221769762744,0.5792100694444444
texturesam_03,foundation_texture,4130-steel,4130 Steel,Steel,4130 x 10 (4).jpg,0.29692105589794576,0.3779247270743511,0.58642578125
texturesam_03,foundation_texture,4130-steel,4130 Steel,Steel,4130 x 10 (5).jpg,0.2887333819542026,0.37222844547783934,0.5689290364583334
texturesam_03,foundation_texture,4130-steel,4130 Steel,Steel,4130 x 10 (6).jpg,0.2753199678909159,0.357927521620841,0.5467664930555556
texturesam_03,foundation_texture,4130-steel,4130 Steel,Steel,4130 x 10 (7).jpg,0.26583050094906635,0.35009385990132147,0.527587890625
texturesam_03,foundation_texture,4130-steel,4130 Steel,Steel,4130 x 10 (8).jpg,0.26470280722088263,0.36256406074000647,0.5065104166666666
texturesam_03,foundation_texture,4130-steel,4130 Steel,Steel,4130 x 10 (9).jpg,0.26612703394120946,0.3506987934427248,0.5276963975694444
texturesam_03,foundation_texture,4130-steel,4130 Steel,Steel,4130 x 20 (1).jpg,0.3831181237943778,0.43841782078563335,0.7597927517361112
texturesam_03,foundation_texture,4130-steel,4130 Steel,Steel,4130 x 20 (10).jpg,0.2662785068864828,0.3614654109305266,0.5131293402777778
texturesam_03,foundation_texture,4130-steel,4130 Steel,Steel,4130 x 20 (11).jpg,0.28173175173520215,0.3756939671211597,0.5419921875
texturesam_03,foundation_texture,4130-steel,4130 Steel,Steel,4130 x 20 (12).jpg,0.27466258885938155,0.3695017122801673,0.5284288194444444
texturesam_03,foundation_texture,4130-steel,4130 Steel,Steel,4130 x 20 (13).jpg,0.28214614391253173,0.3754175793275182,0.543701171875
texturesam_03,foundation_texture,4130-steel,4130 Steel,Steel,4130 x 20 (14).jpg,0.2828145751485997,0.37641796366267466,0.5443793402777778
texturesam_03,foundation_texture,4130-steel,4130 Steel,Steel,4130 x 20 (15).jpg,0.25987742491097926,0.35614791455053063,0.5001356336805556
texturesam_03,foundation_texture,4130-steel,4130 Steel,Steel,4130 x 20 (16).jpg,0.2670274551788204,0.34975078384498376,0.5318467881944444
texturesam_03,foundation_texture,4130-steel,4130 Steel,Steel,4130 x 20 (17).jpg,0.2686022181430722,0.35227386663516186,0.5333658854166666
texturesam_03,foundation_texture,4130-steel,4130 Steel,Steel,4130 x 20 (18).jpg,0.2844993068149064,0.3652821161506319,0.5653754340277778
texturesam_03,foundation_texture,4130-steel,4130 Steel,Steel,4130 x 20 (19).jpg,0.2806406188763198,0.3619293865954335,0.5579427083333334
texturesam_03,foundation_texture,4130-steel,4130 Steel,Steel,4130 x 20 (2).jpg,0.3846021338322051,0.43935687643405535,0.7627766927083334
texturesam_03,foundation_texture,4130-steel,4130 Steel,Steel,4130 x 20 (20).jpg,0.27962776982899545,0.36090789604125123,0.5561794704861112
texturesam_03,foundation_texture,4130-steel,4130 Steel,Steel,4130 x 20 (3).jpg,0.3658746725049604,0.4268847444061487,0.7256673177083334
texturesam_03,foundation_texture,4130-steel,4130 Steel,Steel,4130 x 20 (4).jpg,0.4099534704322812,0.45613992926047287,0.8120388454861112
texturesam_03,foundation_texture,4130-steel,4130 Steel,Steel,4130 x 20 (5).jpg,0.26610509342600847,0.350648217303332,0.5276963975694444
texturesam_03,foundation_texture,4130-steel,4130 Steel,Steel,4130 x 20 (6).jpg,0.2589039031847198,0.34260138656783096,0.5158420138888888
texturesam_03,foundation_texture,4130-steel,4130 Steel,Steel,4130 x 20 (7).jpg,0.25310723550211695,0.3381655386961395,0.5033908420138888
texturesam_03,foundation_texture,4130-steel,4130 Steel,Steel,4130 x 20 (8).jpg,0.26444944168885837,0.34854397398531844,0.5253363715277778
texturesam_03,foundation_texture,4130-steel,4130 Steel,Steel,4130 x 20 (9).jpg,0.2590953479740264,0.3430483572301661,0.5158420138888888
texturesam_03,foundation_texture,418-17-4ph-x20,418 Printed 17-4 PH Steel,Steel,x20 (1).jpg,0.33455359441057275,0.4214681040212107,0.6394856770833334
texturesam_03,foundation_texture,418-17-4ph-x20,418 Printed 17-4 PH Steel,Steel,x20 (10).jpg,0.4139691462567306,0.5146331770209958,0.7316351996527778
texturesam_03,foundation_texture,418-17-4ph-x20,418 Printed 17-4 PH Steel,Steel,x20 (11).jpg,0.47175507107410863,0.4877887299972998,0.9403483072916666
texturesam_03,foundation_texture,418-17-4ph-x20,418 Printed 17-4 PH Steel,Steel,x20 (12).jpg,0.47178364269184375,0.48780600390122725,0.9404025607638888
texturesam_03,foundation_texture,418-17-4ph-x20,418 Printed 17-4 PH Steel,Steel,x20 (13).jpg,0.4797153155904318,0.49149866848121804,0.9569227430555556
texturesam_03,foundation_texture,418-17-4ph-x20,418 Printed 17-4 PH Steel,Steel,x20 (14).jpg,0.481615707766297,0.49442058137503636,0.9580891927083334
texturesam_03,foundation_texture,418-17-4ph-x20,418 Printed 17-4 PH Steel,Steel,x20 (15).jpg,0.4842085461154282,0.5001974154855604,0.9571668836805556
texturesam_03,foundation_texture,418-17-4ph-x20,418 Printed 17-4 PH Steel,Steel,x20 (16).jpg,0.47038548902302113,0.487556295383718,0.9369303385416666
texturesam_03,foundation_texture,418-17-4ph-x20,418 Printed 17-4 PH Steel,Steel,x20 (17).jpg,0.4792830433455434,0.4932423547762123,0.953369140625
texturesam_03,foundation_texture,418-17-4ph-x20,418 Printed 17-4 PH Steel,Steel,x20 (18).jpg,0.47499478534280587,0.4894200179459989,0.9469401041666666
texturesam_03,foundation_texture,418-17-4ph-x20,418 Printed 17-4 PH Steel,Steel,x20 (19).jpg,0.4824912456056501,0.49664570667465774,0.9574110243055556
texturesam_03,foundation_texture,418-17-4ph-x20,418 Printed 17-4 PH Steel,Steel,x20 (2).jpg,0.4041197225999277,0.48074874389335875,0.7583279079861112
texturesam_03,foundation_texture,418-17-4ph-x20,418 Printed 17-4 PH Steel,Steel,x20 (20).jpg,0.2543668781776466,0.33923036899444364,0.5059678819444444
texturesam_03,foundation_texture,418-17-4ph-x20,418 Printed 17-4 PH Steel,Steel,x20 (21).jpg,0.28034194632811327,0.36164479092053675,0.5574001736111112
texturesam_03,foundation_texture,418-17-4ph-x20,418 Printed 17-4 PH Steel,Steel,x20 (3).jpg,0.4343204954588177,0.5060271841340197,0.8072102864583334
texturesam_03,foundation_texture,418-17-4ph-x20,418 Printed 17-4 PH Steel,Steel,x20 (4).jpg,0.4448168559140311,0.5140996401825114,0.8249240451388888
texturesam_03,foundation_texture,418-17-4ph-x20,418 Printed 17-4 PH Steel,Steel,x20 (5).jpg,0.425991776215428,0.4949819872740634,0.8004014756944444
texturesam_03,foundation_texture,418-17-4ph-x20,418 Printed 17-4 PH Steel,Steel,x20 (6).jpg,0.3424460994851154,0.4289913456909375,0.6523708767361112
texturesam_03,foundation_texture,418-17-4ph-x20,418 Printed 17-4 PH Steel,Steel,x20 (7).jpg,0.3411636596473563,0.4633981047721005,0.5932888454861112
texturesam_03,foundation_texture,418-17-4ph-x20,418 Printed 17-4 PH Steel,Steel,x20 (8).jpg,0.45743673966814014,0.5553367471025998,0.79052734375
texturesam_03,foundation_texture,418-17-4ph-x20,418 Printed 17-4 PH Steel,Steel,x20 (9).jpg,0.2808912119323463,0.3753508542226645,0.5398220486111112
texturesam_03,foundation_texture,418-17-4ph-x5,418 Printed 17-4 PH Steel,Steel,x5 (1).jpg,0.5840047595146896,0.6625153940361959,0.9592013888888888
texturesam_03,foundation_texture,418-17-4ph-x5,418 Printed 17-4 PH Steel,Steel,x5 (10).jpg,0.5947630129366277,0.6741311847311048,0.9661187065972222
texturesam_03,foundation_texture,418-17-4ph-x5,418 Printed 17-4 PH Steel,Steel,x5 (11).jpg,0.582152103371565,0.6590763771949129,0.9612358940972222
texturesam_03,foundation_texture,418-17-4ph-x5,418 Printed 17-4 PH Steel,Steel,x5 (12).jpg,0.6099513728308585,0.6942408570388223,0.9653591579861112
texturesam_03,foundation_texture,418-17-4ph-x5,418 Printed 17-4 PH Steel,Steel,x5 (13).jpg,0.6007279084636312,0.6920712681128355,0.9405381944444444
texturesam_03,foundation_texture,418-17-4ph-x5,418 Printed 17-4 PH Steel,Steel,x5 (14).jpg,0.6054056346374839,0.6878817571481427,0.9667154947916666
texturesam_03,foundation_texture,418-17-4ph-x5,418 Printed 17-4 PH Steel,Steel,x5 (15).jpg,0.7740822356457209,0.8610042256416777,0.9564887152777778
texturesam_03,foundation_texture,418-17-4ph-x5,418 Printed 17-4 PH Steel,Steel,x5 (16).jpg,0.7154216509666431,0.8117923785171588,0.9526638454861112
texturesam_03,foundation_texture,418-17-4ph-x5,418 Printed 17-4 PH Steel,Steel,x5 (17).jpg,0.8175195282328428,0.8934355916266681,0.9574381510416666
texturesam_03,foundation_texture,418-17-4ph-x5,418 Printed 17-4 PH Steel,Steel,x5 (18).jpg,0.6428188660717902,0.738013668234957,0.9526909722222222
texturesam_03,foundation_texture,418-17-4ph-x5,418 Printed 17-4 PH Steel,Steel,x5 (19).jpg,0.5785437139334564,0.6546142423464227,0.9599880642361112
texturesam_03,foundation_texture,418-17-4ph-x5,418 Printed 17-4 PH Steel,Steel,x5 (2).jpg,0.6651748988606816,0.7597233895370764,0.9620768229166666
texturesam_03,foundation_texture,418-17-4ph-x5,418 Printed 17-4 PH Steel,Steel,x5 (20).jpg,0.5900078872425357,0.6699269705363888,0.9609375
texturesam_03,foundation_texture,418-17-4ph-x5,418 Printed 17-4 PH Steel,Steel,x5 (21).jpg,0.6274881993579394,0.7204138589782102,0.9524468315972222
texturesam_03,foundation_texture,418-17-4ph-x5,418 Printed 17-4 PH Steel,Steel,x5 (22).jpg,0.5646511014961921,0.637431399713009,0.954345703125
texturesam_03,foundation_texture,418-17-4ph-x5,418 Printed 17-4 PH Steel,Steel,x5 (23).jpg,0.5853515577123225,0.6632427496104037,0.9617784288194444
texturesam_03,foundation_texture,418-17-4ph-x5,418 Printed 17-4 PH Steel,Steel,x5 (24).jpg,0.5949778815217044,0.6759848263787569,0.9623480902777778
texturesam_03,foundation_texture,418-17-4ph-x5,418 Printed 17-4 PH Steel,Steel,x5 (25).jpg,0.5775609212451073,0.6530197032405969,0.9604763454861112
texturesam_03,foundation_texture,418-17-4ph-x5,418 Printed 17-4 PH Steel,Steel,x5 (3).jpg,0.635098524299688,0.7279219842269442,0.9565972222222222
texturesam_03,foundation_texture,418-17-4ph-x5,418 Printed 17-4 PH Steel,Steel,x5 (4).jpg,0.646836254669837,0.7461679328004309,0.9407009548611112
texturesam_03,foundation_texture,418-17-4ph-x5,418 Printed 17-4 PH Steel,Steel,x5 (5).jpg,0.8331754675227178,0.903575337235834,0.9652235243055556
texturesam_03,foundation_texture,418-17-4ph-x5,418 Printed 17-4 PH Steel,Steel,x5 (6).jpg,0.7047221021900982,0.8038360586115366,0.9437934027777778
texturesam_03,foundation_texture,418-17-4ph-x5,418 Printed 17-4 PH Steel,Steel,x5 (7).jpg,0.5857410809190138,0.6645955944605406,0.9598795572916666
texturesam_03,foundation_texture,418-17-4ph-x5,418 Printed 17-4 PH Steel,Steel,x5 (8).jpg,0.6193824292232424,0.7129500924888614,0.9461534288194444
texturesam_03,foundation_texture,418-17-4ph-x5,418 Printed 17-4 PH Steel,Steel,x5 (9).jpg,0.6044817724699068,0.6870523162270248,0.9657931857638888
texturesam_03,foundation_texture,5884-armor-steel,5884 Armor Steel,Steel,5884 x 10 (1).jpg,0.2870704757518687,0.3835864464397886,0.5474717881944444
texturesam_03,foundation_texture,5884-armor-steel,5884 Armor Steel,Steel,5884 x 10 (2).jpg,0.2641302098393912,0.3615051507875297,0.5061848958333334
texturesam_03,foundation_texture,5884-armor-steel,5884 Armor Steel,Steel,5884 x 10 (3).jpg,0.3365107666249672,0.409058828215702,0.6634928385416666
texturesam_03,foundation_texture,5884-armor-steel,5884 Armor Steel,Steel,5884 x 10 (4).jpg,0.29742997079603894,0.3768011405661545,0.5895724826388888
texturesam_03,foundation_texture,5884-armor-steel,5884 Armor Steel,Steel,5884 x 10 (5).jpg,0.31164504495143225,0.39150374917626973,0.6127387152777778
texturesam_03,foundation_texture,5884-armor-steel,5884 Armor Steel,Steel,5884 x 10 (6).jpg,0.3166976890705802,0.391410418084707,0.6283365885416666
texturesam_03,foundation_texture,5884-armor-steel,5884 Armor Steel,Steel,5884 x 20 (1).jpg,0.4449096742801707,0.5151646683763997,0.8234592013888888
texturesam_03,foundation_texture,5884-armor-steel,5884 Armor Steel,Steel,5884 x 20 (2).jpg,0.4309724632418913,0.5021394495858474,0.8036295572916666
texturesam_03,foundation_texture,5884-armor-steel,5884 Armor Steel,Steel,5884 x 20 (3).jpg,0.6427736861980797,0.7818830260002558,0.7855902777777778
texturesam_03,foundation_texture,5884-armor-steel,5884 Armor Steel,Steel,5884 x 20 (4).jpg,0.45193938239251935,0.5606261332415263,0.763427734375
texturesam_03,foundation_texture,5884-armor-steel,5884 Armor Steel,Steel,5884 x 20 (5).jpg,0.576997207060189,0.7147584186970066,0.7913953993055556
texturesam_03,foundation_texture,5884-armor-steel,5884 Armor Steel,Steel,5884 x 20 (6).jpg,0.3643680499462025,0.4578814486566872,0.6747504340277778
texturesam_03,foundation_texture,5884-armor-steel,5884 Armor Steel,Steel,5884 x 5 (1).jpg,0.30181034165298676,0.3917000632681333,0.5820041232638888
texturesam_03,foundation_texture,5884-armor-steel,5884 Armor Steel,Steel,5884 x 5 (2).jpg,0.2859324280993852,0.38125859045783655,0.5472547743055556
texturesam_03,foundation_texture,5884-armor-steel,5884 Armor Steel,Steel,5884 x 5 (3).jpg,0.40153704563124337,0.5407798112656095,0.6431477864583334
texturesam_03,foundation_texture,5884-armor-steel,5884 Armor Steel,Steel,5884 x 5 (4).jpg,0.6376939077583008,0.7765741184426664,0.7886013454861112
texturesam_03,foundation_texture,5884-armor-steel,5884 Armor Steel,Steel,5884 x 5 (5).jpg,0.510046753944801,0.6547462529174873,0.7357584635416666
texturesam_03,foundation_texture,5884-armor-steel,5884 Armor Steel,Steel,5884 x 50 (1).jpg,0.2807983493627996,0.3657262535715983,0.5531684027777778
texturesam_03,foundation_texture,5884-armor-steel,5884 Armor Steel,Steel,5884 x 50 (2).jpg,0.3332938453159041,0.40701850171357956,0.6566840277777778
texturesam_03,foundation_texture,5884-armor-steel,5884 Armor Steel,Steel,5884 x 50 (3).jpg,0.5757743140641948,0.7281245367432363,0.7405598958333334
texturesam_03,foundation_texture,5884-armor-steel,5884 Armor Steel,Steel,5884 x 50 (4).jpg,0.45575700265961905,0.6228312705642247,0.6349283854166666
texturesam_03,foundation_texture,6280-cast-iron-high,6280 Gray Cast Iron,Cast Iron,6280 x 20 (1).jpg,0.4451701679888428,0.5135343038825069,0.8268771701388888
texturesam_03,foundation_texture,6280-cast-iron-high,6280 Gray Cast Iron,Cast Iron,6280 x 20 (10).jpg,0.45111301466045506,0.5217995421578462,0.8307562934027778
texturesam_03,foundation_texture,6280-cast-iron-high,6280 Gray Cast Iron,Cast Iron,6280 x 20 (2).jpg,0.4337679468271826,0.5000576610489934,0.8151312934027778
texturesam_03,foundation_texture,6280-cast-iron-high,6280 Gray Cast Iron,Cast Iron,6280 x 20 (3).jpg,0.4389748372041155,0.508977826996195,0.8161078559027778
texturesam_03,foundation_texture,6280-cast-iron-high,6280 Gray Cast Iron,Cast Iron,6280 x 20 (4).jpg,0.4444986167601182,0.5132257334568947,0.8254123263888888
texturesam_03,foundation_texture,6280-cast-iron-high,6280 Gray Cast Iron,Cast Iron,6280 x 20 (5).jpg,0.44002800515269397,0.5052629370707526,0.8251410590277778
texturesam_03,foundation_texture,6280-cast-iron-high,6280 Gray Cast Iron,Cast Iron,6280 x 20 (6).jpg,0.4462708503851344,0.515764754193264,0.8264702690972222
texturesam_03,foundation_texture,6280-cast-iron-high,6280 Gray Cast Iron,Cast Iron,6280 x 20 (7).jpg,0.44388425237818013,0.5138368943856646,0.8226182725694444
texturesam_03,foundation_texture,6280-cast-iron-high,6280 Gray Cast Iron,Cast Iron,6280 x 20 (8).jpg,0.4453354765363319,0.5142163387575779,0.8262532552083334
texturesam_03,foundation_texture,6280-cast-iron-high,6280 Gray Cast Iron,Cast Iron,6280 x 20 (9).jpg,0.44783448381164115,0.5141708963410668,0.8336317274305556
texturesam_03,foundation_texture,6280-cast-iron-low,6280 Gray Cast Iron,Cast Iron,6280 x 10 (1).jpg,0.21290880676246127,0.3173373532087593,0.4695095486111111
texturesam_03,foundation_texture,6280-cast-iron-low,6280 Gray Cast Iron,Cast Iron,6280 x 10 (10).jpg,0.2222062036520962,0.3227967619323788,0.5106879340277778
texturesam_03,foundation_texture,6280-cast-iron-low,6280 Gray Cast Iron,Cast Iron,6280 x 10 (11).jpg,0.21915252841857158,0.32281328758513145,0.4982638888888889
texturesam_03,foundation_texture,6280-cast-iron-low,6280 Gray Cast Iron,Cast Iron,6280 x 10 (2).jpg,0.224593178942046,0.3375764889184672,0.475341796875
texturesam_03,foundation_texture,6280-cast-iron-low,6280 Gray Cast Iron,Cast Iron,6280 x 10 (3).jpg,0.24028563106010978,0.3606460972509942,0.490966796875
texturesam_03,foundation_texture,6280-cast-iron-low,6280 Gray Cast Iron,Cast Iron,6280 x 10 (4).jpg,0.22205203217438238,0.33085113635570923,0.478271484375
texturesam_03,foundation_texture,6280-cast-iron-low,6280 Gray Cast Iron,Cast Iron,6280 x 10 (5).jpg,0.19638437686850777,0.2922951080708443,0.4616427951388889
texturesam_03,foundation_texture,6280-cast-iron-low,6280 Gray Cast Iron,Cast Iron,6280 x 10 (6).jpg,0.20473126457893845,0.30449513834780984,0.4640028211805556
texturesam_03,foundation_texture,6280-cast-iron-low,6280 Gray Cast Iron,Cast Iron,6280 x 10 (7).jpg,0.2088564733841265,0.31656844531452094,0.4639756944444444
texturesam_03,foundation_texture,6280-cast-iron-low,6280 Gray Cast Iron,Cast Iron,6280 x 10 (8).jpg,0.22318318082754582,0.3380001399562009,0.4752604166666667
texturesam_03,foundation_texture,6280-cast-iron-low,6280 Gray Cast Iron,Cast Iron,6280 x 10 (9).jpg,0.17771703816941634,0.2592106393804834,0.44921875
hed_watershed,deep_edge,4130-steel,4130 Steel,Steel,4130 x 10 (1).jpg,0.31666161132068094,0.4361090203592833,0.5606282552083334
hed_watershed,deep_edge,4130-steel,4130 Steel,Steel,4130 x 10 (10).jpg,0.2502034505208333,0.33351412919672396,0.5004069010416666
hed_watershed,deep_edge,4130-steel,4130 Steel,Steel,4130 x 10 (11).jpg,0.2612847222222222,0.34321550741163054,0.5225694444444444
hed_watershed,deep_edge,4130-steel,4130 Steel,Steel,4130 x 10 (12).jpg,0.2595350477430556,0.3417025304023286,0.5190700954861112
hed_watershed,deep_edge,4130-steel,4130 Steel,Steel,4130 x 10 (13).jpg,0.2541097005208333,0.33696649220309716,0.5082194010416666
hed_watershed,deep_edge,4130-steel,4130 Steel,Steel,4130 x 10 (14).jpg,0.2752414279513889,0.3550396276921462,0.5504828559027778
hed_watershed,deep_edge,4130-steel,4130 Steel,Steel,4130 x 10 (15).jpg,0.2611626519097222,0.34311017658903403,0.5223253038194444
hed_watershed,deep_edge,4130-steel,4130 Steel,Steel,4130 x 10 (16).jpg,0.2560628255208333,0.33867929605511005,0.5121256510416666
hed_watershed,deep_edge,4130-steel,4130 Steel,Steel,4130 x 10 (17).jpg,0.2760687934027778,0.35572721870739976,0.5521375868055556
hed_watershed,deep_edge,4130-steel,4130 Steel,Steel,4130 x 10 (18).jpg,0.2563205295138889,0.3389046303934579,0.5126410590277778
hed_watershed,deep_edge,4130-steel,4130 Steel,Steel,4130 x 10 (19).jpg,0.2656385633680556,0.3469503445588053,0.5312771267361112
hed_watershed,deep_edge,4130-steel,4130 Steel,Steel,4130 x 10 (2).jpg,0.3029513888888889,0.3772972972972973,0.6059027777777778
hed_watershed,deep_edge,4130-steel,4130 Steel,Steel,4130 x 10 (20).jpg,0.2785780164930556,0.35780359911502885,0.5571560329861112
hed_watershed,deep_edge,4130-steel,4130 Steel,Steel,4130 x 10 (3).jpg,0.32386700139943425,0.4419959310306381,0.5740017361111112
hed_watershed,deep_edge,4130-steel,4130 Steel,Steel,4130 x 10 (4).jpg,0.32620473514424475,0.44347321899990655,0.5790201822916666
hed_watershed,deep_edge,4130-steel,4130 Steel,Steel,4130 x 10 (5).jpg,0.2886827256944444,0.3660315058127537,0.5773654513888888
hed_watershed,deep_edge,4130-steel,4130 Steel,Steel,4130 x 10 (6).jpg,0.2800564236111111,0.3590207261093337,0.5601128472222222
hed_watershed,deep_edge,4130-steel,4130 Steel,Steel,4130 x 10 (7).jpg,0.2706570095486111,0.3512029426776254,0.5413140190972222
hed_watershed,deep_edge,4130-steel,4130 Steel,Steel,4130 x 10 (8).jpg,0.25341796875,0.33635774465327284,0.5068359375
hed_watershed,deep_edge,4130-steel,4130 Steel,Steel,4130 x 10 (9).jpg,0.2702772352430556,0.35088306245707945,0.5405544704861112
hed_watershed,deep_edge,4130-steel,4130 Steel,Steel,4130 x 20 (1).jpg,0.3917018749649217,0.4863793597571849,0.7119140625
hed_watershed,deep_edge,4130-steel,4130 Steel,Steel,4130 x 20 (10).jpg,0.29265466831690834,0.41995625508087153,0.5094129774305556
hed_watershed,deep_edge,4130-steel,4130 Steel,Steel,4130 x 20 (11).jpg,0.282524030338591,0.4012766252261276,0.5062120225694444
hed_watershed,deep_edge,4130-steel,4130 Steel,Steel,4130 x 20 (12).jpg,0.2799064948744831,0.3997877903334883,0.5000271267361112
hed_watershed,deep_edge,4130-steel,4130 Steel,Steel,4130 x 20 (13).jpg,0.28517309858106366,0.4027486603742546,0.5125054253472222
hed_watershed,deep_edge,4130-steel,4130 Steel,Steel,4130 x 20 (14).jpg,0.2872075300438303,0.4054359823137999,0.514892578125
hed_watershed,deep_edge,4130-steel,4130 Steel,Steel,4130 x 20 (15).jpg,0.2937432542254786,0.4183254354417395,0.5155978732638888
hed_watershed,deep_edge,4130-steel,4130 Steel,Steel,4130 x 20 (16).jpg,0.30341929975074183,0.4268769345245692,0.5330946180555556
hed_watershed,deep_edge,4130-steel,4130 Steel,Steel,4130 x 20 (17).jpg,0.29729115152116653,0.41908344566363787,0.52587890625
hed_watershed,deep_edge,4130-steel,4130 Steel,Steel,4130 x 20 (18).jpg,0.30187306178229645,0.41772033239017975,0.5428059895833334
hed_watershed,deep_edge,4130-steel,4130 Steel,Steel,4130 x 20 (19).jpg,0.30564362954438734,0.42298890979954296,0.5465223524305556
hed_watershed,deep_edge,4130-steel,4130 Steel,Steel,4130 x 20 (2).jpg,0.4092663670468313,0.507807713188243,0.7291666666666666
hed_watershed,deep_edge,4130-steel,4130 Steel,Steel,4130 x 20 (20).jpg,0.31413570576116046,0.43432674487875667,0.5554470486111112
hed_watershed,deep_edge,4130-steel,4130 Steel,Steel,4130 x 20 (3).jpg,0.37144081131047385,0.46667305435369655,0.6823187934027778
hed_watershed,deep_edge,4130-steel,4130 Steel,Steel,4130 x 20 (4).jpg,0.4364568427770249,0.5295548131945271,0.7737630208333334
hed_watershed,deep_edge,4130-steel,4130 Steel,Steel,4130 x 20 (5).jpg,0.30554329272751646,0.4304657428359093,0.5340983072916666
hed_watershed,deep_edge,4130-steel,4130 Steel,Steel,4130 x 20 (6).jpg,0.30442335587520886,0.42989392616437094,0.5314127604166666
hed_watershed,deep_edge,4130-steel,4130 Steel,Steel,4130 x 20 (7).jpg,0.29005532127755185,0.41449798253985626,0.509765625
hed_watershed,deep_edge,4130-steel,4130 Steel,Steel,4130 x 20 (8).jpg,0.2980102970368104,0.419044337958178,0.5282660590277778
hed_watershed,deep_edge,4130-steel,4130 Steel,Steel,4130 x 20 (9).jpg,0.28954664930266677,0.4100754042082432,0.5151638454861112
hed_watershed,deep_edge,418-17-4ph-x20,418 Printed 17-4 PH Steel,Steel,x20 (1).jpg,0.30195967937002977,0.40168402072461495,0.5677625868055556
hed_watershed,deep_edge,418-17-4ph-x20,418 Printed 17-4 PH Steel,Steel,x20 (10).jpg,0.3543158637152778,0.4147363741724483,0.7086317274305556
hed_watershed,deep_edge,418-17-4ph-x20,418 Printed 17-4 PH Steel,Steel,x20 (11).jpg,0.4767388237847222,0.48809242775609957,0.9534776475694444
hed_watershed,deep_edge,418-17-4ph-x20,418 Printed 17-4 PH Steel,Steel,x20 (12).jpg,0.477294921875,0.4883837122158381,0.95458984375
hed_watershed,deep_edge,418-17-4ph-x20,418 Printed 17-4 PH Steel,Steel,x20 (13).jpg,0.4856635199652778,0.4927274979015013,0.9713270399305556
hed_watershed,deep_edge,418-17-4ph-x20,418 Printed 17-4 PH Steel,Steel,x20 (14).jpg,0.4861382378472222,0.49297169422055953,0.9722764756944444
hed_watershed,deep_edge,418-17-4ph-x20,418 Printed 17-4 PH Steel,Steel,x20 (15).jpg,0.4852837456597222,0.4925319714218851,0.9705674913194444
hed_watershed,deep_edge,418-17-4ph-x20,418 Printed 17-4 PH Steel,Steel,x20 (16).jpg,0.4788682725694444,0.48920604129139533,0.9577365451388888
hed_watershed,deep_edge,418-17-4ph-x20,418 Printed 17-4 PH Steel,Steel,x20 (17).jpg,0.4843885633680556,0.49207049065130826,0.9687771267361112
hed_watershed,deep_edge,418-17-4ph-x20,418 Printed 17-4 PH Steel,Steel,x20 (18).jpg,0.4806043836805556,0.4901103764972752,0.9612087673611112
hed_watershed,deep_edge,418-17-4ph-x20,418 Printed 17-4 PH Steel,Steel,x20 (19).jpg,0.4856228298611111,0.49270655584301204,0.9712456597222222
hed_watershed,deep_edge,418-17-4ph-x20,418 Printed 17-4 PH Steel,Steel,x20 (2).jpg,0.364868838809136,0.4546656334647391,0.6813422309027778
hed_watershed,deep_edge,418-17-4ph-x20,418 Printed 17-4 PH Steel,Steel,x20 (20).jpg,0.2566460503472222,0.33918904384612625,0.5132921006944444
hed_watershed,deep_edge,418-17-4ph-x20,418 Printed 17-4 PH Steel,Steel,x20 (21).jpg,0.2841661241319444,0.3623800051889648,0.5683322482638888
hed_watershed,deep_edge,418-17-4ph-x20,418 Printed 17-4 PH Steel,Steel,x20 (3).jpg,0.39385442659312114,0.47905382973489175,0.7303602430555556
hed_watershed,deep_edge,418-17-4ph-x20,418 Printed 17-4 PH Steel,Steel,x20 (4).jpg,0.38740362989542854,0.4639911101449644,0.7347005208333334
hed_watershed,deep_edge,418-17-4ph-x20,418 Printed 17-4 PH Steel,Steel,x20 (5).jpg,0.37715479231684773,0.457232953715123,0.7144639756944444
hed_watershed,deep_edge,418-17-4ph-x20,418 Printed 17-4 PH Steel,Steel,x20 (6).jpg,0.30326429163214585,0.40010740264601063,0.57421875
hed_watershed,deep_edge,418-17-4ph-x20,418 Printed 17-4 PH Steel,Steel,x20 (7).jpg,0.2943802713756821,0.4105671825359333,0.5300021701388888
hed_watershed,deep_edge,418-17-4ph-x20,418 Printed 17-4 PH Steel,Steel,x20 (8).jpg,0.36330612633342574,0.4441102368346532,0.6928439670138888
hed_watershed,deep_edge,418-17-4ph-x20,418 Printed 17-4 PH Steel,Steel,x20 (9).jpg,0.2633327907986111,0.344977700385579,0.5266655815972222
hed_watershed,deep_edge,418-17-4ph-x5,418 Printed 17-4 PH Steel,Steel,x5 (1).jpg,0.4767795138888889,0.48811375249944455,0.9535590277777778
hed_watershed,deep_edge,418-17-4ph-x5,418 Printed 17-4 PH Steel,Steel,x5 (10).jpg,0.4815402560763889,0.49059654262301877,0.9630805121527778
hed_watershed,deep_edge,418-17-4ph-x5,418 Printed 17-4 PH Steel,Steel,x5 (11).jpg,0.4781087239583333,0.4888093851401947,0.9562174479166666
hed_watershed,deep_edge,418-17-4ph-x5,418 Printed 17-4 PH Steel,Steel,x5 (12).jpg,0.4793972439236111,0.48948192053622125,0.9587944878472222
hed_watershed,deep_edge,418-17-4ph-x5,418 Printed 17-4 PH Steel,Steel,x5 (13).jpg,0.4840223524305556,0.491881461061337,0.9680447048611112
hed_watershed,deep_edge,418-17-4ph-x5,418 Printed 17-4 PH Steel,Steel,x5 (14).jpg,0.4811876085069444,0.49041345848135914,0.9623752170138888
hed_watershed,deep_edge,418-17-4ph-x5,418 Printed 17-4 PH Steel,Steel,x5 (15).jpg,0.4541965060763889,0.4759989197026339,0.9083930121527778
hed_watershed,deep_edge,418-17-4ph-x5,418 Printed 17-4 PH Steel,Steel,x5 (16).jpg,0.4573160807291667,0.47770646491265356,0.9146321614583334
hed_watershed,deep_edge,418-17-4ph-x5,418 Printed 17-4 PH Steel,Steel,x5 (17).jpg,0.4360215928819444,0.46582428888148264,0.8720431857638888
hed_watershed,deep_edge,418-17-4ph-x5,418 Printed 17-4 PH Steel,Steel,x5 (18).jpg,0.4769694010416667,0.4882132444814661,0.9539388020833334
hed_watershed,deep_edge,418-17-4ph-x5,418 Printed 17-4 PH Steel,Steel,x5 (19).jpg,0.4780680338541667,0.4887881183175937,0.9561360677083334
hed_watershed,deep_edge,418-17-4ph-x5,418 Printed 17-4 PH Steel,Steel,x5 (2).jpg,0.47216796875,0.48568558513309895,0.9443359375
hed_watershed,deep_edge,418-17-4ph-x5,418 Printed 17-4 PH Steel,Steel,x5 (20).jpg,0.4776882595486111,0.48858954261060167,0.9553765190972222
hed_watershed,deep_edge,418-17-4ph-x5,418 Printed 17-4 PH Steel,Steel,x5 (21).jpg,0.4806043836805556,0.4901103764972752,0.9612087673611112
hed_watershed,deep_edge,418-17-4ph-x5,418 Printed 17-4 PH Steel,Steel,x5 (22).jpg,0.4755181206597222,0.48745185823728154,0.9510362413194444
hed_watershed,deep_edge,418-17-4ph-x5,418 Printed 17-4 PH Steel,Steel,x5 (23).jpg,0.4789767795138889,0.4892626562110338,0.9579535590277778
hed_watershed,deep_edge,418-17-4ph-x5,418 Printed 17-4 PH Steel,Steel,x5 (24).jpg,0.4782850477430556,0.4889015209283625,0.9565700954861112
hed_watershed,deep_edge,418-17-4ph-x5,418 Printed 17-4 PH Steel,Steel,x5 (25).jpg,0.4788953993055556,0.4892201961979715,0.9577907986111112
hed_watershed,deep_edge,418-17-4ph-x5,418 Printed 17-4 PH Steel,Steel,x5 (3).jpg,0.4826388888888889,0.4911660777385159,0.9652777777777778
hed_watershed,deep_edge,418-17-4ph-x5,418 Printed 17-4 PH Steel,Steel,x5 (4).jpg,0.4733344184027778,0.4863019425322594,0.9466688368055556
hed_watershed,deep_edge,418-17-4ph-x5,418 Printed 17-4 PH Steel,Steel,x5 (5).jpg,0.4431423611111111,0.4698573400828348,0.8862847222222222
hed_watershed,deep_edge,418-17-4ph-x5,418 Printed 17-4 PH Steel,Steel,x5 (6).jpg,0.4691975911458333,0.4841093244888534,0.9383951822916666
hed_watershed,deep_edge,418-17-4ph-x5,418 Printed 17-4 PH Steel,Steel,x5 (7).jpg,0.477294921875,0.4883837122158381,0.95458984375
hed_watershed,deep_edge,418-17-4ph-x5,418 Printed 17-4 PH Steel,Steel,x5 (8).jpg,0.4826253255208333,0.49115905420514305,0.9652506510416666
hed_watershed,deep_edge,418-17-4ph-x5,418 Printed 17-4 PH Steel,Steel,x5 (9).jpg,0.4804009331597222,0.4900045653888189,0.9608018663194444
hed_watershed,deep_edge,5884-armor-steel,5884 Armor Steel,Steel,5884 x 10 (1).jpg,0.2670084635416667,0.3481167108753316,0.5340169270833334
hed_watershed,deep_edge,5884-armor-steel,5884 Armor Steel,Steel,5884 x 10 (2).jpg,0.2534315321180556,0.3363696916236116,0.5068630642361112
hed_watershed,deep_edge,5884-armor-steel,5884 Armor Steel,Steel,5884 x 10 (3).jpg,0.3368733723958333,0.40253804638498564,0.6737467447916666
hed_watershed,deep_edge,5884-armor-steel,5884 Armor Steel,Steel,5884 x 10 (4).jpg,0.3009847005208333,0.37576835153670307,0.6019694010416666
hed_watershed,deep_edge,5884-armor-steel,5884 Armor Steel,Steel,5884 x 10 (5).jpg,0.3103841145833333,0.3830086362723438,0.6207682291666666
hed_watershed,deep_edge,5884-armor-steel,5884 Armor Steel,Steel,5884 x 10 (6).jpg,0.3209635416666667,0.3909595559080095,0.6419270833333334
hed_watershed,deep_edge,5884-armor-steel,5884 Armor Steel,Steel,5884 x 20 (1).jpg,0.4062364366319444,0.4482676045798099,0.8124728732638888
hed_watershed,deep_edge,5884-armor-steel,5884 Armor Steel,Steel,5884 x 20 (2).jpg,0.3963894314236111,0.44220672123954063,0.7927788628472222
hed_watershed,deep_edge,5884-armor-steel,5884 Armor Steel,Steel,5884 x 20 (3).jpg,0.26611328125,0.34735500318674317,0.5322265625
hed_watershed,deep_edge,5884-armor-steel,5884 Armor Steel,Steel,5884 x 20 (4).jpg,0.3615858289930556,0.4196747634714985,0.7231716579861112
hed_watershed,deep_edge,5884-armor-steel,5884 Armor Steel,Steel,5884 x 20 (5).jpg,0.3283827039930556,0.39641424478100695,0.6567654079861112
hed_watershed,deep_edge,5884-armor-steel,5884 Armor Steel,Steel,5884 x 20 (6).jpg,0.3279351128472222,0.3960879394515252,0.6558702256944444
hed_watershed,deep_edge,5884-armor-steel,5884 Armor Steel,Steel,5884 x 5 (1).jpg,0.2884792751736111,0.3658679235546075,0.5769585503472222
hed_watershed,deep_edge,5884-armor-steel,5884 Armor Steel,Steel,5884 x 5 (2).jpg,0.2678629557291667,0.3488421387313868,0.5357259114583334
hed_watershed,deep_edge,5884-armor-steel,5884 Armor Steel,Steel,5884 x 5 (3).jpg,0.2854139539930556,0.36339302674978846,0.5708279079861112
hed_watershed,deep_edge,5884-armor-steel,5884 Armor Steel,Steel,5884 x 5 (4).jpg,0.2619357638888889,0.3437767017943606,0.5238715277777778
hed_watershed,deep_edge,5884-armor-steel,5884 Armor Steel,Steel,5884 x 5 (5).jpg,0.3179389105902778,0.38870740402951665,0.6358778211805556
hed_watershed,deep_edge,5884-armor-steel,5884 Armor Steel,Steel,5884 x 50 (1).jpg,0.2805718315972222,0.35944396177237187,0.5611436631944444
hed_watershed,deep_edge,5884-armor-steel,5884 Armor Steel,Steel,5884 x 50 (2).jpg,0.3332112630208333,0.3999120964985105,0.6664225260416666
hed_watershed,deep_edge,5884-armor-steel,5884 Armor Steel,Steel,5884 x 50 (3).jpg,0.2572428385416667,0.3397098334228909,0.5144856770833334
hed_watershed,deep_edge,5884-armor-steel,5884 Armor Steel,Steel,5884 x 50 (4).jpg,0.2947184244791667,0.37084634683323947,0.5894368489583334
hed_watershed,deep_edge,6280-cast-iron-high,6280 Gray Cast Iron,Cast Iron,6280 x 20 (1).jpg,0.3998941754018762,0.481808948029741,0.7440592447916666
hed_watershed,deep_edge,6280-cast-iron-high,6280 Gray Cast Iron,Cast Iron,6280 x 20 (10).jpg,0.3916771633518853,0.4685805734670998,0.7403428819444444
hed_watershed,deep_edge,6280-cast-iron-high,6280 Gray Cast Iron,Cast Iron,6280 x 20 (2).jpg,0.40289544471544386,0.4877321836224398,0.7435167100694444
hed_watershed,deep_edge,6280-cast-iron-high,6280 Gray Cast Iron,Cast Iron,6280 x 20 (3).jpg,0.4051170662518278,0.4919560573283476,0.7432996961805556
hed_watershed,deep_edge,6280-cast-iron-high,6280 Gray Cast Iron,Cast Iron,6280 x 20 (4).jpg,0.39294823744863266,0.47129675911638,0.7399088541666666
hed_watershed,deep_edge,6280-cast-iron-high,6280 Gray Cast Iron,Cast Iron,6280 x 20 (5).jpg,0.3914010791393188,0.46762796622802855,0.7409939236111112
hed_watershed,deep_edge,6280-cast-iron-high,6280 Gray Cast Iron,Cast Iron,6280 x 20 (6).jpg,0.393197642484831,0.47229412666400067,0.7390950520833334
hed_watershed,deep_edge,6280-cast-iron-high,6280 Gray Cast Iron,Cast Iron,6280 x 20 (7).jpg,0.3925061093532442,0.4777252571130586,0.7284342447916666
hed_watershed,deep_edge,6280-cast-iron-high,6280 Gray Cast Iron,Cast Iron,6280 x 20 (8).jpg,0.401890930137761,0.48448876991360035,0.7457411024305556
hed_watershed,deep_edge,6280-cast-iron-high,6280 Gray Cast Iron,Cast Iron,6280 x 20 (9).jpg,0.3961438886957794,0.4714071524551068,0.7492404513888888
hed_watershed,deep_edge,6280-cast-iron-low,6280 Gray Cast Iron,Cast Iron,6280 x 10 (1).jpg,0.1536820023148148,0.21037257086273053,0.4610460069444444
hed_watershed,deep_edge,6280-cast-iron-low,6280 Gray Cast Iron,Cast Iron,6280 x 10 (10).jpg,0.16738100405092593,0.22285628291948834,0.5021430121527778
hed_watershed,deep_edge,6280-cast-iron-low,6280 Gray Cast Iron,Cast Iron,6280 x 10 (11).jpg,0.1653464988425926,0.22104563312178904,0.4960394965277778
hed_watershed,deep_edge,6280-cast-iron-low,6280 Gray Cast Iron,Cast Iron,6280 x 10 (2).jpg,0.15400752314814814,0.21067735391618425,0.4620225694444444
hed_watershed,deep_edge,6280-cast-iron-low,6280 Gray Cast Iron,Cast Iron,6280 x 10 (3).jpg,0.16553638599537038,0.22121525197416517,0.4966091579861111
hed_watershed,deep_edge,6280-cast-iron-low,6280 Gray Cast Iron,Cast Iron,6280 x 10 (4).jpg,0.15367296006944445,0.21036409885070276,0.4610188802083333
hed_watershed,deep_edge,6280-cast-iron-low,6280 Gray Cast Iron,Cast Iron,6280 x 10 (5).jpg,0.1499927662037037,0.20688967048317494,0.4499782986111111
hed_watershed,deep_edge,6280-cast-iron-low,6280 Gray Cast Iron,Cast Iron,6280 x 10 (6).jpg,0.15204535590277776,0.2088339946720319,0.4561360677083333
hed_watershed,deep_edge,6280-cast-iron-low,6280 Gray Cast Iron,Cast Iron,6280 x 10 (7).jpg,0.14869068287037038,0.2056476826492584,0.4460720486111111
hed_watershed,deep_edge,6280-cast-iron-low,6280 Gray Cast Iron,Cast Iron,6280 x 10 (8).jpg,0.15434208622685186,0.21099017917292442,0.4630262586805556
hed_watershed,deep_edge,6280-cast-iron-low,6280 Gray Cast Iron,Cast Iron,6280 x 10 (9).jpg,0.14686414930555555,0.2038940985952623,0.4405924479166667
pidi_watershed,deep_edge,4130-steel,4130 Steel,Steel,4130 x 10 (1).jpg,0.2877332899305556,0.3652673990151176,0.5754665798611112
pidi_watershed,deep_edge,4130-steel,4130 Steel,Steel,4130 x 10 (10).jpg,0.2502034505208333,0.33351412919672396,0.5004069010416666
pidi_watershed,deep_edge,4130-steel,4130 Steel,Steel,4130 x 10 (11).jpg,0.2612847222222222,0.34321550741163054,0.5225694444444444
pidi_watershed,deep_edge,4130-steel,4130 Steel,Steel,4130 x 10 (12).jpg,0.2595350477430556,0.3417025304023286,0.5190700954861112
pidi_watershed,deep_edge,4130-steel,4130 Steel,Steel,4130 x 10 (13).jpg,0.2541097005208333,0.33696649220309716,0.5082194010416666
pidi_watershed,deep_edge,4130-steel,4130 Steel,Steel,4130 x 10 (14).jpg,0.2752414279513889,0.3550396276921462,0.5504828559027778
pidi_watershed,deep_edge,4130-steel,4130 Steel,Steel,4130 x 10 (15).jpg,0.2611626519097222,0.34311017658903403,0.5223253038194444
pidi_watershed,deep_edge,4130-steel,4130 Steel,Steel,4130 x 10 (16).jpg,0.2560628255208333,0.33867929605511005,0.5121256510416666
pidi_watershed,deep_edge,4130-steel,4130 Steel,Steel,4130 x 10 (17).jpg,0.2760687934027778,0.35572721870739976,0.5521375868055556
pidi_watershed,deep_edge,4130-steel,4130 Steel,Steel,4130 x 10 (18).jpg,0.2563205295138889,0.3389046303934579,0.5126410590277778
pidi_watershed,deep_edge,4130-steel,4130 Steel,Steel,4130 x 10 (19).jpg,0.2656385633680556,0.3469503445588053,0.5312771267361112
pidi_watershed,deep_edge,4130-steel,4130 Steel,Steel,4130 x 10 (2).jpg,0.3029513888888889,0.3772972972972973,0.6059027777777778
pidi_watershed,deep_edge,4130-steel,4130 Steel,Steel,4130 x 10 (20).jpg,0.2785780164930556,0.35780359911502885,0.5571560329861112
pidi_watershed,deep_edge,4130-steel,4130 Steel,Steel,4130 x 10 (3).jpg,0.2954237196180556,0.3714042117827607,0.5908474392361112
pidi_watershed,deep_edge,4130-steel,4130 Steel,Steel,4130 x 10 (4).jpg,0.2983262803819444,0.3736896651319255,0.5966525607638888
pidi_watershed,deep_edge,4130-steel,4130 Steel,Steel,4130 x 10 (5).jpg,0.2886827256944444,0.3660315058127537,0.5773654513888888
pidi_watershed,deep_edge,4130-steel,4130 Steel,Steel,4130 x 10 (6).jpg,0.2800564236111111,0.3590207261093337,0.5601128472222222
pidi_watershed,deep_edge,4130-steel,4130 Steel,Steel,4130 x 10 (7).jpg,0.2706570095486111,0.3512029426776254,0.5413140190972222
pidi_watershed,deep_edge,4130-steel,4130 Steel,Steel,4130 x 10 (8).jpg,0.25341796875,0.33635774465327284,0.5068359375
pidi_watershed,deep_edge,4130-steel,4130 Steel,Steel,4130 x 10 (9).jpg,0.2702772352430556,0.35088306245707945,0.5405544704861112
pidi_watershed,deep_edge,4130-steel,4130 Steel,Steel,4130 x 20 (1).jpg,0.3855523003472222,0.435380609587992,0.7711046006944444
pidi_watershed,deep_edge,4130-steel,4130 Steel,Steel,4130 x 20 (10).jpg,0.2511121961805556,0.3343204882805446,0.5022243923611112
pidi_watershed,deep_edge,4130-steel,4130 Steel,Steel,4130 x 20 (11).jpg,0.2655164930555556,0.34684620836286323,0.5310329861111112
pidi_watershed,deep_edge,4130-steel,4130 Steel,Steel,4130 x 20 (12).jpg,0.2583414713541667,0.3406664162687128,0.5166829427083334
pidi_watershed,deep_edge,4130-steel,4130 Steel,Steel,4130 x 20 (13).jpg,0.266845703125,0.34797835084368034,0.53369140625
pidi_watershed,deep_edge,4130-steel,4130 Steel,Steel,4130 x 20 (14).jpg,0.2669813368055556,0.34809365494800876,0.5339626736111112
pidi_watershed,deep_edge,4130-steel,4130 Steel,Steel,4130 x 20 (15).jpg,0.2558051215277778,0.33845380805398034,0.5116102430555556
pidi_watershed,deep_edge,4130-steel,4130 Steel,Steel,4130 x 20 (16).jpg,0.2719184027777778,0.3522631430981164,0.5438368055555556
pidi_watershed,deep_edge,4130-steel,4130 Steel,Steel,4130 x 20 (17).jpg,0.2719319661458333,0.3522745242738917,0.5438639322916666
pidi_watershed,deep_edge,4130-steel,4130 Steel,Steel,4130 x 20 (18).jpg,0.2883707682291667,0.36578064516129033,0.5767415364583334
pidi_watershed,deep_edge,4130-steel,4130 Steel,Steel,4130 x 20 (19).jpg,0.2846408420138889,0.3627657735522904,0.5692816840277778
pidi_watershed,deep_edge,4130-steel,4130 Steel,Steel,4130 x 20 (2).jpg,0.3873833550347222,0.4365456629728697,0.7747667100694444
pidi_watershed,deep_edge,4130-steel,4130 Steel,Steel,4130 x 20 (20).jpg,0.2837049696180556,0.3620048112701407,0.5674099392361112
pidi_watershed,deep_edge,4130-steel,4130 Steel,Steel,4130 x 20 (3).jpg,0.3684624565972222,0.4242698734967984,0.7369249131944444
pidi_watershed,deep_edge,4130-steel,4130 Steel,Steel,4130 x 20 (4).jpg,0.4117838541666667,0.4516244198500535,0.8235677083333334
pidi_watershed,deep_edge,4130-steel,4130 Steel,Steel,4130 x 20 (5).jpg,0.2686631944444444,0.3495200451722191,0.5373263888888888
pidi_watershed,deep_edge,4130-steel,4130 Steel,Steel,4130 x 20 (6).jpg,0.2639973958333333,0.34554750745632723,0.5279947916666666
pidi_watershed,deep_edge,4130-steel,4130 Steel,Steel,4130 x 20 (7).jpg,0.2574598524305556,0.3398990079862479,0.5149197048611112
pidi_watershed,deep_edge,4130-steel,4130 Steel,Steel,4130 x 20 (8).jpg,0.2680392795138889,0.34899162928690003,0.5360785590277778
pidi_watershed,deep_edge,4130-steel,4130 Steel,Steel,4130 x 20 (9).jpg,0.2637396918402778,0.3453266795716493,0.5274793836805556
pidi_watershed,deep_edge,418-17-4ph-x20,418 Printed 17-4 PH Steel,Steel,x20 (1).jpg,0.3137613932291667,0.3855692784639232,0.6275227864583334
pidi_watershed,deep_edge,418-17-4ph-x20,418 Printed 17-4 PH Steel,Steel,x20 (10).jpg,0.3543158637152778,0.4147363741724483,0.7086317274305556
pidi_watershed,deep_edge,418-17-4ph-x20,418 Printed 17-4 PH Steel,Steel,x20 (11).jpg,0.4767388237847222,0.48809242775609957,0.9534776475694444
pidi_watershed,deep_edge,418-17-4ph-x20,418 Printed 17-4 PH Steel,Steel,x20 (12).jpg,0.477294921875,0.4883837122158381,0.95458984375
pidi_watershed,deep_edge,418-17-4ph-x20,418 Printed 17-4 PH Steel,Steel,x20 (13).jpg,0.4856635199652778,0.4927274979015013,0.9713270399305556
pidi_watershed,deep_edge,418-17-4ph-x20,418 Printed 17-4 PH Steel,Steel,x20 (14).jpg,0.4861382378472222,0.49297169422055953,0.9722764756944444
pidi_watershed,deep_edge,418-17-4ph-x20,418 Printed 17-4 PH Steel,Steel,x20 (15).jpg,0.4852837456597222,0.4925319714218851,0.9705674913194444
pidi_watershed,deep_edge,418-17-4ph-x20,418 Printed 17-4 PH Steel,Steel,x20 (16).jpg,0.4788682725694444,0.48920604129139533,0.9577365451388888
pidi_watershed,deep_edge,418-17-4ph-x20,418 Printed 17-4 PH Steel,Steel,x20 (17).jpg,0.4843885633680556,0.49207049065130826,0.9687771267361112
pidi_watershed,deep_edge,418-17-4ph-x20,418 Printed 17-4 PH Steel,Steel,x20 (18).jpg,0.4806043836805556,0.4901103764972752,0.9612087673611112
pidi_watershed,deep_edge,418-17-4ph-x20,418 Printed 17-4 PH Steel,Steel,x20 (19).jpg,0.4856228298611111,0.49270655584301204,0.9712456597222222
pidi_watershed,deep_edge,418-17-4ph-x20,418 Printed 17-4 PH Steel,Steel,x20 (2).jpg,0.3723687065972222,0.4268478497465717,0.7447374131944444
pidi_watershed,deep_edge,418-17-4ph-x20,418 Printed 17-4 PH Steel,Steel,x20 (20).jpg,0.2566460503472222,0.33918904384612625,0.5132921006944444
pidi_watershed,deep_edge,418-17-4ph-x20,418 Printed 17-4 PH Steel,Steel,x20 (21).jpg,0.2841661241319444,0.3623800051889648,0.5683322482638888
pidi_watershed,deep_edge,418-17-4ph-x20,418 Printed 17-4 PH Steel,Steel,x20 (3).jpg,0.3973253038194444,0.44278847607243266,0.7946506076388888
pidi_watershed,deep_edge,418-17-4ph-x20,418 Printed 17-4 PH Steel,Steel,x20 (4).jpg,0.4062771267361111,0.4482923763057859,0.8125542534722222
pidi_watershed,deep_edge,418-17-4ph-x20,418 Printed 17-4 PH Steel,Steel,x20 (5).jpg,0.3954399956597222,0.4416152925672912,0.7908799913194444
pidi_watershed,deep_edge,418-17-4ph-x20,418 Printed 17-4 PH Steel,Steel,x20 (6).jpg,0.3197835286458333,0.3900828907529657,0.6395670572916666
pidi_watershed,deep_edge,418-17-4ph-x20,418 Printed 17-4 PH Steel,Steel,x20 (7).jpg,0.2758382161458333,0.3555357423821262,0.5516764322916666
pidi_watershed,deep_edge,418-17-4ph-x20,418 Printed 17-4 PH Steel,Steel,x20 (8).jpg,0.3856743706597222,0.4354584296849875,0.7713487413194444
pidi_watershed,deep_edge,418-17-4ph-x20,418 Printed 17-4 PH Steel,Steel,x20 (9).jpg,0.2633327907986111,0.344977700385579,0.5266655815972222
pidi_watershed,deep_edge,418-17-4ph-x5,418 Printed 17-4 PH Steel,Steel,x5 (1).jpg,0.4767795138888889,0.48811375249944455,0.9535590277777778
pidi_watershed,deep_edge,418-17-4ph-x5,418 Printed 17-4 PH Steel,Steel,x5 (10).jpg,0.4815402560763889,0.49059654262301877,0.9630805121527778
pidi_watershed,deep_edge,418-17-4ph-x5,418 Printed 17-4 PH Steel,Steel,x5 (11).jpg,0.4781087239583333,0.4888093851401947,0.9562174479166666
pidi_watershed,deep_edge,418-17-4ph-x5,418 Printed 17-4 PH Steel,Steel,x5 (12).jpg,0.4793972439236111,0.48948192053622125,0.9587944878472222
pidi_watershed,deep_edge,418-17-4ph-x5,418 Printed 17-4 PH Steel,Steel,x5 (13).jpg,0.4840223524305556,0.491881461061337,0.9680447048611112
pidi_watershed,deep_edge,418-17-4ph-x5,418 Printed 17-4 PH Steel,Steel,x5 (14).jpg,0.4811876085069444,0.49041345848135914,0.9623752170138888
pidi_watershed,deep_edge,418-17-4ph-x5,418 Printed 17-4 PH Steel,Steel,x5 (15).jpg,0.4541965060763889,0.4759989197026339,0.9083930121527778
pidi_watershed,deep_edge,418-17-4ph-x5,418 Printed 17-4 PH Steel,Steel,x5 (16).jpg,0.4573160807291667,0.47770646491265356,0.9146321614583334
pidi_watershed,deep_edge,418-17-4ph-x5,418 Printed 17-4 PH Steel,Steel,x5 (17).jpg,0.4360215928819444,0.46582428888148264,0.8720431857638888
pidi_watershed,deep_edge,418-17-4ph-x5,418 Printed 17-4 PH Steel,Steel,x5 (18).jpg,0.4769694010416667,0.4882132444814661,0.9539388020833334
pidi_watershed,deep_edge,418-17-4ph-x5,418 Printed 17-4 PH Steel,Steel,x5 (19).jpg,0.4780680338541667,0.4887881183175937,0.9561360677083334
pidi_watershed,deep_edge,418-17-4ph-x5,418 Printed 17-4 PH Steel,Steel,x5 (2).jpg,0.47216796875,0.48568558513309895,0.9443359375
pidi_watershed,deep_edge,418-17-4ph-x5,418 Printed 17-4 PH Steel,Steel,x5 (20).jpg,0.4776882595486111,0.48858954261060167,0.9553765190972222
pidi_watershed,deep_edge,418-17-4ph-x5,418 Printed 17-4 PH Steel,Steel,x5 (21).jpg,0.4806043836805556,0.4901103764972752,0.9612087673611112
pidi_watershed,deep_edge,418-17-4ph-x5,418 Printed 17-4 PH Steel,Steel,x5 (22).jpg,0.4755181206597222,0.48745185823728154,0.9510362413194444
pidi_watershed,deep_edge,418-17-4ph-x5,418 Printed 17-4 PH Steel,Steel,x5 (23).jpg,0.4789767795138889,0.4892626562110338,0.9579535590277778
pidi_watershed,deep_edge,418-17-4ph-x5,418 Printed 17-4 PH Steel,Steel,x5 (24).jpg,0.4782850477430556,0.4889015209283625,0.9565700954861112
pidi_watershed,deep_edge,418-17-4ph-x5,418 Printed 17-4 PH Steel,Steel,x5 (25).jpg,0.4788953993055556,0.4892201961979715,0.9577907986111112
pidi_watershed,deep_edge,418-17-4ph-x5,418 Printed 17-4 PH Steel,Steel,x5 (3).jpg,0.4826388888888889,0.4911660777385159,0.9652777777777778
pidi_watershed,deep_edge,418-17-4ph-x5,418 Printed 17-4 PH Steel,Steel,x5 (4).jpg,0.4733344184027778,0.4863019425322594,0.9466688368055556
pidi_watershed,deep_edge,418-17-4ph-x5,418 Printed 17-4 PH Steel,Steel,x5 (5).jpg,0.4431423611111111,0.4698573400828348,0.8862847222222222
pidi_watershed,deep_edge,418-17-4ph-x5,418 Printed 17-4 PH Steel,Steel,x5 (6).jpg,0.4691975911458333,0.4841093244888534,0.9383951822916666
pidi_watershed,deep_edge,418-17-4ph-x5,418 Printed 17-4 PH Steel,Steel,x5 (7).jpg,0.477294921875,0.4883837122158381,0.95458984375
pidi_watershed,deep_edge,418-17-4ph-x5,418 Printed 17-4 PH Steel,Steel,x5 (8).jpg,0.4826253255208333,0.49115905420514305,0.9652506510416666
pidi_watershed,deep_edge,418-17-4ph-x5,418 Printed 17-4 PH Steel,Steel,x5 (9).jpg,0.4804009331597222,0.4900045653888189,0.9608018663194444
pidi_watershed,deep_edge,5884-armor-steel,5884 Armor Steel,Steel,5884 x 10 (1).jpg,0.2670084635416667,0.3481167108753316,0.5340169270833334
pidi_watershed,deep_edge,5884-armor-steel,5884 Armor Steel,Steel,5884 x 10 (2).jpg,0.2534315321180556,0.3363696916236116,0.5068630642361112
pidi_watershed,deep_edge,5884-armor-steel,5884 Armor Steel,Steel,5884 x 10 (3).jpg,0.3368733723958333,0.40253804638498564,0.6737467447916666
pidi_watershed,deep_edge,5884-armor-steel,5884 Armor Steel,Steel,5884 x 10 (4).jpg,0.3009847005208333,0.37576835153670307,0.6019694010416666
pidi_watershed,deep_edge,5884-armor-steel,5884 Armor Steel,Steel,5884 x 10 (5).jpg,0.3103841145833333,0.3830086362723438,0.6207682291666666
pidi_watershed,deep_edge,5884-armor-steel,5884 Armor Steel,Steel,5884 x 10 (6).jpg,0.3209635416666667,0.3909595559080095,0.6419270833333334
pidi_watershed,deep_edge,5884-armor-steel,5884 Armor Steel,Steel,5884 x 20 (1).jpg,0.4062364366319444,0.4482676045798099,0.8124728732638888
pidi_watershed,deep_edge,5884-armor-steel,5884 Armor Steel,Steel,5884 x 20 (2).jpg,0.3963894314236111,0.44220672123954063,0.7927788628472222
pidi_watershed,deep_edge,5884-armor-steel,5884 Armor Steel,Steel,5884 x 20 (3).jpg,0.26611328125,0.34735500318674317,0.5322265625
pidi_watershed,deep_edge,5884-armor-steel,5884 Armor Steel,Steel,5884 x 20 (4).jpg,0.3615858289930556,0.4196747634714985,0.7231716579861112
pidi_watershed,deep_edge,5884-armor-steel,5884 Armor Steel,Steel,5884 x 20 (5).jpg,0.3283827039930556,0.39641424478100695,0.6567654079861112
pidi_watershed,deep_edge,5884-armor-steel,5884 Armor Steel,Steel,5884 x 20 (6).jpg,0.3279351128472222,0.3960879394515252,0.6558702256944444
pidi_watershed,deep_edge,5884-armor-steel,5884 Armor Steel,Steel,5884 x 5 (1).jpg,0.2884792751736111,0.3658679235546075,0.5769585503472222
pidi_watershed,deep_edge,5884-armor-steel,5884 Armor Steel,Steel,5884 x 5 (2).jpg,0.2678629557291667,0.3488421387313868,0.5357259114583334
pidi_watershed,deep_edge,5884-armor-steel,5884 Armor Steel,Steel,5884 x 5 (3).jpg,0.2854139539930556,0.36339302674978846,0.5708279079861112
pidi_watershed,deep_edge,5884-armor-steel,5884 Armor Steel,Steel,5884 x 5 (4).jpg,0.2619357638888889,0.3437767017943606,0.5238715277777778
pidi_watershed,deep_edge,5884-armor-steel,5884 Armor Steel,Steel,5884 x 5 (5).jpg,0.3179389105902778,0.38870740402951665,0.6358778211805556
pidi_watershed,deep_edge,5884-armor-steel,5884 Armor Steel,Steel,5884 x 50 (1).jpg,0.2805718315972222,0.35944396177237187,0.5611436631944444
pidi_watershed,deep_edge,5884-armor-steel,5884 Armor Steel,Steel,5884 x 50 (2).jpg,0.3332112630208333,0.3999120964985105,0.6664225260416666
pidi_watershed,deep_edge,5884-armor-steel,5884 Armor Steel,Steel,5884 x 50 (3).jpg,0.2572428385416667,0.3397098334228909,0.5144856770833334
pidi_watershed,deep_edge,5884-armor-steel,5884 Armor Steel,Steel,5884 x 50 (4).jpg,0.2947184244791667,0.37084634683323947,0.5894368489583334
pidi_watershed,deep_edge,6280-cast-iron-high,6280 Gray Cast Iron,Cast Iron,6280 x 20 (1).jpg,0.38668603171215093,0.4617472906985589,0.7360026041666666
pidi_watershed,deep_edge,6280-cast-iron-high,6280 Gray Cast Iron,Cast Iron,6280 x 20 (10).jpg,0.40966796875,0.45034889962426194,0.8193359375
pidi_watershed,deep_edge,6280-cast-iron-high,6280 Gray Cast Iron,Cast Iron,6280 x 20 (2).jpg,0.4044867621527778,0.44720031190954623,0.8089735243055556
pidi_watershed,deep_edge,6280-cast-iron-high,6280 Gray Cast Iron,Cast Iron,6280 x 20 (3).jpg,0.398216422074995,0.4824149485448092,0.7380642361111112
pidi_watershed,deep_edge,6280-cast-iron-high,6280 Gray Cast Iron,Cast Iron,6280 x 20 (4).jpg,0.4075656467013889,0.4490756654162868,0.8151312934027778
pidi_watershed,deep_edge,6280-cast-iron-high,6280 Gray Cast Iron,Cast Iron,6280 x 20 (5).jpg,0.38174684490405675,0.4546438909514463,0.7320963541666666
pidi_watershed,deep_edge,6280-cast-iron-high,6280 Gray Cast Iron,Cast Iron,6280 x 20 (6).jpg,0.4079454210069444,0.4493061053763762,0.8158908420138888
pidi_watershed,deep_edge,6280-cast-iron-high,6280 Gray Cast Iron,Cast Iron,6280 x 20 (7).jpg,0.39531799263646594,0.4772295489423386,0.7376573350694444
pidi_watershed,deep_edge,6280-cast-iron-high,6280 Gray Cast Iron,Cast Iron,6280 x 20 (8).jpg,0.4082166883680556,0.44947058735681966,0.8164333767361112
pidi_watershed,deep_edge,6280-cast-iron-high,6280 Gray Cast Iron,Cast Iron,6280 x 20 (9).jpg,0.3877162814850658,0.4642966868765315,0.7351616753472222
pidi_watershed,deep_edge,6280-cast-iron-low,6280 Gray Cast Iron,Cast Iron,6280 x 10 (1).jpg,0.1536820023148148,0.21037257086273053,0.4610460069444444
pidi_watershed,deep_edge,6280-cast-iron-low,6280 Gray Cast Iron,Cast Iron,6280 x 10 (10).jpg,0.16738100405092593,0.22285628291948834,0.5021430121527778
pidi_watershed,deep_edge,6280-cast-iron-low,6280 Gray Cast Iron,Cast Iron,6280 x 10 (11).jpg,0.1653464988425926,0.22104563312178904,0.4960394965277778
pidi_watershed,deep_edge,6280-cast-iron-low,6280 Gray Cast Iron,Cast Iron,6280 x 10 (2).jpg,0.15400752314814814,0.21067735391618425,0.4620225694444444
pidi_watershed,deep_edge,6280-cast-iron-low,6280 Gray Cast Iron,Cast Iron,6280 x 10 (3).jpg,0.16553638599537038,0.22121525197416517,0.4966091579861111
pidi_watershed,deep_edge,6280-cast-iron-low,6280 Gray Cast Iron,Cast Iron,6280 x 10 (4).jpg,0.15367296006944445,0.21036409885070276,0.4610188802083333
pidi_watershed,deep_edge,6280-cast-iron-low,6280 Gray Cast Iron,Cast Iron,6280 x 10 (5).jpg,0.1499927662037037,0.20688967048317494,0.4499782986111111
pidi_watershed,deep_edge,6280-cast-iron-low,6280 Gray Cast Iron,Cast Iron,6280 x 10 (6).jpg,0.15204535590277776,0.2088339946720319,0.4561360677083333
pidi_watershed,deep_edge,6280-cast-iron-low,6280 Gray Cast Iron,Cast Iron,6280 x 10 (7).jpg,0.14869068287037038,0.2056476826492584,0.4460720486111111
pidi_watershed,deep_edge,6280-cast-iron-low,6280 Gray Cast Iron,Cast Iron,6280 x 10 (8).jpg,0.15434208622685186,0.21099017917292442,0.4630262586805556
pidi_watershed,deep_edge,6280-cast-iron-low,6280 Gray Cast Iron,Cast Iron,6280 x 10 (9).jpg,0.14686414930555555,0.2038940985952623,0.4405924479166667
